regime,qqq_cagr,qqq_dd,纯QQQ_final,持有TQQQ_final,TQQQ+SMA全程_final,组合_final,纯QQQ_dd,持有TQQQ_dd,TQQQ+SMA全程_dd,组合_dd
有大跌/震荡,33.08867813442043,-43.17975954186755,2710592.9367245445,29457258.1431727,14245051.990662308,12399193.599630281,-41.8661937776299,-87.46625161526961,-71.06532631138603,-71.06532631138603
有大跌/震荡,5.936598744020283,-62.41705429297675,755955.529147515,582575.9039897765,1298152.7602493458,790722.5254393925,-49.04995771920851,-92.44216757895639,-72.14560532191885,-72.14560532191885
有大跌/震荡,9.514355122913344,-58.89894781975068,653645.3862620472,342013.51871082257,630675.8164737357,572805.4492775456,-47.895049189264505,-95.17069860789562,-84.77565429503854,-83.04760167867218
有大跌/震荡,9.440892568473537,-50.03495546423158,593365.5889661898,201839.9681913916,252541.1799429995,880365.773840125,-50.03494616856785,-91.54657666910865,-81.32680770899367,-55.16878773707806
有大跌/震荡,7.808317922356545,-47.066816113075745,540150.070709621,280291.8370898913,239267.2288467208,532355.3621968257,-36.85532379867281,-86.89758432032025,-80.4386921015547,-64.51354853786717
有大跌/震荡,8.79780077797092,-47.951964113476045,753491.8389634532,941370.0588456026,692423.6974977917,391099.21366872493,-40.12630339438555,-89.22765085721137,-71.2588081433561,-71.2588081433561
有大跌/震荡,8.175862702692903,-56.85802732588059,920043.2712111411,1196574.2885847962,1688070.1469884708,858103.3980474301,-45.70176418237909,-91.87800509817666,-69.90123615402482,-69.90123615402482
有大跌/震荡,16.343447384933274,-44.76708506434204,1470723.0892118008,3476483.1539186086,5211841.938612206,1649262.9721395455,-37.32050502283456,-81.16872347409577,-70.89420882740156,-70.89420882740156
有大跌/震荡,4.061052889850303,-61.59500089672275,539428.004588146,135372.98347705897,390733.65106296155,708966.8897834192,-61.42854748971509,-97.1716053888452,-76.88946242888566,-64.2238229452473
有大跌/震荡,19.03171554041334,-38.806930452684405,1344353.328917466,4383190.656355445,3339398.1409559837,2018754.745897603,-34.74392726603924,-78.39225655927751,-58.51880997005691,-58.51880997005691
有大跌/震荡,-2.806231786523672,-60.434772270975316,287372.7498089223,18324.451378987113,137884.9576705745,271068.8508463984,-56.79844236783514,-98.38852169200499,-84.63569515351364,-72.84645579776685
有大跌/震荡,7.100997274777976,-49.082386783995545,641616.3549268788,427345.6980587589,1216247.5851628277,1027076.5603495388,-41.88305973247813,-89.22449028911312,-65.92414901944224,-65.92414901944224
有大跌/震荡,12.13462230421225,-46.150317042503254,1005180.2874234039,796525.9580881118,902605.2191740368,1086077.6621881558,-45.996200180197256,-92.35795179345607,-79.60686943662998,-79.60686943662998
有大跌/震荡,1.62992824506345,-72.10761392336637,341565.50801597413,26930.139393734084,162646.9025337542,184144.59336408606,-72.00304268104234,-99.2129980558553,-91.61880136154187,-72.00304268104232
有大跌/震荡,16.491764437217604,-39.87231612350587,1474790.1917297582,4617163.744484172,2439176.8278925014,2810224.827934449,-33.07086604153208,-81.9403119454366,-67.54249152742008,-67.55872028165635
强劲平稳,19.72621546836979,-30.89926149922787,1187895.0433238586,3933135.2903789915,1763739.6204740438,1380661.3642384917,-27.65576850742193,-69.10245752959125,-56.81635687514157,-56.81635687514157
有大跌/震荡,20.749067666246667,-42.916401196386985,1503344.1947249167,3410535.4041664973,3588678.9037536415,3481418.6485114386,-35.61030150003438,-85.27277508490214,-80.42286309165756,-53.35681486667545
有大跌/震荡,-6.835994812441415,-80.54645046534128,138534.7090086745,4809.188770959182,41340.02530360396,109737.72368442533,-68.53657099486871,-99.37657471675463,-93.23198274574588,-83.33416852966529
有大跌/震荡,19.692073119715523,-37.149584672525826,1294348.8219787339,2885444.2387692155,979057.8283690138,832123.9947077747,-32.987529937902025,-78.45050946511857,-76.53036163223908,-76.53036163223908
有大跌/震荡,0.2601473784288766,-62.3989424046046,430187.2485409177,140423.6556226823,255963.131851366,501371.7051278032,-49.36909159091276,-91.49101818543126,-73.07793475086535,-57.39727965377541
有大跌/震荡,12.208738370685811,-43.0466983635986,666681.0782399366,518223.06068977684,496119.1791374546,1893016.1968608652,-42.17088131806204,-89.58785084989212,-83.33108647240147,-51.659506227219495
有大跌/震荡,15.0350884927146,-59.51276142171263,1161755.9942045293,1797919.4521313,3389371.988589811,630908.2799085405,-50.73680662533191,-95.48373057928772,-86.34380483881435,-86.35063293639493
有大跌/震荡,9.75039956334629,-40.79776884539375,691104.0276572409,314497.71391438704,359984.66817260993,642230.5282503911,-39.546591756234115,-87.57189488645103,-71.75389324807244,-59.0741451676031
有大跌/震荡,21.4932918381056,-44.18550256791979,2065369.5475282578,12635362.456547622,11673619.167519392,4746357.386745737,-44.18549396767588,-87.03719509877828,-69.82708290968773,-57.42203445599077
有大跌/震荡,3.2670801647024517,-69.97369221431754,253899.68396746143,10551.40609136699,29245.063619409902,264801.90342984657,-64.42005124185727,-99.60501857324384,-97.53723247021748,-83.00234125021797
有大跌/震荡,6.7218134304857236,-49.27957273948077,552880.1042429213,185026.29636148046,203150.23977058553,235994.55408500807,-49.11291987769532,-90.97089506866732,-78.15797507041829,-71.9232389259382
有大跌/震荡,5.224905344503061,-74.1146735102006,1119693.6813802037,3686804.7965314216,2042385.5844832093,814932.5172993775,-24.363880885227662,-73.3565861415046,-67.97461240642917,-67.97461240642917
有大跌/震荡,13.061902188714768,-52.93305436104856,761246.9453713124,1006405.2476087443,1340105.581759584,1152538.7947515105,-52.31409754059744,-93.62869290632857,-78.64735953225643,-67.6346240928261
有大跌/震荡,10.187210175340411,-48.894463278710376,519693.1380601085,179589.59056835913,284733.19831238105,536308.70460287,-42.707676430457816,-91.5899825401758,-78.60681533754565,-71.7944197573196
有大跌/震荡,6.376225006781544,-39.72366293271179,668189.0310572431,539958.7359490303,594906.7500910914,378545.35894706094,-39.450790923583966,-80.37513471177495,-66.04372073282238,-66.04372073282238
有大跌/震荡,15.530508560422241,-69.1774364834566,991810.7822538579,484399.0911121123,4463542.684854235,1503728.992706782,-69.10829195249971,-99.1589070193759,-87.95048995061265,-79.91737058694977
有大跌/震荡,9.961607621470625,-62.81010186813399,1447072.1791040776,5280257.263200464,4290891.099789955,1809227.2104503247,-33.77588628972264,-85.06487509097148,-61.33619632245042,-61.33619632245042
有大跌/震荡,15.545617259704937,-44.77962594445515,1028047.0743626901,1786004.4725227065,745749.1625406017,1605566.0169246001,-34.01042328664694,-82.61313070784728,-65.36752469771207,-65.21158536591368
温和平稳上行,7.762858977621123,-32.52470544221266,792317.1125782588,863052.2479510813,691725.1603941616,971878.703145943,-27.201782461825797,-76.45633949967674,-74.26452671893806,-47.52962632970754
有大跌/震荡,16.306163300013598,-54.617834394904406,1270583.3072757684,1480973.0246692016,3340596.304976185,1731170.3318749312,-54.61783246244609,-96.5374303239858,-88.5064515590059,-54.61783246244609
有大跌/震荡,19.087235663681,-36.560243425381046,1516969.06137438,5642434.994699481,5038362.645790328,2693558.7735543563,-31.59511256384071,-77.35101832999479,-59.945340477473394,-58.16235341437771
有大跌/震荡,9.39716776517514,-46.636819147782575,695050.1629492163,605558.0053944332,744495.61215934,573231.9186562252,-27.545234065728806,-81.15860338230345,-58.2585459553828,-58.2585459553828
有大跌/震荡,7.406028475324167,-58.98572211138895,817401.1606855751,861036.3620260828,556761.5426279416,393201.6280068626,-33.65425914991159,-87.2146542910318,-58.8228118012708,-58.8228118012708
有大跌/震荡,19.315703105968506,-54.21848842075894,1295646.360759192,5356079.895650234,12016915.681200944,15827540.83459228,-53.096597349186105,-94.6190318993977,-77.74812696444886,-69.36411509183463
强劲平稳,18.301315802771477,-26.87906749546739,1253535.6163503523,4207742.761405003,1751768.1846627172,1368998.5847168297,-26.646592238433808,-65.00423558811325,-57.110076465165236,-48.98682206751075
有大跌/震荡,15.125574362645654,-42.44143554573421,922026.9356183622,1520687.6314581332,1219068.5444520125,819343.9873645213,-42.23783548210404,-84.44914404059504,-66.8500163768679,-52.72140643214138
有大跌/震荡,5.61314904902297,-44.78339620017147,474402.420240207,112729.7377079485,98799.34995472885,219869.16813011726,-42.622017775508304,-89.41138463553055,-83.53654561592802,-77.8885862070163
有大跌/震荡,1.9981402998533015,-44.779625944455205,405997.3091371312,61165.44083212997,72941.92530757422,500928.2661094946,-44.77961252779612,-92.386852613185,-92.15590664613055,-53.75208279640098
有大跌/震荡,3.1534200118439326,-60.35910992653264,675646.5836489585,495102.10188089794,416514.0272764104,320686.0462222049,-40.22486762404171,-86.3058119921366,-80.3185243996352,-80.3185243996352
有大跌/震荡,13.860259083105465,-41.90147819537376,825881.4362582971,687341.1762921409,741302.94448231,741568.14697291,-33.869921823326024,-81.42290870234835,-68.1473452401675,-54.37304174843458
有大跌/震荡,10.98524306064741,-61.45512741249766,575080.6674946139,161249.694036674,305509.31867555657,575590.6241981313,-58.20978303571571,-97.64791005910831,-88.19926738392606,-79.23298202771961
有大跌/震荡,18.22525422067458,-42.11498954326483,1236602.038870067,3612624.546557781,2648183.663762879,3499575.221287327,-28.947841164202735,-80.05789681427088,-62.977081993288884,-62.977081993288884
有大跌/震荡,16.019245994352826,-39.45834886437227,865244.1415686067,591875.0357096444,935707.1600739112,833911.6551949143,-39.458310404563036,-89.19291436400206,-81.57478797459025,-81.57478797459025
有大跌/震荡,2.8916996762545333,-52.86908352453354,616926.5690657799,416930.6649671695,188809.04044762813,365727.1532622319,-35.40934850187227,-78.43821354201218,-80.94185038130242,-40.13171696852805
有大跌/震荡,15.048425415052847,-49.07716914529855,1035003.3673113835,1456231.970102816,2002804.565618648,600224.9530837191,-48.690670714242465,-91.51546581582797,-71.46443710606133,-71.46443710606133
有大跌/震荡,11.037235590315465,-50.054097130498995,1255635.7143247107,1264122.181360217,2448729.9222930325,1107401.1946534594,-45.81135505878065,-90.13404061835631,-73.8176438081285,-73.8176438081285
有大跌/震荡,-1.5526441184528506,-69.73586803549459,251499.71982934003,10779.220057208651,102036.28408469121,219860.96385753556,-67.13725783279814,-99.50836904030236,-90.28589883859931,-81.65783187998252
强劲平稳,37.517849012569314,-22.461193242084242,5009187.140346333,252553262.05209866,122583491.4251115,18211246.416458495,-18.827590173892585,-54.85506827276121,-51.08383034163031,-48.449114280546645
有大跌/震荡,3.9456701675623096,-73.12903722308286,499314.181421535,199622.90600783023,410083.469404905,321647.94319307146,-46.99019074219743,-94.98883985998992,-73.49079293929447,-73.49079293929447
有大跌/震荡,13.808630892157336,-44.15055941363537,876405.8034720097,629985.0500716843,285107.6316495451,872879.9407173735,-42.25787157331627,-86.52951372437082,-78.95843291066319,-68.53420795404664
有大跌/震荡,-4.430920291991436,-75.85884680732433,210049.26779818806,15542.386281746334,39339.99893751658,146780.24220035187,-42.88043663383515,-98.10672540670258,-94.45289882547321,-85.61501067669914
有大跌/震荡,15.845338349949213,-38.9753140435016,1126529.4247342702,1596676.7830792493,866141.4876204618,1733865.838787407,-35.38269431398719,-79.08506057665079,-77.71059775330589,-61.92714016832981
有大跌/震荡,-2.2222265292033527,-59.321692146754,309527.5921503791,44247.3856688582,57259.81508344609,146738.5510421296,-39.245160995971986,-89.5337976115964,-85.39071680908353,-71.52891247118023
有大跌/震荡,24.718071846623356,-40.87559925175183,1643167.0202823768,5998674.720450613,3881350.9143686458,2855051.3209422994,-36.94555062209551,-82.9075731303097,-65.15322638027416,-65.15322638027416
有大跌/震荡,14.153672464310919,-44.77962594445517,810993.5493664598,529752.3464162137,424559.5979399978,605157.2913001834,-44.77961252779611,-89.45392084544982,-82.1909851177879,-58.505734694091814
有大跌/震荡,9.248110123769425,-62.060495584353184,552312.3405962124,177934.51170814782,1105136.7464182426,1006334.2158558377,-61.91561224119291,-96.73637486748527,-71.59043375865275,-61.91561224119284
有大跌/震荡,3.8209132008581115,-58.65138943617956,548370.0920349201,249695.2854388593,985742.8900542108,804901.4329021077,-58.62353588901803,-95.1845239694672,-76.55512856556194,-58.62353588901805
有大跌/震荡,10.199349642917621,-41.21319516221791,905329.518207333,912993.8209968717,435709.7388955538,573670.8450059905,-31.644544433866773,-75.35020430042148,-60.893357978040626,-60.893357978040626
有大跌/震荡,14.335276321056089,-40.89243516528738,852533.1914247905,624285.0458956072,1058179.1023921177,2992005.142387207,-39.393585545600395,-88.3077592761738,-72.09576075820527,-52.55668064053418
有大跌/震荡,10.093902785377185,-53.07149671126407,911259.598963625,1682637.9429500296,3139297.8847633596,2412588.6778857177,-38.938807358367896,-85.20574666047496,-57.3055349720784,-47.337259207272666
有大跌/震荡,7.505173096677797,-52.503364006741805,649178.1826563709,401243.2179076671,1443538.0339642202,1436908.4247503967,-49.46886309279015,-93.93944455567524,-75.34124578024675,-75.34124578024675
有大跌/震荡,4.029177502015302,-50.228741371622476,470086.4397614665,181260.2499736676,231779.3491381289,600631.9294279407,-42.92774409882061,-88.20237662113864,-72.41257463445264,-59.80127342539887
有大跌/震荡,10.004370614731052,-62.38785358584917,498749.95666211634,75781.20784039998,697025.1022815586,415281.2154458597,-53.68766592101403,-96.9025108719555,-81.07452997227867,-81.07452997227867
强劲平稳,15.529413081216891,-31.88773668646333,1199164.1091673141,3983337.4958245857,1903244.3467374793,1767386.4827272252,-31.887788026126408,-73.46189598729713,-62.07738201361317,-55.09236877841428
有大跌/震荡,-4.868408809598101,-77.42669221197455,203045.74896557225,11711.15916049838,44007.4346271126,111145.26631840966,-52.84246003078095,-97.47180982549446,-86.76842093077897,-71.73076867984682
有大跌/震荡,17.979145874915915,-39.35965996284479,1115801.1273797364,1353339.9441752397,614011.9318320301,1067891.6759517496,-36.12899861877638,-86.05958732214044,-79.99840512649678,-63.63571814572604
有大跌/震荡,1.4014751502813505,-67.82703785070589,683813.8901780598,580395.9633367027,1609285.2899625124,633391.839403391,-40.38072781891724,-85.20218797374544,-67.11849653671315,-67.11849653671315
有大跌/震荡,10.149171327426632,-55.16898368892073,537512.712391807,165818.01291886895,686716.4270904884,964643.3943825774,-55.062727332370855,-96.22763436410676,-81.09731518557378,-79.88681443375461
有大跌/震荡,5.473238052450902,-64.40309246208484,413430.15220234904,49539.4280366963,147375.81820883552,505851.4613316635,-63.9858267129619,-98.41729176902298,-90.49737015139799,-63.9858267129619
有大跌/震荡,6.039825176482516,-70.13193004853136,862760.067243016,1549070.7151450517,1526899.628907618,1715332.7216548193,-41.963217739562864,-88.88043015858985,-63.66490240439164,-52.57397933461026
有大跌/震荡,0.2697639931509066,-71.08047594541137,313854.5221806026,26236.819453055483,230939.71431658167,278314.32626812824,-64.9735280463881,-98.69519761364896,-84.64227456704401,-73.61151933883066
有大跌/震荡,6.0851739422595585,-44.35126368552101,724330.1738850919,609391.769471154,745462.3080773869,460709.80915519345,-44.251094773226576,-86.52604806258837,-66.85255868910434,-66.85255868910434
有大跌/震荡,1.3437547825754237,-62.44829602673712,523914.6619212768,387947.5084147093,687486.8074672564,503168.82626803924,-44.48928961704601,-87.86749646276988,-61.961111375032644,-61.961111375032644
有大跌/震荡,-4.432999314118124,-79.99104188030692,260687.6616142909,22887.98891975074,93948.3134563531,159224.91334650252,-54.00314519173563,-94.65565951228974,-81.63820553927371,-73.85833716235697
强劲平稳,17.99949670008507,-27.721263671409545,888091.0358369459,1329341.6202651544,417162.40301271033,660332.3159913437,-25.035679166018387,-73.70685055293342,-87.35279395724197,-67.74697658348185
有大跌/震荡,7.581737224597673,-37.21513012577594,659670.9986879439,451551.41331068263,191255.76771628534,257730.3993774958,-27.889935640659193,-71.24617955203598,-67.10813553325086,-67.10813553325086
有大跌/震荡,4.582411874077064,-57.899644203635646,669983.0743526475,315132.11162100045,453795.893627447,359011.79673061165,-37.634810772180835,-93.99010318296202,-78.94727750841656,-72.79278202903787
有大跌/震荡,5.260668354195075,-68.45693866083889,886049.6571606928,1120321.2897228834,829851.4891492727,503018.69474753184,-38.67234001976209,-82.66101428058936,-69.37937337780097,-69.37937337780097
有大跌/震荡,6.058994760542391,-50.857283082389415,597626.6622166419,308443.1279478039,583287.1565685237,372099.6513972594,-43.07822571066788,-88.98648592496399,-64.97307943841622,-62.84199621125468
有大跌/震荡,0.4218525862930145,-81.86264136469154,602911.0156265748,1085386.2123600524,1368677.229993299,458226.2495380253,-40.2153819681208,-91.72478014703701,-51.768569330927164,-50.08448139880105
有大跌/震荡,-2.3911133486477776,-55.13705377949149,422340.9404205018,120438.44981007866,113756.18780886469,247858.86661381935,-35.52119953977777,-87.1603551583278,-84.72224259648057,-60.24992214306722
有大跌/震荡,11.487538514378182,-39.98311213113256,778846.3020934144,755402.5840906969,548058.410810281,458023.33298468235,-31.18251107648439,-79.29492409809905,-72.31010084370615,-51.27235420581524
有大跌/震荡,15.226319469774863,-43.574257201271664,1054096.6953603264,1112387.7436973623,1502803.851577845,746703.5490657362,-42.39679106706743,-87.9670197163237,-73.50048258295097,-73.50048258295097
有大跌/震荡,14.804645425385798,-36.58268451141654,1178932.5742258606,3202129.393886064,3740380.6783025754,2523803.923798744,-36.3348468112221,-81.46371989639752,-61.14987844918283,-42.351206570393444
有大跌/震荡,6.972045862135756,-59.00677292754188,551379.3043788666,192920.14669922783,392278.1112088769,401597.64493186405,-55.4067227933959,-95.50909647912546,-71.12109148348922,-71.12109148348922
有大跌/震荡,15.047229710177469,-51.414991685265306,1040163.3688233135,1902538.9371679216,2170658.5453110016,1755416.609780733,-45.43326559433311,-91.90543027463194,-61.82593478444003,-61.82593478444003
有大跌/震荡,8.916526573654027,-70.05151093037611,555718.0297364969,150371.4327408726,668964.0260844873,686330.4191123303,-69.94886459580938,-99.01821471420403,-86.92544114044836,-69.94886459580928
强劲平稳,14.211967084380728,-31.183154141978576,848108.8220910945,854341.0703312894,544245.9853431281,775372.8573964508,-30.931059987715226,-80.86586998298723,-77.8519743091078,-60.39079326491006
强劲平稳,14.484952637716741,-34.64745305184719,854284.2735506431,1225197.1948854967,614135.3630752494,404084.1072750118,-20.63567056354255,-76.46112432734841,-70.6559323437117,-68.2792721226543
有大跌/震荡,7.9214954719885045,-62.542338806917506,491358.0830624631,145496.68034106406,600788.084972242,614670.4903065998,-47.86683251834408,-96.85226106829246,-77.88156564008627,-77.88156564008627
有大跌/震荡,18.9143592227744,-42.95352131588468,1323230.970353352,2135648.850073143,1499927.148886752,1147128.189711733,-41.175626545761226,-86.41921738263558,-65.68604489637767,-57.90308182804302
有大跌/震荡,21.7636470191918,-36.46496815286625,1479884.3976013786,4214354.258413384,2322010.4622729067,1501051.5048460516,-35.59475436346104,-80.2594228294132,-73.91763951706982,-73.91763951706982
有大跌/震荡,23.284030778580302,-47.08490535598182,1565368.8743483848,4376435.692914193,3892311.452282805,4560433.031840106,-47.084919882685405,-90.3853674905115,-80.74863570510105,-61.617740704491986
有大跌/震荡,2.7887523221984623,-45.57864572137397,399463.969098166,68861.27881865263,133068.51026004716,298955.1182991866,-41.25694568338958,-88.34601725974164,-76.29557199826944,-72.17672970406173
有大跌/震荡,9.102155335358407,-43.28659131823521,849184.3108048042,566706.9107216393,549044.0335335091,472060.2235489955,-38.879589701841596,-84.11698907098199,-69.5530068244392,-62.746595790580585
有大跌/震荡,19.10368984923054,-35.8004995854742,1041083.689413561,1533666.0831488983,1003405.6353858331,1859387.72341048,-35.272129718655385,-76.07790150719269,-60.89845601111779,-60.89845601111779
有大跌/震荡,19.316209146594197,-38.69681210003968,1587606.1371257892,5220286.645788097,3270850.806665986,4786773.428400943,-26.59565171507229,-79.75858818204252,-78.61073307514835,-67.85101290766293
有大跌/震荡,8.938746645366002,-51.3318440109819,631119.1251444556,267444.3342381771,565820.226936875,651540.192057434,-43.04767035863387,-93.67699792876984,-84.30878451142847,-84.30878451142847
有大跌/震荡,14.103421527112904,-43.02205859195269,969662.5189855872,918133.3937397714,1416276.1573860715,3018060.609637808,-42.69204409847468,-90.98442566966098,-77.74431441234054,-49.29502197539099
有大跌/震荡,17.550436485838826,-43.915140665570874,1390492.1171718892,1544082.4811396815,416649.83345876087,666303.9068888656,-40.93574047278039,-84.77067263820094,-80.57168344164648,-62.7813883928128
有大跌/震荡,11.60890916871573,-52.07743736721662,968714.7490632815,1598730.56330654,1717234.2889435473,1523017.3625229362,-51.64979001817072,-92.31346643972147,-78.20606681053961,-78.20606681053961
有大跌/震荡,13.242836585617447,-53.88642423423873,755071.3794877111,717382.0343450448,1038851.0381427326,708010.7939141298,-39.56112618709683,-86.92986123273559,-65.65391431020959,-59.334558209550046
有大跌/震荡,12.21199204346306,-62.35144843573423,1059700.9829150538,1661993.9122139092,358715.60861643025,715654.2851114767,-44.38012663805597,-93.41973349351788,-74.04275031747794,-66.1582337101992
有大跌/震荡,9.653198904393934,-37.80267707608468,701430.0181639212,617900.6403220026,713868.0412266462,1645773.5788139936,-32.39227412808483,-83.70900570409493,-70.16194494819244,-63.34459853257307
有大跌/震荡,20.704559883127004,-48.248862513591796,1367933.8730961955,2389740.8788008476,2443261.952121554,2463868.5210395544,-48.24882439781136,-91.1825550956652,-80.50764312121403,-70.54365380710392
强劲平稳,14.047139377330865,-34.393084052297226,904680.818314346,1455245.6115626844,1246410.2156290223,1991962.0891666217,-33.56439067465497,-77.75414412091418,-66.96578305228505,-43.79058807955497
有大跌/震荡,10.869207868884256,-58.40077364957968,736066.9601759204,196274.5829477016,282043.86207950837,339022.4852820764,-58.23853839983912,-97.42381551398208,-88.75259559676016,-65.68582827107366
有大跌/震荡,2.5108369152577747,-61.440529110873634,340003.24983938347,23620.964359373662,275611.07886206434,268294.00223292824,-61.24442232350984,-97.6673204804673,-80.74347611915202,-68.20198880229275
有大跌/震荡,6.108550911400812,-55.22074241206501,537424.4061877372,227367.27975556842,241291.27004593195,655520.2241175117,-42.37573236914392,-89.94845193278196,-82.07931006297247,-63.52761175692972
有大跌/震荡,17.07880733295497,-40.53885899677178,860488.8066725897,1006776.5088444405,732866.3659415946,1585290.8228471961,-40.49879254433997,-83.88596695354936,-77.77426555180946,-59.675250041347816
有大跌/震荡,15.464599405060797,-43.570524477029416,1135946.0460301717,1611698.4370538802,494087.4488713876,1547365.8738359355,-32.57374583056993,-78.59913780027472,-79.66476019835675,-57.374950086385276
有大跌/震荡,6.087921445038602,-49.20194763803863,506943.495629237,135425.45026732274,177954.3707380336,262351.93064329575,-41.893561998480656,-92.33334069228988,-73.07517801127379,-67.01202335092961
有大跌/震荡,25.288995099100454,-37.52379448575015,2168731.731371844,14129682.170983987,19899285.093429644,3695237.418998356,-28.862895361691987,-81.89043794452289,-58.4119020149444,-58.4119020149444
有大跌/震荡,8.399496996857847,-48.93423456591562,858013.1314169315,644192.7397787941,465730.78185919614,664094.4121788082,-34.80387802599848,-88.05015654203235,-89.5101756314183,-64.86779330119703
有大跌/震荡,21.057892019983846,-41.64952142334313,1276619.5314347255,2840726.0812132205,3142496.426993274,3554684.7746955412,-41.51758249175865,-85.55423528753465,-65.90068501282354,-55.144691354233544
有大跌/震荡,-11.991000011800157,-83.64994637908671,139978.96910103236,2154.6020673450566,62632.65639389058,100430.22410697948,-76.72098289102894,-99.72475205448814,-83.63432817430814,-79.62680893636201
有大跌/震荡,12.80602069372485,-49.753286807196815,840846.5583506307,1073077.4810504608,1130167.146009105,1713702.8839817988,-47.20919974340446,-89.35983516341688,-64.74382245640564,-64.74382245640564
有大跌/震荡,4.722086375135737,-51.30457166223383,499784.50175205566,182279.51260768308,86679.11411547729,327823.67328827834,-42.262459054589364,-87.02398428466934,-83.25934837284683,-55.89591187253933
强劲平稳,16.134096906408057,-29.77983134422223,1133622.745743448,2773043.953821534,1026204.2549033068,3235832.8519366602,-24.152776343032546,-66.09192398349674,-74.67761994310716,-34.967469996128806
有大跌/震荡,13.557303811433453,-37.60964565180278,833565.8858235745,438521.44231606106,312201.642987342,295590.3797645655,-35.764221064034885,-82.44901714409151,-69.88261381678645,-69.88261381678645
有大跌/震荡,23.68845393923904,-40.59408972407471,2234193.2607982876,15980040.27309093,13356196.197606765,4367202.320275213,-28.671317020300492,-74.82198698194296,-74.65840631581653,-74.65840631581653
有大跌/震荡,3.8082578542906864,-44.896491967830165,502301.86295076646,234367.02201517817,374718.87561732804,511457.1027743751,-34.274790676627646,-81.56774861046046,-59.362563827208525,-56.4669942379456
有大跌/震荡,12.949974829529797,-36.63263809962148,770853.7108196073,474147.65797186334,426403.1316337245,672702.970278663,-35.769972171342125,-85.1273368462918,-83.48977722423963,-83.48977722423963
有大跌/震荡,16.607745318130185,-61.10988816914249,750211.291391411,481563.190231299,2421224.858686492,1936169.2057526214,-61.02057770971059,-96.8077745717255,-70.25626979709322,-70.46521945319677
有大跌/震荡,7.194540199010913,-66.82095080432589,526923.6774815382,211650.77113503707,402485.063020865,451711.25370155956,-63.48243968134031,-97.87749551746094,-86.72731490225364,-77.0609258107501
有大跌/震荡,-9.23312509140841,-78.78102068501376,211081.89105508977,20314.764421298943,97226.36811322955,156165.23357863474,-60.621905619354386,-96.10193545182287,-82.48673432011331,-60.621905619354344
有大跌/震荡,18.71332655479423,-43.48015808213853,1278305.4941554882,2192851.1186786583,2127605.150059534,988985.0650679027,-43.28454251467435,-87.45280823360207,-66.99813025929377,-62.91461407399741
有大跌/震荡,14.012181407300584,-49.04117164324412,692642.8880831369,249868.80567671888,635002.2769552654,823996.4476291327,-49.00679711576574,-93.82789679841304,-87.35265613709113,-55.86251552201751
有大跌/震荡,13.060089423726385,-50.112043687185945,744257.0745963887,509590.20819384645,522541.95307054865,784850.1107477795,-40.01298262713176,-95.66296620297294,-91.32121890801604,-76.61124920286065
有大跌/震荡,13.572270177038504,-49.88711172477858,761105.5257063558,672706.753574285,892375.0028481884,1550859.0801552194,-48.69797608790171,-93.52894330287066,-80.52105814751465,-55.321052322711715
有大跌/震荡,3.6035219019450615,-53.96082939221849,409294.8888810001,79026.45760679948,443962.40506386926,663893.8329649054,-51.46854009774386,-96.86448244613464,-77.50708716266229,-71.40425543033435
有大跌/震荡,-0.7044023324369375,-75.06220894191229,271482.25935754983,6454.961584312874,216401.64627698652,523260.8984402254,-74.17580550903044,-99.8158936247657,-93.11533522389814,-83.35282592262821
有大跌/震荡,20.546959775813445,-37.940733921896616,901131.3130488879,994076.4155166895,562900.5603796046,1045341.8319739352,-37.2770718969571,-85.18118543184677,-87.47085684062894,-78.13102512684921
有大跌/震荡,17.88930630963277,-37.170454757860206,1400057.2269730088,2517987.980633203,3007240.170154411,1297354.601278954,-33.80723094467362,-82.16995621508521,-66.13963054976205,-63.31324684452972
有大跌/震荡,-12.9344650462908,-80.6218955031722,223144.89678286653,14215.781562740374,42148.235496198446,89099.1263534223,-49.76114498041886,-96.58437643299874,-86.02770149203155,-81.33398675233472
有大跌/震荡,5.224303059275326,-55.53568254730688,540060.9547163338,129724.80256106754,139373.96296249467,384881.11436378275,-55.24222159665511,-96.7504903887558,-87.1782485487603,-77.76920827823265
有大跌/震荡,9.071594933716675,-36.91987778665147,693567.4524295984,434754.20787270187,244397.21006054277,221341.6558248286,-36.91990781087442,-81.02858651980173,-74.9040577728491,-73.48801777839896
有大跌/震荡,2.9994940111818913,-52.48731454235029,512255.06444781384,126534.06656667181,229556.53909245334,294940.83673611074,-48.8968976449682,-93.15663757530017,-78.84423759550707,-54.81369439174513
强劲平稳,34.00652169043206,-33.69229481218914,3461138.4003991145,94835358.16411464,43572316.226761825,19723447.286157425,-33.69227674215979,-74.8290260488002,-63.49439336835139,-63.49439336835139
有大跌/震荡,10.728893145835716,-45.138816610682056,783186.4738675441,432259.1854132408,711539.3531859528,555485.3699312916,-40.27001394364097,-91.88362772795027,-77.78081621258728,-65.5500664927894
有大跌/震荡,-0.736861815949319,-70.91515248931147,243657.51887671612,10577.037537722477,50957.33569376008,185060.66046811244,-66.66104888571739,-99.43058849333976,-93.5507349879611,-80.06838010499993
有大跌/震荡,4.826634890802728,-51.177487946947075,518343.43072861317,208872.0770064835,659013.5160079156,478702.623404958,-49.75328518220301,-90.10259330277854,-63.356581720372404,-51.1321998827717
有大跌/震荡,6.159375838694103,-54.71390538209106,447465.5765392637,45479.71004583713,141035.83700397998,288956.86357834353,-51.81436576835623,-97.72343588337596,-90.39118427962563,-79.45665477225434
有大跌/震荡,4.371084429048366,-59.96752488871775,298873.87557172583,32928.826678798745,240236.75704581293,285450.55767276476,-58.15631269881838,-97.22245668285895,-71.40540081268296,-64.21544682339264
有大跌/震荡,6.934958023655158,-70.40726740828933,1123620.52410581,1819528.2491825828,867716.0846140984,3101423.6540243845,-36.46492243432628,-89.66099965430836,-90.83803352062722,-59.51947519687415
有大跌/震荡,5.059738765378219,-63.78847313498899,467582.3810226661,191112.49471713975,351628.4293378394,244371.01972813605,-58.79324274026276,-95.98443763129644,-86.1034964049372,-86.1034964049372
有大跌/震荡,20.25798555409073,-46.5109695368139,1117322.2335957254,1210533.98650517,1420207.025206294,1964873.5079301212,-44.27890685691056,-92.992634226767,-92.78242192239937,-85.21736313212867
温和平稳上行,10.006235554297094,-33.8368886973997,943260.254743891,1097967.6344188815,647039.5960477708,523034.2468043484,-29.245851608744022,-71.23679892621189,-59.93531073555558,-57.623716475048894
有大跌/震荡,12.096284438989557,-35.846081718838064,731952.6288379286,454624.0625882111,245686.09310324103,361976.0511773379,-30.05299198116549,-80.63988476776167,-72.41223133835229,-72.41223133835229
有大跌/震荡,3.1662248490252454,-48.94715143481692,443608.91734384996,141180.48575711044,386865.1596878583,327962.9496926811,-48.69423791134052,-91.60620997009548,-68.17493517691085,-59.513189135451604
有大跌/震荡,5.574809198204189,-45.80118426798937,471575.41091213806,101943.02884602497,61006.3517970013,145483.20453975615,-42.42674096478167,-89.12402655112244,-82.65349419246247,-68.66304545666145
有大跌/震荡,4.523971067369947,-53.20706391215919,485728.21628220374,153699.48584131693,187951.80807880103,442307.1336139175,-46.99646157520233,-91.30746947890475,-83.69245890447833,-68.70504212412585
有大跌/震荡,21.736432638242277,-48.33082878073268,1550411.3665686492,4766920.543159945,5090243.206383335,1273139.4560803077,-36.11632864181617,-85.75985341137627,-61.3589739170114,-61.3589739170114
有大跌/震荡,17.67383984950961,-50.494124502046375,1962892.9582691682,18506963.953243434,10833044.099372918,4366479.364081884,-24.609725346159074,-74.78209527510197,-71.89267476494385,-71.89267476494385
有大跌/震荡,21.88166689949369,-37.15495325230008,1649988.32633578,7935563.542027153,1865399.1241014414,3433185.245211598,-23.44595583292637,-60.197943563702935,-71.12380006111474,-44.158199656291806
强劲平稳,26.959285646611942,-29.656689836439643,2123250.5724726343,16658525.948769948,8881435.035257386,2652458.7997952374,-28.72444365558364,-71.03040596193108,-57.40400613018765,-57.40400613018765
有大跌/震荡,16.79814554983292,-38.75271713732926,1159246.6108975417,2295957.9592880565,2847423.6360276863,1503966.8569440888,-27.889935640659168,-77.61758409350747,-58.34616927715022,-58.34616927715022
有大跌/震荡,15.601352169708704,-35.914091777594905,1087868.6904305138,1467314.3324719218,2085159.000170027,1589559.6833728591,-35.76158713990277,-81.18999501813995,-55.3999326652501,-54.70335606236005
有大跌/震荡,18.53106128851103,-48.988765187924265,1199395.215488501,1406220.934728966,4438551.728907841,2774326.541439321,-48.988745334493466,-91.34924871832875,-68.80795340347343,-62.42389297170716
有大跌/震荡,2.9526453155132693,-65.92172528399398,754264.8376769638,965071.1567709754,969443.2990317434,570306.3967350057,-38.78250773213675,-84.9345568196443,-67.16733803697734,-60.24406112227214
强劲平稳,23.489258220248388,-29.609341726802995,1743393.0919895228,10230411.494722193,5702906.620430777,4950644.717576401,-27.803082032177084,-66.80956327351898,-54.26000991668829,-48.87401297185433
有大跌/震荡,13.84447806130964,-48.48383693809841,777102.6354284771,369376.66283637355,379082.94437039463,1420686.573506979,-48.13115348699554,-94.54449887664616,-85.33036049711201,-62.98764197229768
温和平稳上行,11.55951717148942,-28.40454662598755,860784.0635294457,1331743.5831254893,849998.5492864603,1093168.3417478355,-28.158782825597083,-69.58553605264052,-62.69186252629319,-50.97833124227081
强劲平稳,14.24937076082231,-34.965610100241676,1187393.011468173,1535827.9019597867,482371.93474732514,2235266.880559659,-34.965639809145564,-79.8594961108842,-86.49368303370333,-44.18129289553263
有大跌/震荡,7.032441926574262,-57.84965044104534,669422.515971423,803137.7641014815,634864.158745905,901187.3136356572,-43.956183056265495,-89.13223796968477,-62.668834666842166,-61.252453582188224
有大跌/震荡,10.854937801511388,-49.28090695734406,830965.0142878061,601262.9636157197,359631.880464699,570946.4541275032,-49.2280563616244,-91.70740167694314,-74.69915174942578,-60.143686623275
有大跌/震荡,5.269106759391717,-50.31783580369873,710718.6381581213,413769.05827668717,439503.69146589254,524776.6962979023,-33.1615197677469,-79.48001340432818,-64.03601803062841,-60.89847377947801
有大跌/震荡,8.720241451242593,-41.123678866083445,832003.2424762882,828678.3172406707,511804.12834278395,668267.7021163991,-32.155382523477996,-76.43899219139823,-59.0943301210906,-44.55761388902948
有大跌/震荡,9.807110119671636,-41.92792490782959,762592.4651266043,697087.1901131159,457355.1285640985,659342.9787146145,-28.559376548380044,-72.03559365993549,-59.09250359402638,-45.02491265500085
有大跌/震荡,17.72424654434388,-44.556499743319335,1504144.4986665756,4446610.958258073,1274591.5365480757,2503237.39997375,-29.79380368637009,-70.06521619118907,-66.2370836311913,-53.44862583867418
有大跌/震荡,8.510261743481507,-50.37079314486154,780927.7781347226,681629.3151990337,519554.27832167316,784503.8917956944,-33.09032670138933,-84.94733565107148,-62.80414445328677,-58.925388144762714
有大跌/震荡,1.1236040092085897,-49.370077556887125,398831.3377922761,64909.62843395319,109396.80348954187,333348.49701893504,-48.9255703486473,-96.12347072286943,-93.9077408919135,-81.43597114037526
有大跌/震荡,10.67802740516488,-52.093610011078326,824604.0945806606,487457.8701180272,1111280.5985476808,1619333.790335604,-52.09359654945742,-93.73776255900073,-83.14109572026825,-62.21213323040252
有大跌/震荡,5.880569723119766,-42.442777504769815,663977.2750604462,559777.6502139401,241873.3076550499,470575.0715561925,-31.504687925595942,-75.85351634828102,-70.19297705279838,-57.95304733438631
有大跌/震荡,10.254393254416417,-62.198880206980725,445242.27038857,120629.60895095259,604291.2617156053,1211509.5981530182,-56.190750449217134,-98.56161035769676,-89.23596963888231,-75.28675207869058
有大跌/震荡,13.024358043744355,-48.55005003866584,634103.9163446688,186746.59164510408,723171.8985377995,742341.7695553679,-48.166488091898486,-95.24862146591458,-75.44400090959346,-65.36302032211464
强劲平稳,14.094281637077977,-34.004952302533155,707619.329301523,410482.1196308951,376834.822454142,1248441.3450568619,-34.004884255761084,-83.29215023181601,-77.4494190518523,-53.281880155145785
有大跌/震荡,19.857652908016643,-52.20846669725334,1120428.6140864654,2102430.3497119755,4483383.187641732,3052514.876997852,-51.97714069477746,-92.82794507191967,-72.54806665082998,-62.297927430233656
有大跌/震荡,19.98928670982314,-58.88767336890762,1370492.0797286376,4424056.720467583,7577891.250649544,1062538.6368563068,-42.301726377846,-93.75115806514057,-62.67943917655605,-62.67943917655605
有大跌/震荡,20.329217048643212,-39.33097317152403,1144230.2804675524,1796720.9933746967,719769.5244030136,2033402.8723864106,-33.48250635472824,-80.50457402139106,-75.81468117465772,-75.76465932048188
强劲平稳,19.944000521001005,-27.166148530339097,1437923.7195561389,5180624.208107028,1485396.7697480866,2660163.7623664653,-19.683488592357946,-62.00904881807552,-63.42903670395694,-54.97797310080904
有大跌/震荡,13.961268391081827,-44.85381803768151,885958.2060031955,624919.3145455535,576183.7149389295,1989531.7222447728,-38.128478040018635,-91.76689370084073,-85.55931100936482,-60.65843739326726
有大跌/震荡,11.12895586787146,-36.971238675277874,750985.3186560611,631246.2022126059,274123.05387038947,429661.9059825283,-35.173769418894196,-80.72490322267363,-80.70466113239935,-59.97274346823892
有大跌/震荡,1.4291380704521517,-79.05795168161518,171737.72785283718,6193.625062239049,207429.33658671772,282947.6787143201,-77.7328850925673,-99.79158406362698,-89.25710364046556,-85.34596100234828
有大跌/震荡,13.657035803346385,-54.463071687525975,742463.6538487421,658586.9497056559,1613638.994236862,913064.9277773103,-53.81898776527165,-94.72000150128844,-74.35229219452467,-58.464991289539284
有大跌/震荡,-10.24971083624655,-88.94329329904491,102553.30670300496,1311.2497325371357,76590.34474966975,72240.369979018,-82.46187823841944,-99.87677934491134,-91.07837634994166,-87.80217238040156
有大跌/震荡,12.057482475013103,-52.87603155200071,694225.0285125575,351235.5253936254,617435.8335074943,693638.873800956,-51.9669107610851,-94.79676198852552,-80.70118535198955,-55.88309704294432
有大跌/震荡,19.77462303240467,-51.520286425785365,1619765.2557381063,8229746.873868891,8035961.085632868,1840633.095453661,-38.48746585569046,-86.14115966267842,-70.29402350864693,-70.29402350864693
强劲平稳,14.880509409069976,-32.632081131291926,926806.3801211657,1462071.417301601,726166.7611994088,679719.599399146,-26.97796379451217,-72.34689310350882,-56.55960273208597,-56.55960273208597
有大跌/震荡,8.212863788962643,-44.30202819035506,577558.6851835288,290533.28737457516,349279.6480966108,526036.9894687076,-42.19664871083775,-86.13173988246305,-67.27606458111953,-67.27606458111953
有大跌/震荡,9.848853547659587,-49.75328680719679,569293.0775086428,222575.74999162808,529730.0307892563,369253.66289009736,-49.75328518220299,-90.47333015597573,-68.26371983164495,-62.662190521703174
有大跌/震荡,24.61101912338941,-36.46149776880018,1571985.8142018025,8198782.245009418,7229787.180721826,2066294.2577191482,-33.34979171083193,-75.744941416998,-58.09651298660889,-58.09651298660889
有大跌/震荡,11.798805167377235,-38.02470389420347,708300.3821935522,432518.9029173885,984563.7771317168,556550.0290631589,-36.80767238896687,-84.08729383217621,-63.26092721873098,-63.26092721873098
有大跌/震荡,23.113786002345527,-38.5521806296157,1468642.8484444362,6420755.8449015,5526593.4143069675,2772312.812519973,-38.358965041305545,-83.80901682749844,-68.8961588998841,-62.04977178654221
有大跌/震荡,-13.463310020803299,-84.94045771261109,224852.08276782525,36553.34084384693,97304.60232412897,196205.74158977182,-64.60370632546201,-97.83270343778628,-87.89813978267814,-83.58589432111049
有大跌/震荡,3.7298849995307526,-66.2562311993624,627313.8386327237,732523.5502015252,700272.3595578689,339827.1379121197,-33.41899438637584,-79.62120592343305,-58.39264575389373,-50.42185104245567
有大跌/震荡,7.444505991782502,-51.4376650836572,873337.693161193,1157500.9866020519,1238074.1398581096,1408610.0874809895,-43.08492429605516,-89.11830479954357,-70.36607554649039,-65.15407371016076
有大跌/震荡,22.420173118006836,-49.78472670641902,1276701.028814122,1460453.900821521,2357855.9638891127,2535877.7439815477,-49.78473741867745,-90.40597303020529,-67.2249945669788,-67.2249945669788
有大跌/震荡,9.406068983954263,-60.896804884981236,667803.747030746,442146.5755661834,499931.02726590296,570841.6365529576,-38.58831449946473,-93.17425793476775,-88.92331581335824,-67.17697770935548
有大跌/震荡,10.969026945717797,-44.64638069528032,890161.7051837005,937765.0662072053,903512.6610506062,565008.0044000375,-34.787778141769145,-78.93828876526176,-70.11232581296582,-70.11232581296582
有大跌/震荡,10.349274319571911,-58.36535374779659,1192988.5524728636,2745691.3016140033,2258205.010152755,1093208.6997134958,-37.369637413011816,-86.2955146377301,-66.76941834332877,-57.50045411969899
有大跌/震荡,14.440887996892226,-47.41624027720719,1101470.1674220692,2016827.1808803424,3458388.984241429,1200841.0920209575,-43.257913736408874,-86.15455642136781,-68.77191682838017,-55.516253883513755
有大跌/震荡,5.230654452461803,-38.74662713798512,556820.5383350891,250843.10206344028,249230.22634331332,314371.2864512854,-27.672015610791213,-72.91470803756374,-63.85911503267252,-50.51509817849977
强劲平稳,15.48631028038332,-25.990023765265867,841997.8276947524,1719082.2612363952,906616.0156823617,1288078.1273801287,-21.62611491931997,-63.4202275359315,-60.74093945298096,-49.4378700850719
有大跌/震荡,5.165074848510054,-73.08772884080025,600134.3273172636,88922.18325278167,333743.3708566788,507485.3107059929,-71.18528059835069,-99.36231940793635,-95.49770829878831,-92.72880259459822
有大跌/震荡,9.284062074317067,-49.481338814234334,682763.6936598246,353753.87831762363,1070105.6346012556,1360032.9555351094,-46.09643823718914,-90.95653232655165,-64.01834316883645,-55.28292741829972
有大跌/震荡,20.617975539188137,-44.316933600951856,1466523.760411194,3331212.7511323853,2435443.9808996543,1668598.9126052994,-36.88186643473447,-85.90832135595981,-65.78418586805189,-65.78418586805189
有大跌/震荡,6.774160919917094,-53.60317288020521,516808.99561962765,88389.76260948551,82795.43692743922,204776.98818599942,-53.42078252962936,-95.65685326299054,-90.1090471186744,-84.80053738675906
有大跌/震荡,6.350313391774365,-63.065973062492866,777246.270958981,944144.9691098988,1474857.4920063803,1170928.1254771936,-56.25511578629789,-96.52633869754567,-75.18413822382122,-75.18413822382122
有大跌/震荡,32.20433525796136,-38.79530360553834,4695337.408945007,54727266.54639369,24981625.314950358,6635955.163505195,-38.50088044937198,-81.83905038664466,-68.15061006557815,-68.15061006557815
有大跌/震荡,9.257215141286967,-50.099382912997136,782896.0908105193,602017.6185907254,303256.91220824677,371851.54974003485,-36.464922434326255,-85.59176785740796,-80.56889734191633,-64.06156981047184
有大跌/震荡,23.806455248427618,-54.21848842075894,3335078.9178008274,75570944.4773012,55546989.94562069,6336844.258741999,-46.22847216912892,-92.4137095321965,-75.7960811019718,-75.7960811019718
有大跌/震荡,-3.038559010707653,-65.81958201661496,439305.7183826324,196231.5906263096,278983.938454372,266227.6092992953,-33.07009680922096,-84.17708669083326,-60.297013866342795,-60.297013866342795
有大跌/震荡,10.193369431720068,-51.01521647839784,655236.3165483627,449350.7386835556,1438165.4395955645,2064648.381798169,-50.00757046312931,-93.5577591736156,-71.58167591715923,-56.3663311015024
有大跌/震荡,11.865056538903573,-45.13306699999785,984897.3731648847,1138056.7642583456,358428.7170173343,2274490.8252906003,-42.88158487909541,-86.49998547726415,-90.61093556498523,-61.7759078272715
有大跌/震荡,11.607793631573205,-54.096513462515425,623960.8025612922,307674.1512122784,534933.9611394309,1982850.1330951802,-53.564070366997974,-96.65465405717495,-88.26178662906031,-59.207542319584405
有大跌/震荡,16.690210839056174,-38.50324236893081,1291270.5601589638,4344163.512516876,2459560.8318407503,1016464.9514585662,-31.391469591453316,-73.70221261721699,-64.96561622707038,-64.96561622707038
有大跌/震荡,5.822858226906136,-58.08932889959662,572027.7010176393,183516.155880655,755614.1938634878,674449.7777474318,-58.08934004005355,-95.49599544651008,-72.06257652201751,-58.08934004005357
强劲平稳,21.896728973542867,-29.94035003647214,1542578.8029677793,6075325.493956328,3204318.368773295,3107268.009992764,-25.337093531774634,-68.55602634507949,-56.600710675623134,-54.96107420302971
有大跌/震荡,-11.971785793353806,-84.37176522892491,243830.03362502804,35269.04470071049,92546.75698406807,158716.58846128924,-49.753285182203,-90.79907870842997,-75.25504173232221,-60.460329045076875
有大跌/震荡,5.178463332354544,-71.13386243500723,422398.19313775055,108709.59550069552,827702.9736382159,598621.3302713024,-61.16088768326469,-98.57011489015704,-82.787071577178,-82.00401247549227
有大跌/震荡,14.687198496274888,-44.51293680597191,907486.4941328877,1060823.6426159071,906573.5189472801,2511120.299388125,-31.796107176067956,-85.76422416806398,-82.55450124256029,-41.240381332441444
有大跌/震荡,11.766358812987443,-44.191544423710326,1079742.2230970976,1772878.8760519896,726825.957815613,1110349.975073738,-40.1277087122539,-86.86198750965868,-71.29240703915546,-65.94096843991717
有大跌/震荡,10.985256310155345,-57.04041677058452,1199228.4382470797,3576403.6561686457,2483317.977553871,1020854.9086631802,-31.18873751812049,-75.6725900604019,-72.65371911764117,-72.65371911764117
有大跌/震荡,13.509894525771138,-48.79492745089031,706601.059118006,631438.3812189341,617680.9174790772,1677323.7781690578,-47.819018759961786,-93.20351864328839,-87.44626675595396,-55.259105262716005
有大跌/震荡,2.340617990799232,-66.56501987941483,318028.9620530042,29385.849476674015,241331.23785556678,264804.0594048963,-61.2947293033537,-98.61123132139465,-79.97203092546833,-75.71285215468708
有大跌/震荡,9.940617879810132,-75.35882543559518,801378.5828016635,980083.4325014476,1797199.3794441144,1606636.3573095,-67.28834534365747,-98.73914159195503,-81.72840164273094,-81.72840164273094
有大跌/震荡,7.389500619940037,-57.768735838188526,477013.8029527508,123151.58309964287,310217.80437619454,830990.8806595373,-57.44235816236527,-96.59087985219216,-87.27249805729687,-57.442358162365295
有大跌/震荡,31.195059318411023,-39.31188258949171,3701282.9716931526,58085913.3489285,38676423.7366986,8630413.113059066,-39.31180806821837,-81.77549323128524,-68.37802275700137,-59.71195436573093
有大跌/震荡,11.408218294921312,-36.46496815286627,720297.1848041652,524092.7381637621,503737.8331404983,535699.4603822617,-35.77297219851123,-82.13635617611047,-75.72208088445183,-69.69021235238996
强劲平稳,21.380035798459595,-31.73224358730905,1221779.6895969629,3743182.89121202,1606999.8667115895,1502709.9656728855,-25.20763208964951,-69.61531183266392,-63.12283742855603,-63.12283742855603
有大跌/震荡,21.076517597583667,-47.366342894585,1526326.644081828,5224199.43249626,2978216.9462957545,3518774.9941965933,-31.325992449254812,-84.00872670833698,-84.00872670833698,-84.00872670833698
有大跌/震荡,12.239834627920665,-45.81203828035878,977460.0545631837,817297.4659097317,698834.7715438594,471000.2166961754,-43.84794536826093,-87.19466996163476,-65.61434889755017,-65.15111312317204
有大跌/震荡,1.8400287138358173,-59.39553147562937,274615.04162341694,13920.907022947587,85376.73688992656,309550.05703522183,-55.01882611914867,-98.69667366702335,-90.88433588479454,-66.94937696654097
有大跌/震荡,0.34994220484527716,-71.22797025769778,281331.4228684273,25264.478144045635,58569.99646241285,187748.86304867498,-67.19449081089952,-98.34519480830323,-84.11061298018524,-73.69753973279418
有大跌/震荡,22.26822050107429,-36.46496815286624,1551031.792719529,4341707.120574317,1435805.7446424824,811350.1251371235,-35.304232307389974,-80.23338496743153,-83.8086158460094,-79.39986420568908
有大跌/震荡,0.8054514103353005,-60.46348837797784,267239.52748156496,14651.30334583259,61193.68307758298,173841.2685615114,-59.45610994990413,-98.09233955239704,-90.37822295085071,-76.00179116270651
有大跌/震荡,19.36296969260065,-40.20821487567818,1421354.170716,3750304.5799616096,2423106.7352786865,838228.6899765076,-34.619353699079106,-80.5564437647359,-67.32243566812205,-67.32243566812205
有大跌/震荡,23.282212580191253,-43.5549125971757,1539389.8005092884,5565579.167519611,7859696.4122973895,4970072.392317671,-42.78031044388929,-89.8953397358646,-64.5639675608696,-64.37809368920675
有大跌/震荡,7.49716160025804,-46.75185849976713,629985.8634394148,340770.4779209691,873880.0642080334,803674.6409697145,-45.95263928101184,-92.56758779507439,-67.7731307780724,-53.23181794012839
强劲平稳,19.226298599699,-31.15233111647634,1421822.7146372558,6900496.230335448,2867467.7369464487,1556287.362932238,-17.196675168030715,-48.62115140265233,-56.12735079624851,-56.12735079624851
有大跌/震荡,11.263162460852193,-35.85331243950625,805757.0037725198,482605.2148148798,413551.911996303,885605.4814702094,-35.05402946961049,-87.91383469655881,-74.47326233070798,-74.47326233070798
有大跌/震荡,8.684630747174559,-47.19960356667957,613230.5679612893,244857.42782597046,274735.88752261235,323327.277822796,-37.726953340917056,-88.25511016592795,-65.40168417325006,-65.40168417325006
有大跌/震荡,3.0267184299800576,-63.55205300738621,379549.5187798474,104848.48595229427,147140.5891422006,271996.44415031496,-46.607012075404164,-94.73942913030326,-75.79532438317675,-74.44515599552196
有大跌/震荡,7.6121187818219305,-50.2262563463047,682438.4338174332,269071.6507888984,299862.9221488606,815312.5651755612,-46.48802746885049,-91.50398606971484,-75.46402095386192,-52.46782741650024
有大跌/震荡,8.718280936802758,-55.897588355645766,744631.608693994,818207.2227806941,824562.9905666433,651538.8750118845,-36.25789143576268,-86.69045050582282,-71.83652822266721,-71.83652822266721
有大跌/震荡,28.851200360707274,-36.937171482451525,2966659.094905022,43911125.70442716,23257542.996564113,4377040.325996932,-28.011704827479676,-76.58331815195176,-67.85107261790311,-67.85107261790311
有大跌/震荡,6.750900853958686,-50.08002433205305,667355.427956743,287988.32096986414,588829.7197895597,539085.493915383,-50.007589599874635,-93.00870918336054,-78.99311449824938,-68.87086114723289
有大跌/震荡,2.309207584861017,-44.79946330767937,469485.3745081697,129741.71863338513,522837.4643526079,523050.87972700805,-36.22884901516375,-86.13392058627092,-63.1039791262102,-62.14874352796427
有大跌/震荡,2.33459361186652,-77.93554682659834,347512.9346259527,34409.360553727245,780367.8000540036,1122136.4178637073,-77.79317294262312,-99.65634101138279,-87.9010510869781,-78.09327336844196
有大跌/震荡,16.282922861901827,-35.460093066123854,806534.0605483789,503689.8782392138,96270.05979016391,499000.9859375841,-35.26923270143093,-80.062850882678,-86.75664841801267,-57.9146069729639
有大跌/震荡,7.168414516949939,-65.35489469186179,928359.2460767088,2142982.5933543565,2987457.9008499496,1376924.7168439664,-39.39302360629006,-90.17778327481543,-54.829762691242124,-54.829762691242124
强劲平稳,14.035002209095815,-32.50845203751111,990258.2816230126,1185786.2551647273,1236312.1649259073,1520427.5749893775,-32.353174655975714,-77.56636436946043,-67.94207829320824,-59.32045793978558
有大跌/震荡,19.294701845683004,-39.65064739934003,1818576.1862394267,8507953.935536552,3850362.959200664,2974138.8494662074,-36.887580009663345,-80.62427751436717,-82.58819243514533,-65.14327780399789
有大跌/震荡,17.783669481431108,-55.75486746973453,1108583.075110891,1173235.765286297,1473217.4589544954,600424.4007382317,-47.701467623564184,-94.14007609509008,-78.1926723263671,-73.62043782109978
有大跌/震荡,9.297640183348399,-52.775271373857414,1170409.2518050815,3614771.827541598,3168229.999269937,844236.2850042548,-39.59819167742752,-84.71871921179522,-65.95206519727044,-65.95206519727044
强劲平稳,23.732079989938892,-28.24263777401004,2098184.5349057633,20138612.22763213,11436725.505592208,5169054.320288785,-17.53469669294735,-55.88974648318985,-54.17624783258521,-54.17624783258521
有大跌/震荡,16.182083767810585,-49.56624173947441,1898961.6302395132,8445428.85162071,2554176.870614309,1616854.1937586751,-28.559376548380033,-69.65890988964267,-64.22554042883091,-64.22554042883091
有大跌/震荡,10.370655024134257,-62.097478273535955,715765.6767145967,330156.42265272443,386253.70345208095,560967.7417847728,-56.311748191706656,-96.91580031943265,-82.43181401575306,-78.1875733408025
有大跌/震荡,-7.164053439614082,-71.64409509946339,171560.9613456315,3547.9088900996117,47553.055274480386,104268.21233016705,-62.376358040785426,-99.09548630376027,-89.10205970603002,-77.34608180833136
强劲平稳,32.70176318259645,-28.36085990550408,2999169.3716019564,40785620.827690534,18720682.287789963,4767293.701837537,-25.74910501191883,-63.86325550407857,-58.310138159422095,-58.310138159422095
有大跌/震荡,18.28139293913489,-40.31241792601807,1634788.9502642944,7526919.97877064,4126730.0973351216,1547161.6623336915,-27.91202994239971,-78.4835845713296,-60.485118020168095,-58.6952193902001
有大跌/震荡,11.479194866142084,-49.058284745262235,819928.3723806118,531623.237249491,709947.765654013,546078.1032272809,-44.9700404858569,-90.25668368221866,-73.29436035309381,-72.84605456273552
强劲平稳,21.222670945682196,-28.44562676424365,1463330.7797703599,4934198.470328799,1238143.5088416173,2225838.52513506,-28.44562756921536,-69.10490380951298,-65.11661486116974,-48.81898246002492
强劲平稳,15.334252814776361,-31.62726796385399,1059087.6233668567,2359359.7389666596,1199779.8535148886,877958.968042219,-26.49394862396779,-71.11867904327887,-58.28061775774071,-58.28061775774071
强劲平稳,15.74137888673761,-32.135505897205704,1069874.2393374878,1349438.8800656213,534366.3497084442,949788.6031298672,-29.3066179248203,-78.79921145955666,-73.18479118350072,-73.18479118350072
强劲平稳,19.764694085243796,-22.759380257454076,1267377.2138402523,3887330.228818436,1485577.3136774495,1415961.8239131893,-20.618618751515605,-57.385568524574396,-50.02032298559445,-50.02032298559445
有大跌/震荡,20.490461791378923,-48.692420523573745,1829323.7902404112,9408644.858950542,10283537.620435625,3189609.919631923,-32.54424043250811,-85.37881263756638,-67.27717882836978,-63.548209299298094
强劲平稳,14.437434133891491,-32.20854541488257,850255.9263658471,948020.4156931863,395581.4959059715,447292.34536209435,-32.20853594487506,-81.04902788962268,-79.23851627448657,-55.393419335672654
有大跌/震荡,15.29081139011177,-55.306099740358604,842711.6838074824,846783.8837722314,1140391.7138646585,837303.611250273,-50.29771505794511,-96.58264997621171,-88.6072712567636,-86.41424841583348
有大跌/震荡,25.74223107732061,-47.29074993535028,1380594.1727548603,5100363.54075975,5083937.949227528,2439226.5655908426,-46.87903075599713,-88.90230006628815,-62.1980894092391,-67.35331763891821
有大跌/震荡,12.771744875935909,-44.03118289844474,672700.6545289953,248552.75390710658,208591.7065781595,463901.6749182426,-40.55752184735192,-90.92090354722387,-80.55071846488153,-60.51790633798586
有大跌/震荡,18.196697581462118,-46.41847514760672,1049509.4730639507,1245383.463409297,1039983.7910320361,761799.2149170574,-46.34496582059384,-88.97051698673147,-64.39928176703677,-56.95453592689111
有大跌/震荡,4.640511406742176,-79.89795124207542,588223.0038482386,1017539.3737511766,2235223.0810905816,465762.49793203775,-70.96381504065977,-98.20969580826937,-84.28816629320205,-84.28816629320205
有大跌/震荡,17.435631854687195,-37.67699121688158,1454655.1226149225,3348127.320987344,2441432.2945365184,1699933.8686345338,-33.06274409452289,-76.85455632319974,-71.2695309721956,-54.76823842042218
强劲平稳,13.046601660091994,-31.59618534860552,1095842.9828671445,2114973.155358405,1064562.0593539274,734756.5037459248,-29.212922661470575,-70.782774703347,-57.71118228220728,-57.71118228220728
有大跌/震荡,7.8008391327827775,-45.118449572294274,645661.2286909487,315593.47127694194,304324.15941641055,405785.0410420196,-35.3464151878662,-91.84847373697669,-89.01874052707495,-81.68741985843995
有大跌/震荡,12.348715939146636,-48.19339716888709,1058665.8442259545,712957.222929288,1038894.5915572597,1149493.3746263124,-44.25185696307983,-90.63208729811036,-72.37565658117566,-65.36615390184444
强劲平稳,19.12158822538963,-31.069819445245262,1442029.49132975,2581182.0844831686,462803.3156206399,1934311.9804168877,-26.796608326244787,-70.43424230862425,-78.59952928726621,-69.75086546395033
有大跌/震荡,7.079358539670277,-73.30730985538719,528832.3605554892,343362.0179981588,717615.7735498778,391597.6356649856,-55.831211796851974,-96.11048494521052,-77.48845403087866,-77.48845403087866
有大跌/震荡,5.116644884741128,-40.49935509714801,502041.9154991991,206734.79545695786,485869.1095520137,793604.3028580215,-33.90499498530094,-81.48915446085222,-69.36003690517126,-49.35022627113577
强劲平稳,28.169534777046113,-23.31804440768438,2159947.14723833,28144963.056954015,15740010.636326397,3574974.868988017,-22.681417690104023,-57.66809352928411,-53.905203504157754,-53.905203504157754
强劲平稳,18.8927599837861,-28.15126050420168,1326398.4676167371,4074984.9029452093,1163206.1849686136,1271712.246778815,-26.58527078776881,-66.23120642896268,-69.90746995860218,-62.105022675533796
有大跌/震荡,16.992418414735976,-44.14061034739104,1896035.6940712247,8482821.544983743,6542980.752889978,1759298.9860052255,-35.80048906211667,-76.22869034981754,-64.13402206368698,-56.94766596652578
有大跌/震荡,11.173795933275077,-54.54383468562662,1383259.8644113776,4263494.653706202,2661272.848015868,1566736.7899735658,-34.930135677919885,-76.26271422136656,-71.28856541870636,-71.28856541870636
有大跌/震荡,4.856817300159966,-64.94866711147115,412154.56007842935,101851.88740424394,212584.8028470346,373251.21869036707,-51.586746620150905,-96.91213414156054,-83.8578970356653,-79.55235229295393
有大跌/震荡,13.376617518656332,-42.298162273760035,927727.5540620207,847132.4733841899,425398.0952588168,280359.8906610843,-34.72761120471194,-79.49899882647938,-83.93950723758817,-83.93950723758817
有大跌/震荡,6.754326546168032,-36.62842160780425,541872.2208761071,148125.38521567843,195001.06536694232,404938.0326612155,-36.48625953461006,-85.88339427675896,-64.7086441933342,-57.54669236972083
有大跌/震荡,22.09113115972976,-40.538858996771765,2031252.057511042,14323642.770958725,5537443.755308064,3360934.2182732993,-26.530124837634318,-70.70160494170767,-70.70160494170767,-70.70160494170767
有大跌/震荡,28.30209111155959,-58.64207799684398,2462636.898655624,11486141.530551612,28571762.65580708,4787429.238123443,-54.558530478179804,-96.40450884963992,-79.20669832770699,-79.20669832770699
强劲平稳,18.61889813175317,-34.02786878047479,1041107.6011964082,1323687.34233775,836291.3585196387,2034754.2361129667,-33.63126074188981,-77.72113724891447,-69.61207001504759,-66.9682936194597
有大跌/震荡,7.083922491269079,-54.413900942322215,703543.0012150402,573995.9275406122,859450.1643611284,1216033.7308192567,-40.11628168094571,-89.5051358021699,-71.04887985370839,-70.42384215438504
有大跌/震荡,2.5388776495671284,-54.181270554794956,473640.27764915716,101990.53909469741,368309.53162513196,259532.83222468692,-54.15039528284077,-94.33581466446196,-71.03137138911903,-54.15039528284075
有大跌/震荡,1.522004574524627,-49.30401754323198,390194.34224053577,108498.43267910108,73756.40813468474,173540.19373398265,-29.73155799253292,-78.60148601968389,-68.66753757184118,-58.14976273081132
有大跌/震荡,6.945318988117433,-53.68262177961558,631667.9944863287,320638.9222578375,478515.6984368831,1035967.0147874341,-45.64451389754925,-91.38382810610159,-79.61577170556691,-48.68557791388136
有大跌/震荡,5.083228917211713,-50.45710758348726,510720.23262052826,145586.74730926557,189807.18605581517,282211.2915550624,-41.57076553514179,-88.65014197573804,-77.99994015189276,-77.99994015189276
有大跌/震荡,13.624291625009178,-49.72947105025175,879955.1475951076,972534.789608818,751919.6543060377,676146.3460586779,-38.7024669690626,-88.69772680445007,-74.1149684008325,-74.1149684008325
有大跌/震荡,6.79019265871148,-38.446260192900525,407844.64753585326,69121.11617616338,101028.3739631182,214535.55636573143,-38.380659467024415,-88.64927090388588,-68.91714396107989,-65.95620390209385
有大跌/震荡,2.6106249220247957,-52.62823652335336,508445.8390158798,201439.80282711092,1036228.1057022606,1072610.784516387,-52.503775550476874,-94.34324822561098,-65.0092411022814,-52.50377555047684
有大跌/震荡,12.991444668162334,-38.17723908721196,830550.7882797325,821695.9706971586,536546.3614464218,838613.0451534335,-38.03859628142935,-82.04584580494428,-72.4325298614826,-57.31970007802778
有大跌/震荡,21.171621353448987,-41.22355604547394,1679051.1771042708,6938448.034987145,4639385.0683748135,2229572.381715539,-36.29314843332755,-86.35568728862272,-82.16282686913358,-82.16282686913358
有大跌/震荡,6.656918734232686,-67.87480559598684,548529.5882627331,176674.68648255282,856945.8761905789,597430.7170157576,-60.573490329040624,-98.48169229996032,-83.7271139150489,-77.74316268613897
强劲平稳,18.761979967194442,-33.63940598719039,1177152.0474289432,3568519.1255772538,1125908.424415208,1134260.727689232,-33.11453318908143,-73.23615518266257,-72.05601827995538,-66.70097861597378
有大跌/震荡,-2.34072286340542,-71.99692627661379,459475.8206842957,308865.48201384954,612498.3257997845,455959.48225018603,-44.36746139948235,-92.15404018476654,-77.93451389897113,-77.93451389897113
有大跌/震荡,1.5619346221997121,-62.997567347116615,524887.1797595192,156841.88082313378,489744.6329835218,380749.53364651714,-38.38456720681774,-87.50601760456081,-69.7558662772792,-58.01192786674736
有大跌/震荡,16.651538316672454,-41.204665682710875,1169752.2945273079,1962010.188101085,1406189.8788164307,849046.667779865,-36.24607949299531,-81.71676964947142,-62.695771191956574,-62.695771191956574
有大跌/震荡,12.089936787878797,-57.64666749847902,1026270.7945725998,1127746.244226113,704590.679110663,1656998.5041086772,-44.7796125277961,-86.60296682415722,-86.25397056249393,-60.254913423009015
强劲平稳,25.21853141101542,-29.835873388042245,1713715.5816456326,6971478.37084544,2206879.476262646,1411501.2370735765,-29.153822784881676,-72.67287861395735,-74.35500816390923,-74.35500816390923
有大跌/震荡,10.166171953971403,-65.11184693099196,751176.347152097,559255.3268131742,1147502.5329124897,687318.0870331471,-53.32019007721522,-96.35717860947132,-74.54298226320051,-74.43897642316432
有大跌/震荡,9.53586784935081,-47.820733494177034,613839.0969011636,366743.43290239625,330934.9640674299,417862.63465985336,-33.44397764571683,-85.94886585664302,-73.21451333734873,-73.21451333734873
有大跌/震荡,8.55785427584701,-54.58745194028687,514418.7495431435,67097.39855173405,129529.97945517131,350992.1049400904,-46.53850553804495,-98.38102631054015,-93.0653128251573,-82.68548265745576
有大跌/震荡,2.6015964592136953,-56.77649021942872,603625.3535770865,293284.2169717406,474346.3900266441,458062.5279466113,-42.04735464519591,-90.11657482800646,-76.19644481482337,-74.59845474085374
有大跌/震荡,1.1982188316484566,-71.44794852123874,414147.4228866531,54396.64121797616,213528.97620145333,339271.6819989696,-70.5417363493272,-98.71227047603112,-86.42638380044444,-79.95741706476058
有大跌/震荡,7.2064199417092745,-42.62327442176379,534400.6232944191,191951.87216704708,168998.27229645452,212026.585440258,-42.36491369790524,-86.89088433555355,-74.2415845375248,-61.30898805141246
有大跌/震荡,11.979271096909372,-64.72643532215432,982268.0482817267,873588.7399835548,4161863.5726517728,3340784.6091835937,-64.66305694412236,-97.65792299588337,-77.3273600423414,-64.66305694412242
有大跌/震荡,1.5314312442785027,-54.89045666284152,373809.0935292788,36639.03574817462,196521.46536967394,240061.96101559192,-47.660925130740274,-93.56093880573722,-74.09247708585325,-66.3208719081952
有大跌/震荡,4.12708086505349,-55.758971804646464,507596.08018770465,74781.52892990159,114380.05559794363,383193.292377594,-50.949881068052115,-95.87098493802927,-79.36911404654079,-73.92097442597405
有大跌/震荡,-0.8424893265421729,-72.92020660669682,198479.26855020976,3773.961221075484,43581.56686848309,89755.17016821764,-70.83157498420405,-99.64976822550229,-92.40313830487685,-84.35444929623918
有大跌/震荡,8.10355746544078,-56.81717203630596,501505.4688233718,63992.65602177678,189026.5581075296,545670.5043009231,-56.817151486075545,-95.68054695731949,-86.36384157008676,-75.2218040524701
有大跌/震荡,2.4253686709386546,-60.36602076723037,459346.6684060804,179405.00359080586,336455.2835790344,801839.4572064969,-51.96809229585004,-92.45138271349423,-80.5450346119445,-51.968092295850084
有大跌/震荡,0.4118065770716939,-67.3596531279665,370303.20646002446,36919.84403862552,166724.1837353259,540288.9642078722,-66.7451052615198,-99.00473164462467,-89.13622461568113,-66.74510526151987
有大跌/震荡,11.98054041888026,-63.10954931221784,695682.8041827183,366483.0802189241,719481.8663588068,325613.37289951503,-58.05546599846508,-96.70941024495421,-73.97813204973147,-73.97813204973147
有大跌/震荡,7.302066139653363,-64.83153751164241,828280.6336091529,834887.2053419974,528653.4894782224,887295.9645441112,-37.980935816375435,-85.69585906902746,-72.59936152338675,-50.754328705088646
有大跌/震荡,20.868502449857985,-50.467611045707585,1674058.1056838725,4547734.297659079,2200273.854936662,1025158.2937314562,-43.62092729441554,-91.32391805601199,-82.55796579673057,-71.93957613444152
有大跌/震荡,8.369856028606204,-48.98691119554972,557398.4408339657,182084.93808837532,158502.04587557187,264526.718930917,-38.75358718521089,-89.1664935318579,-67.76558209098972,-67.76558209098972
有大跌/震荡,16.092186010191355,-47.310697122160704,837279.6766902515,725258.4787515494,1141842.29557559,1225111.3928414783,-46.963498372781345,-93.00366790714192,-78.08347293177748,-72.03159366549608
有大跌/震荡,1.5823524201858286,-61.27397025452447,683578.785278202,622633.9400959664,417835.14332413196,568919.7308863046,-39.70693326797604,-86.77259058627254,-73.447622834836,-73.447622834836
有大跌/震荡,17.32814526475297,-60.81676546016247,1416735.9203988356,6969570.736792716,4817229.154426263,4572806.74560925,-40.8455116688793,-85.79595564194904,-68.88271190865768,-68.88271190865768
强劲平稳,30.56081751998727,-28.55936952315353,2740850.6584710246,50069743.94738072,29948865.24886871,8727174.958272377,-25.175122280262997,-63.828725655179205,-62.43632223148826,-57.15656444675219
有大跌/震荡,12.364811752760252,-42.28654615472631,1264840.1842146988,3438474.583250186,3050486.6163003976,1819621.1334703835,-33.00292994058609,-79.68953810474385,-58.462158438128384,-58.462158438128384
有大跌/震荡,6.710346367215925,-66.90200055756699,561944.0968482244,474180.627377368,703647.6440657574,655774.5420426982,-53.56581713225943,-97.73817325310905,-81.4025973335806,-81.4025973335806
有大跌/震荡,7.684535536108639,-51.07905583522599,835572.7571893056,1281682.1514000758,1154061.3870770342,1060896.3150233233,-39.22910444627453,-84.78247101042872,-62.20467526895148,-62.20467526895148
有大跌/震荡,11.665529626849636,-38.2052695151581,595992.3056017907,270085.971015117,286691.34132252634,488110.6367575734,-37.578006580057576,-86.8502037914732,-79.18860418546527,-77.96533702778746
有大跌/震荡,-5.646296101636206,-77.15578998576076,247109.74385731184,47645.76311157831,193827.41323663166,139525.89736234248,-60.06957793118064,-95.09500512545111,-76.69566249597686,-74.42886724918102
有大跌/震荡,3.555795533830941,-66.68004285737324,472356.9602501703,170742.37243760712,337836.43058895686,430611.3494867959,-43.84715970309024,-90.09022548834481,-74.20010612305103,-70.27041065176586
有大跌/震荡,2.6668558253051255,-60.48758211933871,627461.2240945651,513717.0535204211,612151.3943520695,400454.059402091,-39.8254510245589,-87.81201784006336,-79.47686676024436,-45.4023917051415
有大跌/震荡,19.246349078035795,-42.33551912376194,1309732.653345091,4044834.5646172874,1925405.1503687915,1894097.7811004084,-34.842526493715354,-82.12708394281806,-65.41490306277554,-65.41490306277554
有大跌/震荡,7.600364962096795,-58.66227934602095,497213.6986229773,173085.6181547327,518006.32884167373,304675.7071826395,-54.45433266753679,-95.33413097397444,-79.13336011515239,-79.13336011515239
有大跌/震荡,-11.246502456510765,-78.52364215286973,143344.5886016963,4759.295880771783,43681.04712207299,102461.59709003176,-58.43009467509943,-98.39460683767722,-82.96635859532545,-63.54438203667014
有大跌/震荡,19.71452595955514,-45.69123020706451,2039423.344585076,7410987.226688566,6989674.580370401,2472332.6137762754,-34.33246449953862,-84.10575392175326,-59.96713918625516,-59.6142291765831
有大跌/震荡,27.83943619616107,-36.464968152866284,2339606.680092433,15116177.734742159,8147304.250807733,2077193.4882525457,-33.97355891398747,-79.81386711734811,-78.37886280795466,-78.37886280795466
有大跌/震荡,11.782442334205356,-61.90376677728027,911297.7585393374,845177.9877943724,1784709.1977307084,880097.8626617647,-58.22206398766916,-95.58970342417162,-75.24527300122544,-75.24527300122544
强劲平稳,32.2335250561689,-33.500893145671654,2956817.788614108,41339870.36590887,32722586.129306365,10070124.705921285,-33.29725537031093,-78.7532052035375,-61.19792661355745,-56.644477700218374
有大跌/震荡,6.757146134008285,-55.9935389504872,487330.7694520016,100974.9713727783,347824.73132965335,419545.9521265712,-55.99355194956388,-95.95288476765289,-76.38613866550861,-58.329826085994
有大跌/震荡,19.98859159187201,-38.81690243327115,1444456.8095120138,3892735.950402632,1527880.1264490762,1155216.9931749108,-29.62597315555223,-77.44324715419219,-70.74114601194927,-62.36134689557081
有大跌/震荡,-1.1803773343972312,-77.5903864436914,528312.9812941247,396250.87526577985,321542.63663411164,311939.374263041,-58.65054374273227,-96.31309967684805,-72.90263110428637,-68.96786281514218
有大跌/震荡,3.7571155800633527,-52.17101706450767,611648.1523078205,397343.80316145753,678927.9052583018,719112.493820747,-51.56165504108501,-93.39204131732234,-78.9013045358282,-57.67861315033463
有大跌/震荡,15.08008521466586,-35.80049958547421,945989.4335612417,1694274.66140163,1262152.6391396187,1317071.3172664477,-32.44587455140465,-76.56983445109192,-73.30988599509753,-61.917107976440164
有大跌/震荡,15.342218969657551,-45.16861259647958,778877.1170027708,944042.8523061856,1777101.6044801013,1086140.076958856,-35.619936885070246,-86.14719939488114,-62.65907373464496,-62.65907373464496
有大跌/震荡,3.6998404673673324,-59.12804952838782,477574.44926991884,153526.67615821023,144483.8127520298,428648.9874903308,-55.46854988601534,-95.51950851275326,-84.05109663884784,-70.45336862572496
有大跌/震荡,0.46078975250511967,-57.465571358295705,286977.81307557854,21448.353620677142,124302.91665322936,153075.34687329276,-49.02584718209957,-97.56524596094036,-79.34797651594764,-75.73806850308932
有大跌/震荡,5.361606865704016,-52.94465211268646,374424.0222132789,70675.65359888748,117581.93248580978,283136.2147335731,-52.28632729410065,-94.71892662050094,-77.92658059216859,-61.997152362411434
有大跌/震荡,-0.039645767011209365,-67.69183716646401,358492.5240234472,47960.06187786725,384472.1476038375,196713.75449462666,-67.57755132598935,-98.28704679996207,-78.90256647647062,-72.04530039288517
有大跌/震荡,-3.826464531632734,-77.53136563997123,309157.0277062597,67211.25649864136,231753.24383679565,220060.40069769786,-62.1198295423732,-98.6613213229028,-86.27915422436372,-86.27915422436372
有大跌/震荡,18.93718571892822,-36.89916161768261,1126007.1728664539,1573395.1983052099,1958587.2920958148,2358865.9998678965,-36.23506172424062,-86.85840773158381,-70.80530378910726,-60.254189754795995
有大跌/震荡,5.210497622041799,-45.059351768434574,449088.01395280875,109546.71957401637,166432.61248316875,259482.24115555934,-39.65053445276594,-90.48120544820057,-77.78215345825244,-59.3270255018287
有大跌/震荡,31.405608693756616,-35.420920442093006,3097804.333364754,44374995.248978995,17953642.8713779,5867337.293841263,-35.420890004474984,-78.59099435664534,-80.22672960630301,-41.06912697642565
有大跌/震荡,23.863787444129247,-39.406152621888566,1942375.916504875,10406534.691213202,7126819.380488136,5725701.663431957,-39.406158984802495,-84.64267429061526,-71.68719490293493,-39.406158984802495
有大跌/震荡,19.037911151908272,-42.79976453418804,1199030.963479289,3488000.1335124085,4119918.2205038047,4972969.451571604,-42.48794546057524,-85.91102740650233,-64.36894906734632,-42.487945460575226
有大跌/震荡,19.350189781037464,-52.44294879433904,1795769.3016135406,5709528.062127911,4399840.544087644,1471380.3289515448,-44.748335938416126,-92.10795928816881,-67.9171014082453,-67.9171014082453
有大跌/震荡,15.877872064092081,-42.18018888985227,1134401.1507964465,2380915.4082903867,2805287.6746393866,2710581.2010661196,-40.19891025314281,-87.74239811979011,-77.69176262830946,-67.60725924647457
有大跌/震荡,15.729383296192045,-47.9460411595362,1144129.1409441382,1818294.3814421361,1590290.2808803767,672696.82171038,-31.17228917792988,-85.6152935835254,-58.85591750044908,-58.85591750044908
有大跌/震荡,9.969072819889636,-45.77029749867273,670009.0623759867,247569.4342650291,82470.3185489831,222164.21190837742,-37.095836176384886,-89.74978093296713,-92.80221785167998,-88.55894027139064
有大跌/震荡,18.40286467236949,-38.31509832945481,1847984.5407956673,6339272.211891444,3246972.3782022684,1245417.4468263325,-34.020432554150716,-78.12803499103316,-63.09500236423518,-58.53915497703952
有大跌/震荡,9.600044817884168,-61.32773671370161,688481.8096476801,563513.2836661715,1235817.2048828157,662696.206080471,-37.434210895394784,-92.76462068064264,-69.65480265989963,-69.65480265989963
有大跌/震荡,10.382733556479916,-44.854342696328665,743781.7990687152,644680.0296426835,570912.4924092158,831041.7711937432,-29.526543826802452,-76.61364434984378,-69.42183991472135,-61.08697015610003
强劲平稳,13.18998456625009,-29.07779488367932,751907.1496893023,717178.2996277257,379605.7183026515,1070596.444793187,-25.863859894101672,-81.14127051192939,-82.77014349227457,-60.4771167670274
有大跌/震荡,11.92591932283371,-63.350101962090555,695130.0868220408,234877.2065104917,763238.8147062735,754214.7146795669,-63.02820111590336,-98.04150985649937,-77.66054071777317,-63.02820111590335
有大跌/震荡,20.51244690831453,-42.32032676712857,1845869.7539438275,7720373.976429378,3689800.305690556,3202039.7482851464,-36.46492243432628,-80.56889734191631,-80.5688973419163,-57.26786172739355
有大跌/震荡,19.168416060906846,-35.46309418612509,1253195.106807324,2764543.276867662,1726986.598570391,1957389.7039891656,-30.14565261293224,-76.90115002758789,-59.3927881766541,-59.3927881766541
有大跌/震荡,7.666374032770995,-52.100706857565136,411989.617310409,91189.17036582991,58689.83181891677,320908.73380814027,-47.60923162511499,-94.918506580409,-92.04460908883429,-65.40155438609528
有大跌/震荡,5.301572332477256,-54.354612089042945,448934.30781034176,150952.4786511449,297973.0776503392,394563.69045959564,-51.547516833281605,-95.18469269429433,-84.02975070748376,-77.28653284801597
有大跌/震荡,22.958977673269352,-38.31388694676823,1808452.7986370774,11603276.259737883,16005416.071651349,4569524.059434076,-28.559376548380033,-81.3738291654293,-55.73197728614036,-55.73197728614036
有大跌/震荡,11.721460511999581,-51.19808315885839,593644.5747776439,261011.99444072504,936762.6335596803,1001520.1805888349,-48.85874323251744,-92.8150497704466,-69.67739166218048,-69.67739166218048
强劲平稳,33.20739796016701,-30.36008042409727,2484150.505941082,30250021.61125373,15427897.424495894,13686155.987539107,-28.010104943946246,-66.0823090620893,-67.34265478095901,-46.592174434613895
有大跌/震荡,10.089095768775902,-54.09292595725628,979898.2979252115,2229358.71892065,1720205.6708806367,1255388.4852044776,-38.451680214259255,-84.2735980443089,-84.2735980443089,-84.2735980443089
有大跌/震荡,15.281168615322738,-43.63584780156856,1258835.8546168145,3171688.9292672765,3546574.8290760447,1731086.559925261,-41.34146306045826,-86.35833543926027,-67.86639274408198,-67.35074571801502
有大跌/震荡,15.325813124792354,-61.866882174811536,1032514.6041588793,1682089.454951397,1367160.5477026051,1046470.0426101083,-48.9634695352134,-92.11948840991522,-80.20850646265487,-80.20850646265487
有大跌/震荡,19.344047844858725,-51.57659820589796,1438695.211902646,4559581.945262189,5037685.582078237,1800282.8982725535,-41.46653284978148,-91.57286548211573,-63.47168301140576,-63.47168301140576
有大跌/震荡,10.354208317027647,-53.43627069756016,770165.5136713459,584626.9321476736,3031236.4018395143,1614897.746337439,-53.011042650894915,-93.53334197925159,-63.96381288187749,-62.83468957762391
有大跌/震荡,3.316634134548102,-52.4678471094173,347295.57788626733,37569.38359809047,63699.34243504525,325078.50399732846,-48.139694408979125,-97.05084400789143,-93.62162999395439,-70.24666491165557
有大跌/震荡,18.083807383077975,-40.44513790363532,1125009.6528712942,2222917.1935270857,1786098.135765179,834968.3474878271,-28.84281544866457,-84.88504311171657,-79.38159050295666,-74.38999450695881
有大跌/震荡,16.904323236688555,-46.29338346450884,1313718.7110294562,2274415.972200914,1334819.265882952,593249.70826222,-37.40680109475571,-84.86128249856213,-80.40310132140279,-80.05918815701654
有大跌/震荡,4.166353328185823,-66.10306855115228,299612.02523765387,23306.584491041922,171461.3538865993,238631.19893163056,-63.348679632159865,-98.6474318655242,-83.86893743228964,-70.47637810120044
有大跌/震荡,1.3207487215359581,-68.82995587094763,243429.0305683121,13034.441330005944,525836.2309643449,420161.80094935896,-68.50377867718117,-99.11320541376666,-79.25642389359712,-68.50377867718123
有大跌/震荡,14.089517150974817,-53.61218388653791,1108836.3729075263,890433.8319555246,1984682.8797859335,3209802.8169068256,-53.26486998572098,-94.43372749825294,-79.39152799418956,-53.26486998572102
有大跌/震荡,6.6659334470263065,-60.34792495902299,514733.964092075,124956.48354739873,80393.15329352363,209533.9809193621,-49.726883518809196,-95.31837183202438,-91.11575483132684,-68.12323256684914
有大跌/震荡,10.779354863296753,-53.11564486607113,510133.0641875792,121681.07008702417,235836.67889501256,751367.2137597146,-52.69099274458321,-94.40395861929348,-84.36398555862358,-64.28921104419186
有大跌/震荡,9.45877180742456,-49.75328680719676,1029977.2722508134,1710401.667717541,684712.1131083627,874320.2000668314,-38.252806976049705,-86.27346509590052,-70.05378315301958,-63.65931141308635
有大跌/震荡,-3.771202259080053,-68.49778961114032,298455.6515328802,59425.31617129424,186862.39796146334,178130.88446799637,-51.99639415852001,-93.06373518342926,-80.20531971454938,-70.14875975357815
有大跌/震荡,-1.2240301522204566,-61.79153193893276,375519.04496017966,86925.3834980522,64901.72403616915,225018.2682230541,-39.91075157362985,-85.99266235455794,-82.41971070187152,-78.80845446971043
有大跌/震荡,23.039846658265084,-62.055489350936924,1411229.0925717852,2298496.4829772264,4196528.672548892,6947092.697368272,-62.05548793267157,-97.4169973723884,-82.06891908510788,-62.05548793267162
有大跌/震荡,3.450260787272086,-52.48146639398441,741572.0660588657,980650.765744153,750243.650006603,733381.525072806,-30.75624325241263,-79.27094714814645,-68.35124725839418,-68.35124725839418
有大跌/震荡,10.57559042719527,-72.48183681857088,652800.5163413975,347331.5357370274,1634223.958622444,683328.1407945496,-62.90508474685217,-98.61711912010033,-90.98310001270853,-90.98760846270217
有大跌/震荡,1.5610803811861196,-66.99524510077148,733922.8256707721,684721.3751554191,304176.3885280662,505643.1442306675,-32.43637635293912,-76.82901221475925,-67.25856071989973,-61.73027806731257
有大跌/震荡,5.70915995577006,-54.44327369934552,641923.7865550348,545047.759944082,909639.0194053813,923825.5147036423,-36.672328491498284,-88.6354884537391,-61.11263949355597,-57.63522661669176
有大跌/震荡,10.153652340468877,-55.15347320929027,611097.9984764907,319107.7445178885,574653.0823677519,593624.9225542335,-48.25473424968034,-95.41882619234488,-79.20339902495493,-74.23703816372445
有大跌/震荡,-0.8756331569662157,-66.64165958405238,454682.6355415762,75017.55211628844,544676.0059456707,890774.5558237671,-66.64167059629563,-98.68112131240002,-79.02037259546863,-74.30931322591896
有大跌/震荡,-0.7607393593467182,-57.67349984376375,265163.9495933773,27626.75456502469,77158.36068505519,244837.2977360594,-53.25491195705626,-97.10495686660802,-90.68482651625092,-70.44128616193541
有大跌/震荡,30.885790948089898,-36.2715838738284,2634014.294472525,22200730.2746965,10412210.532141784,6784761.250347886,-27.558152276808677,-81.43332253906303,-68.20317206531999,-55.226339586895044
有大跌/震荡,1.4398599258318434,-58.750340493676326,442978.0071460511,81849.51658406365,326095.5632845233,377162.90206555993,-58.3737868287159,-96.0338827520941,-83.51226284053682,-69.1286408645915
有大跌/震荡,19.68909975336586,-40.323194876427834,1242226.6351174118,2935427.4209025493,3854706.2934421166,2351511.045434358,-38.06914283316555,-84.30398574960634,-58.5410117778033,-58.5410117778033
有大跌/震荡,15.960493254883247,-61.492279656071005,607347.7706888809,160417.10385986572,625355.4977131444,1022879.5546656891,-53.79534263884058,-98.60632619446419,-89.44938010405713,-81.47962313353449
有大跌/震荡,24.569119576126397,-47.9293544457978,1782169.342384505,6671251.47349633,12218995.82105902,9416557.28599248,-47.92936683327803,-91.77852159450721,-68.80637171704389,-54.496221200884584
强劲平稳,21.60943581914776,-32.6077725474178,1562829.4940731556,3330163.8598908144,1138577.0518132045,1342277.4125565072,-28.559376548380023,-72.26835646176998,-71.08935556741105,-56.08857967955112
有大跌/震荡,14.989901759893254,-49.67843382027578,911743.9908241548,1196933.6549807794,637020.2300864047,453325.5467267548,-47.110160311657054,-92.25352203507722,-84.50477496890771,-74.31548490545609
有大跌/震荡,15.789361922996626,-48.389375237721666,1084581.1170126728,1963822.6480794277,937897.3009840756,891831.4835311893,-35.71787058792266,-81.74552774919948,-58.486248939217944,-58.486248939217944
有大跌/震荡,4.052358316043958,-66.66711371771822,860846.4373013495,1028411.9435095714,670208.1860932241,746551.5310143122,-42.92458292576218,-86.06445151751136,-75.97100823439877,-68.69975700742863
强劲平稳,13.579243388362162,-32.67271079100353,1113718.0766522526,2054864.2192963804,555165.9041960817,2705528.718497688,-31.97663426702363,-86.44257431292874,-91.85053416122942,-53.78552519205621
有大跌/震荡,4.494242979222696,-55.05465806567478,469036.4772962987,134896.1360093111,118971.85400760217,472426.5207912129,-44.85849439099897,-90.3500994775785,-87.66230368768524,-54.22371811016151
温和平稳上行,11.936925453194668,-26.66174930990651,805745.2737553503,1068547.7772446387,556406.7069608779,499806.57797583146,-26.66174878428401,-64.84207723844162,-53.99843767846219,-41.30762997298244
有大跌/震荡,11.364167414530968,-47.33253083113909,529690.7952408503,233227.11454498195,383841.2216066411,704209.6952284541,-46.968968725875214,-92.16016878458684,-79.0864340418733,-60.2659087237557
有大跌/震荡,12.046638228342378,-47.92935444579778,868152.3050941511,676427.2466277668,757092.5234910441,620659.6217805513,-36.903511526900004,-87.12650226776057,-70.07531745826371,-66.5554196938898
有大跌/震荡,-1.7151983751947486,-69.05678162066293,309138.46723764116,28233.637403174627,56639.908258340394,257498.24011132505,-56.60210141614179,-96.43991801415324,-93.46977540894348,-80.54073916089747
有大跌/震荡,14.747457866476243,-62.478911590793,596843.7847466914,372681.2803741084,645437.7348211518,1945266.6071790762,-61.16290025943319,-98.22288844982474,-92.98481510936125,-76.40383037083238
有大跌/震荡,-2.931870915690371,-48.873304483288095,345356.41039829486,68047.66084792517,165789.6273233073,152056.85373375483,-47.21263488459855,-89.98229564013909,-68.79315736431839,-68.14227298893823
强劲平稳,20.886586064022005,-34.45426582764662,1053767.7328839134,2036424.0266895718,2634525.907117056,1831759.547862427,-33.51759560693387,-80.4903648607487,-65.87468552756133,-62.346397621774585
有大跌/震荡,7.850528423061354,-45.203832660435715,761678.5959342855,888983.8730972513,394162.2409948529,490867.375870946,-30.24168256443729,-73.51162896856096,-66.56169189570194,-65.38293115314835
强劲平稳,17.08523320870894,-29.37992503156123,1059379.97040665,1776156.6167664402,189585.81849285704,568958.7014118045,-20.901051908790226,-59.02513337723374,-82.17093292308193,-69.72285405763216
强劲平稳,22.042864278023,-26.328403809276544,1510764.997790194,5374118.1138506755,3332107.3476212905,2192214.7925217655,-26.277016923953454,-68.85018709852034,-65.64315738733445,-48.67287924478575
有大跌/震荡,-7.216099316164182,-76.53290615245209,420560.17679172696,107664.27847043877,366696.2370756782,225631.801939995,-49.498417457431565,-94.9593777277998,-70.71035250573131,-67.00688734415088
有大跌/震荡,14.060500784207752,-46.31045468678862,1134648.403729874,1997295.7846751178,1917162.5260702036,1146623.7457048532,-39.14221919159188,-86.8084083128402,-71.89100581733481,-71.89100581733481
有大跌/震荡,3.1451858335113547,-65.57463513729093,357608.21162639867,45814.05450574614,212267.82542514868,217022.17917510355,-65.16153728593821,-97.54831088995013,-77.86904202709881,-73.04417718029137
强劲平稳,16.034939554728634,-34.30325698402056,1080262.691662351,1623601.3329635318,1223819.2936620433,1843033.1581853346,-33.48743240692288,-77.2488083566842,-64.91916692708233,-63.72702527831318
有大跌/震荡,-7.949103831561565,-75.50021047795038,169733.27285254592,4624.083985312201,35360.233301077315,69008.30024200548,-69.73361982374989,-99.45270786568638,-89.51465806966647,-79.96520060730941
有大跌/震荡,-6.096726624683802,-89.62158124852209,579879.4675122647,515548.4460897191,262645.49489944096,353664.70590165997,-54.44419249856078,-94.25878051450978,-72.63245092178123,-72.63245092178123
有大跌/震荡,8.31154952721831,-56.02741887722995,811441.9197431452,687627.4996186176,1041664.792753049,596286.0473898062,-55.31164599786899,-94.36313702296295,-73.99811517466485,-68.61583005016386
有大跌/震荡,6.955085354386181,-66.82095080432593,481528.06622671237,54822.56801409865,542281.8560252211,375454.3996851285,-66.82094875774698,-98.43373457175993,-78.80346764900685,-67.77997235879808
有大跌/震荡,0.9363628038014049,-73.16032147555063,274540.0405608759,11810.150586767164,145973.4053728308,301003.8375693635,-72.41103807432128,-99.35104853288188,-90.13933678479856,-73.89728331670675
有大跌/震荡,7.79050021381682,-53.78957378347528,476515.75487387046,82989.22699189719,114605.6378936134,562702.0569664913,-52.31785363053343,-97.32301288654216,-91.57881864437017,-60.92755521477452
有大跌/震荡,-0.6227768943016354,-59.231065702029895,346252.2888786972,57425.72743711337,277402.7985491446,405013.77852909535,-58.97632350586196,-96.93106285446208,-76.4435583399755,-63.33659605671724
有大跌/震荡,15.316948664373541,-49.80061231866796,1229843.4855428592,2952647.240310446,7660747.154995978,2321673.503834834,-49.37124397444032,-90.1012327839372,-66.480167961377,-66.49692787739632
有大跌/震荡,6.784460587483232,-45.470292546912226,809615.2286009713,763883.7755633187,854430.9313260642,362216.2356420209,-35.83987222982644,-87.31839194715653,-72.03670718971364,-72.03670718971364
有大跌/震荡,11.668308811588757,-43.93474652642286,699867.2279640017,625051.3489913907,524559.6185248921,367323.8994405751,-36.762222135866715,-83.5661090576525,-65.58328845977657,-65.58328845977657
有大跌/震荡,17.9430483996587,-43.27959975558674,1295045.6241057303,4492908.740759742,3438289.5005572448,2612162.887041475,-34.51601354717887,-83.41551761774944,-64.30918013758577,-64.30918013758577
有大跌/震荡,20.596632035655006,-40.41958378364248,1364274.2715723184,5613618.750908208,6216173.181670237,6964251.089868015,-40.41956552934999,-85.31013449422943,-70.41287982780653,-44.591879510700885
有大跌/震荡,19.751597582574565,-36.580950287966665,1343712.2666586472,4956131.400803818,7513976.151837667,6027024.641201929,-36.28107829733904,-78.96598080436712,-63.11463974935745,-59.204775283440334
有大跌/震荡,19.33338637656359,-48.64385693738097,1125489.100651531,2197210.863626053,2000555.816175339,2711663.2717988477,-44.07538644380098,-90.78476682345918,-63.83939557819578,-63.83939557819578
有大跌/震荡,18.37760178704979,-50.754744065266024,1122904.5182998327,1227289.9861749546,1152962.856124414,1067707.3523702081,-42.270027036870786,-93.77346905869712,-75.88293688483037,-75.88293688483037
有大跌/震荡,19.835402659500232,-47.363215711439345,1279713.6049593575,1926146.4303711513,3235076.389103241,5161281.2908080425,-47.176109847607385,-93.37820134932456,-86.59087667417668,-47.41230775117216
有大跌/震荡,11.509478959639718,-49.753286807196815,1140711.1460223738,2093342.8571713194,1102283.122186936,935916.4412989527,-41.640410500911784,-87.42825678120745,-81.961305555457,-72.1070167754231
有大跌/震荡,25.512871336778886,-35.800499585474164,1981483.810781077,8787895.098183436,4430688.58069853,1819037.017141736,-33.832851396559015,-79.00328835658527,-65.65655784044489,-65.65655784044489
有大跌/震荡,-0.9053188916035682,-83.83878910230982,968104.818274718,2589808.6262894827,2647260.5715362206,1996302.1107722213,-32.88463137963773,-82.46229883622203,-68.93886335896757,-68.93886335896757
有大跌/震荡,10.486369599590217,-47.158855618321326,875195.663036745,989735.5495970653,542848.4540062154,720920.4706776718,-37.422775130023346,-86.00998943948682,-67.49834005018202,-67.08720086071185
有大跌/震荡,3.51733774643026,-77.81267006174741,1147706.1936850313,2837560.0821002442,1707397.704303208,915332.3960116531,-32.829792605443906,-78.08364232602851,-66.8311878954061,-66.8311878954061
有大跌/震荡,7.845175669671867,-40.25126099920031,599405.3773696416,316341.11925433535,300778.70438662823,338946.61653437966,-39.44585901492286,-84.93093512182371,-77.00159669662283,-46.908625457840635
强劲平稳,27.5197516660014,-33.72496299095475,2399585.8347725677,20117163.119197335,12432856.651404297,8004236.921521019,-30.271038095365142,-78.74014533238838,-68.7420618886022,-68.08398475775252
有大跌/震荡,15.198070342414072,-42.24154956508486,932022.3898906609,677276.1680962454,425881.80775789724,349420.0218151375,-33.76145658182804,-86.8326956758856,-85.9456608639262,-85.9456608639262
有大跌/震荡,13.617226795857018,-42.123065617826626,678806.4487816052,444530.6832297101,622668.8145381686,856668.7306351758,-40.14743865220287,-91.8614700711739,-73.46152835144359,-59.80758303640388
强劲平稳,15.419876950516365,-28.940177948153924,1096882.5464588148,2622526.4832319864,716872.5151772946,1248789.060478181,-21.425135105744275,-62.4269282518489,-60.72821698843235,-60.72821698843235
有大跌/震荡,9.030423794274167,-36.34725974629686,562984.0141589568,270160.54111920967,227877.70567490094,662542.3837592254,-36.01567985617265,-90.50978285181257,-86.72144484404714,-61.39330278121034
有大跌/震荡,13.755594328761344,-48.73750070646783,1146848.5641594378,2146901.8256962914,2131180.1536696977,3031683.610632965,-41.196860075721645,-90.65136156590712,-66.05952293048927,-60.62466406799927
有大跌/震荡,23.606478644123218,-51.27986950211001,2581281.068582804,38236101.82482896,45523539.635777265,9638462.284435043,-34.04990854037716,-86.42782128124627,-65.90843408708744,-50.452874446172224
有大跌/震荡,8.280222464542298,-64.39824671528514,439129.3188765477,93044.52753318292,409214.6430809648,377504.6349873935,-54.21848728868257,-97.91630455672713,-87.85972778416267,-81.7059930259006
有大跌/震荡,16.87186648133361,-36.131841867349415,1256417.0761281475,1384017.694243704,859626.275204172,1082733.5129318119,-32.49293327148754,-83.66912985483843,-81.48350835265632,-60.07949104999092
有大跌/震荡,27.868046762666943,-39.78873239436622,2202732.6414272673,11994341.109206636,9381319.913587434,7755658.882388264,-39.087447149407275,-86.04240612993404,-70.20684533065047,-70.20684533065047
有大跌/震荡,17.00917586088806,-46.60920636524287,1187792.339679647,1522547.0658748846,882227.5410543095,1589155.0186355654,-45.88513678036967,-89.29414130191495,-78.21041026037884,-55.78195401258801
有大跌/震荡,8.858614205405901,-60.39164953186498,637461.3101803812,296624.9865965241,806551.0529406678,463899.30720557366,-44.59969614542959,-95.08098577716568,-78.03446262533762,-78.03446262533762
有大跌/震荡,18.171569117880804,-38.327642214606364,1400161.7857223223,4524332.552767853,3295793.3205164606,3106422.0426031635,-38.235726155512616,-81.96766136740989,-63.17213017689346,-60.3806545896657
有大跌/震荡,0.4044713885766882,-67.40829179093085,604377.4132528269,681057.372052426,599320.8373215364,805366.4605803759,-39.93162944309753,-88.465650987833,-53.411047382015674,-53.411047382015674
有大跌/震荡,16.05542949576968,-36.17942060401384,978208.1752239519,1200005.8852661997,461801.1118223579,886694.9447296509,-28.61619910636741,-71.64800045426911,-69.62065160366147,-62.07956431996953
有大跌/震荡,5.915931283478715,-51.43818937253233,392992.65157379553,77265.50957995318,506708.20256808575,469302.5311343114,-51.15470840531909,-96.04371973186232,-64.31016130455282,-64.31016130455282
有大跌/震荡,-5.545529424272733,-77.99605245049,135212.2484468365,1709.8461506703977,95927.5633362647,108726.72724539482,-71.67727911727066,-99.68042673727439,-85.78946667680181,-83.89342200607256
有大跌/震荡,10.070619901522226,-56.87785913155441,632041.7348953099,187911.14087536844,516437.730526201,480661.07171128335,-48.398056434417406,-94.18488643228635,-71.07729348707792,-71.07729348707792
有大跌/震荡,23.691573704727166,-36.46496815286627,2139898.9979174025,7711670.551975751,1765736.8724225764,1617323.7112206186,-35.11193879111445,-80.21316115040466,-82.13232506693038,-82.13232506693038
有大跌/震荡,6.106788130115048,-51.460452944874525,794919.2396784608,419461.0987723579,1371262.910377211,1055551.5690585915,-44.91832678401939,-91.72495226965503,-73.29252839944849,-67.07738481901511
有大跌/震荡,22.88339118194451,-35.57383269495611,1241607.221209633,2696763.572104722,1173557.067566269,1112169.5943661027,-31.740978194663462,-76.39745025349923,-74.01175356853697,-74.01175356853697
有大跌/震荡,16.09522314218843,-51.303015613966075,925583.2895113921,932057.536381706,1207089.5029861552,747573.3691485948,-46.999509256736815,-93.34013783524568,-72.53252363469528,-60.136159553196464
有大跌/震荡,5.944901765075983,-62.93764898720649,532830.2752970743,233276.59468588766,625842.8446894657,352750.95272524946,-44.54292805700963,-93.9901351998401,-65.67073219037074,-58.138542345902245
有大跌/震荡,19.158383104839018,-45.5478390127623,1749016.6080531005,6394333.602844389,1501807.9031808337,3588337.1902013575,-28.559376548380023,-77.32087259946015,-85.12357772788943,-73.08324328114628
有大跌/震荡,3.959579297806659,-38.79711908287874,511187.18786632403,178316.48504322194,138828.8314609503,245241.09562288618,-32.19509372040936,-79.06618334871315,-72.31094265053567,-65.39592502572049
有大跌/震荡,12.670968923898007,-65.28140567830019,684648.1662468172,334987.865613438,1164143.4765918881,2476050.1583626145,-64.0138176394409,-98.88017044032826,-90.77390788112939,-74.15551410250558
有大跌/震荡,14.048119105729473,-50.408263711672596,935154.4214487915,566807.8126831569,768487.3622055526,1250646.7505341226,-46.10338750282644,-92.49280297123049,-73.82903772711973,-70.71265951512116
有大跌/震荡,10.311224254004415,-49.17460331541147,924432.5932647556,813663.1654403612,1061615.9268132187,1216392.4632818876,-43.48317068298066,-86.84961400766409,-74.2518164683316,-55.87667441470736
有大跌/震荡,20.399564876398202,-44.34920543752364,1192026.9631071961,2711178.4117762726,1316936.4546203637,1252627.1839672164,-31.95667559221932,-84.31318833916681,-58.159928699738096,-58.159928699738096
有大跌/震荡,23.051929602087018,-42.582128023217045,1256791.1101212935,1710875.7445944992,1159632.460044493,1864280.0696273143,-42.400527894272734,-87.99659257677452,-81.69795320646037,-81.69795320646037
有大跌/震荡,7.1363869383080925,-67.39692674086828,896164.2028662555,1137521.224717654,920787.7839638602,1022126.6852829518,-44.54098890542001,-89.58227007025941,-79.27915883989075,-69.10557103031137
有大跌/震荡,6.431650371711872,-58.48630432049872,400843.4955024026,101875.0528610477,505495.89503746305,384474.323102006,-57.960224159292174,-96.50066682584333,-79.11902411157699,-78.16582269503974
有大跌/震荡,13.04025447433892,-39.6068169478181,1117157.9350693363,2639428.844047673,2039106.5364806743,2326168.11683056,-27.398397861622758,-72.92538257333246,-63.351970248376446,-63.351970248376446
有大跌/震荡,-0.4734763785959051,-64.44260717632085,345578.2579868253,58750.07505015701,838733.9783845426,424965.91185296135,-63.82999981162713,-98.06542516710533,-75.9907375313128,-63.82999981162718
有大跌/震荡,18.301252500437503,-35.06436593838358,1176039.76691587,2620066.0752459806,1754287.4743694598,713500.2489987119,-29.751928433634443,-74.7400010966763,-65.27243804198584,-65.27243804198584
有大跌/震荡,18.07723799076937,-47.16587889442649,864104.7212930244,987164.4717516546,1104833.7416340932,1360219.8714981629,-46.961680084955645,-89.6071440622432,-74.99491863575977,-74.99491863575977
有大跌/震荡,3.635611756567614,-59.79274336342384,357043.9396593579,49281.727967833074,209837.06252194344,333122.87129038933,-56.549789989721134,-97.76597322733825,-86.99594517157615,-80.492532382702
有大跌/震荡,3.51432746772522,-50.28503895228529,540706.2072034039,250161.56719616323,403835.42987774644,452750.4077413802,-47.03080437785259,-89.3774283816429,-69.6437972076117,-69.6437972076117
强劲平稳,17.716235841631402,-24.818447255376995,1350598.6675823247,4218530.058179039,1738176.5865743156,1143157.4687585053,-21.976234286870522,-63.17189164069789,-60.43795254089619,-60.43795254089619
有大跌/震荡,22.929255972326956,-35.43418447990042,1525678.8470518666,6710688.078411658,4656721.231305927,2515486.365184405,-32.93192261470874,-81.54647128022002,-68.766378090249,-58.15283256404251
有大跌/震荡,10.619623729012861,-44.37842631181107,721903.5204391272,427942.369392621,347812.11963467207,518228.13245748857,-38.20773867931475,-88.09165316184317,-80.56563096661115,-80.30741077433275
有大跌/震荡,5.7440832177724,-64.16761397564834,605564.6790903856,342868.732973912,544770.6041202539,371239.36299755436,-56.99220251363754,-95.62436819024455,-74.40701434772873,-74.40701434772873
强劲平稳,33.877488319918434,-32.9429044087468,2084453.1357615374,26426885.890931845,20936611.55234448,28069648.65490554,-31.987803047482455,-82.91999297279762,-78.36881926510733,-51.250455448903345
有大跌/震荡,10.822600400977155,-38.15535986100868,640037.7203729261,490301.6999555975,384741.17769619956,483108.2539338987,-31.205297356022733,-80.40140223249931,-64.70377559650117,-59.1199014700275
有大跌/震荡,11.853303179631226,-47.30331541432658,551978.2488632307,220310.61396621776,603977.5269437492,1457775.8946197012,-46.714711267405775,-94.3954505821793,-81.4424501690508,-51.05019804284105
有大跌/震荡,33.258117001620114,-45.709388320785685,2679762.695569064,29434850.752685007,36490964.83456145,16687246.595350455,-45.13875230925626,-90.12488228642161,-74.6310580786369,-70.83673056510354
强劲平稳,15.798541153448786,-29.656280120081725,862849.1019645875,1137534.8029107975,655958.7301696772,479246.7936204643,-27.20726744643278,-69.58273166364441,-71.30701256533175,-66.68322915884353
有大跌/震荡,10.191324531585844,-59.926115645795754,896440.8810093493,1237734.6175871538,4763657.412697918,1352040.7213899696,-58.15862686381029,-95.69562214961141,-80.84991770060167,-80.84991770060167
强劲平稳,25.519531174675357,-20.671583598213683,1956704.1392519635,13492722.989429776,5644144.207819955,2632504.3043514113,-20.471825765347397,-57.58516454092848,-66.78181827004711,-47.58843675296214
有大跌/震荡,6.507991449575967,-79.21492956559217,286784.6378439521,21766.2513730067,160872.79494070567,361029.2565548475,-75.37102778331499,-99.85116544476239,-98.33437077929992,-95.1729676605704
强劲平稳,17.8123392644562,-32.67662095814907,1306553.2986507276,3325131.0934295584,2290678.6162185683,1897559.5789824429,-32.676606533271936,-75.02863595068702,-57.5353358395003,-48.54231062342739
有大跌/震荡,0.9972612378339019,-50.00672465773221,426885.87439151696,86077.74770853402,190465.30329927127,395991.90827429324,-45.150365382472465,-93.07490009807515,-77.3770531777053,-68.07214606007147
有大跌/震荡,-12.472756957256959,-74.8488158044843,187594.2864296787,10412.905115075717,62400.41445575731,117721.42339425857,-45.33888144631496,-95.54127188615136,-82.57811939181828,-82.57811939181828
有大跌/震荡,4.8023909904757245,-48.56937765402514,608237.1700244022,376395.127294639,346082.4829785688,373886.2364456608,-36.46492243432632,-81.39130003211737,-63.22581219259875,-54.64021597567128
有大跌/震荡,9.063680182121846,-49.85371568351595,608992.2289009823,277473.252674713,506868.4549015348,493949.50459481135,-34.17120098197378,-89.5749055532212,-73.90866999785129,-72.23769825440237
有大跌/震荡,12.766597986218553,-41.376145962221536,826392.9444497972,472654.55203892506,698849.1642152662,1114274.6618716358,-41.33662845885334,-93.53434505495761,-77.75570394257704,-61.25202917547414
有大跌/震荡,8.48414334128793,-44.77962594445519,793803.4102873133,585522.6209235901,294447.32766626705,892094.3692376578,-28.768229574156923,-77.85509981843826,-82.31353228087504,-54.756465590750736
有大跌/震荡,10.777514963457957,-50.23028537552883,802738.7904020653,582494.106141754,897914.90867934,1006550.4266996374,-49.75328518220301,-93.40407578543596,-81.6948098986905,-60.82847463307939
有大跌/震荡,2.333050057316033,-58.81850439212775,386823.1740808468,63060.164424175186,101684.74551236055,334670.29254605813,-54.01929587150378,-96.23156221995413,-88.19505134985769,-78.09481137778067
有大跌/震荡,11.875495418736692,-47.71503408335845,927611.2775930389,853096.9329408035,2714835.392104164,777800.8047787598,-42.03631182276697,-90.9083261941307,-70.75636725286618,-70.75636725286618
强劲平稳,31.826781907893743,-22.322573371852283,2486164.062536294,57626297.140601814,33699429.59866877,9911218.319058497,-15.818464679135403,-55.114234265460524,-52.04544265832547,-52.04544265832547
有大跌/震荡,28.020912177126746,-47.67806116171196,2308127.364001888,13179901.129173497,6527551.491572938,2191694.638868709,-40.07004288086497,-86.6483378575156,-88.06138110889256,-85.18810875501842
有大跌/震荡,1.5608492615371006,-68.1656025019632,470289.6641798248,248821.56114208171,303221.2166787598,414130.87792313454,-55.7785278377969,-94.65519402464304,-71.37782375638986,-65.63998382219674
强劲平稳,26.337835837366995,-33.928071174238696,2316725.352342177,11233746.116200145,5465246.073365846,948832.1945680022,-31.22190584760697,-73.35410562175899,-78.67132760497427,-78.67132760497427
有大跌/震荡,7.593531353621019,-49.75328680719679,603426.9547325282,226581.61592959563,148162.4726035774,387449.00358645397,-47.3851207305772,-88.91079941441451,-71.88903327897069,-68.25810060443725
有大跌/震荡,3.5070744828963774,-58.80931842117517,466702.48835916544,203995.22303317577,260399.57413123923,342956.8152642481,-41.26497841766297,-87.38012562169315,-70.9310790146233,-56.95435779616933
有大跌/震荡,-1.717457023538882,-85.13019913941189,512038.7634299156,324389.5234143723,352511.3774118582,461204.3185733881,-52.87770601368016,-95.50070173316372,-79.8953806957304,-61.7872345297398
有大跌/震荡,-16.595741028210632,-88.42533667385237,68658.55480671728,271.77431135227766,10389.24697865205,37231.85203364077,-74.91931897095463,-99.86017758673623,-94.04907102216362,-78.67370872780467
有大跌/震荡,2.7417109895557568,-54.21848842075894,466684.7901671002,69323.46638914797,140315.4503580444,266661.2320283982,-50.14240962311205,-93.01151495687614,-84.62118420244657,-84.62118420244657
有大跌/震荡,13.824950776981604,-66.16230290241609,620642.0970735021,192475.97428654032,562262.05311857,1282979.8257352347,-65.88231735260769,-99.05947662541712,-93.01988412560792,-70.25172600892257
有大跌/震荡,5.115479770797937,-59.76212572597193,510978.42850152537,124766.2493017997,496125.7693735389,522629.52155764226,-59.67556435733974,-96.92458567259217,-77.39601668423136,-65.36193537416688
有大跌/震荡,8.715935297110944,-60.550326734759686,661289.786922576,248938.13168647926,708796.8705774792,958416.6989943315,-60.55034604757391,-97.71481284939047,-88.16468219773523,-60.550346047573896
有大跌/震荡,15.483719001384522,-59.38343225691205,860310.5893428763,1124213.683416374,1661856.8631912281,1108055.3177034806,-58.759325941351406,-96.6241166378137,-88.37609805966856,-58.759325941351435
有大跌/震荡,17.006531579563777,-40.962631018569084,1472472.402797844,6465065.531419532,4345751.695277675,3778972.884873867,-29.347822647705446,-71.51479424723613,-57.92344404733449,-47.923575900331926
有大跌/震荡,12.939855726488325,-55.7776871028093,847579.9079350336,551626.4139224457,791142.1770856198,828113.063850289,-55.567759097085954,-95.67586081997396,-85.74622843315437,-76.91875547877106
有大跌/震荡,17.70810461552932,-46.732858325160706,1209037.6891346362,2589458.3529075584,1999076.2430393947,1645951.5638888008,-46.73281190106303,-89.2219409347722,-73.4766436468159,-48.53823543708571
有大跌/震荡,-0.8543027374705137,-57.22836477902333,335361.0630067786,45152.2638193103,79010.90366828364,155749.66929933333,-48.373890108301964,-93.21149503417007,-75.08536045610245,-62.893752552283914
有大跌/震荡,3.0920619799525317,-60.550326734759665,523340.96040194423,244820.64298491165,462056.1706268899,687524.5773850709,-53.80501721279401,-94.92787104078087,-77.5767229691607,-77.5767229691607
有大跌/震荡,34.78175130393086,-46.598031347318035,3679869.501846803,70603343.56363408,101620590.99972159,35081629.18167913,-45.436297720208344,-88.77352495183179,-74.991847231399,-73.70433111414249
有大跌/震荡,16.27244373457437,-56.58456714741805,1876313.202021546,10617238.893960174,3813666.267773258,2584030.55130081,-34.969056443135074,-81.72431645754685,-68.68920571522075,-63.15778040002078
有大跌/震荡,7.964430261504063,-48.5192342283117,422295.00952385954,80158.08248963782,127047.06436982616,316341.87945517065,-44.57347874182717,-94.97510159555203,-81.83518112178089,-61.43317865065083
强劲平稳,25.664966540916744,-24.26666824905961,1961459.2214451777,19931756.16811326,11915692.741147157,4241282.877140186,-24.26662659247696,-59.328016062792635,-59.328016062792635,-59.328016062792635
有大跌/震荡,20.62159002519477,-45.115100760404346,1249593.0157495746,1878961.7588486373,1647259.4709541039,1652715.393899679,-39.61000344370789,-88.19895593137457,-71.29341189592576,-71.29341189592576
有大跌/震荡,16.94540250831682,-51.43943791801529,747507.8212461763,525465.0254725548,589970.8759427998,717483.6570793925,-50.91581282675877,-92.89958411805436,-79.72671253944095,-74.42050416124002
有大跌/震荡,9.195796087519327,-58.95637549986596,945516.183796201,991254.5148346075,771583.2469305735,1348308.3006888109,-30.08577579137143,-74.51688231744214,-61.56840124263398,-53.09778581184554
有大跌/震荡,13.707143247097896,-41.001580253236845,1182938.5084115078,3502996.7822884903,4524671.027704188,1597283.954909044,-35.19966728401789,-80.04286903690199,-60.94582965512102,-60.94582965512102
有大跌/震荡,2.7530400609354855,-51.8190132604126,359677.2464781146,39602.95601551712,253536.17451138695,381300.2047801974,-43.8868906338732,-97.54410994853163,-79.3374934027628,-68.92507346542428
有大跌/震荡,12.197166687281769,-42.21572242405266,842942.8691151667,670789.1541258919,1153614.0093089363,621183.5982454905,-42.00139943511013,-85.7159427479346,-60.827973249220044,-54.09065006632812
有大跌/震荡,7.862221931012892,-40.73518873535926,630204.315709795,324696.60495323926,187733.36095361784,283550.522420657,-31.019527475784802,-80.02243026974945,-80.00285976173483,-80.00285976173483
有大跌/震荡,19.932001326205473,-38.5886947065342,1555940.730901394,5691286.174374727,4067805.0074744257,1805813.7754405567,-35.617482542290745,-79.2298070485075,-60.126215958723584,-60.126215958723584
有大跌/震荡,0.44204887385035363,-54.085932466799335,333375.9335870829,31152.74630321619,57926.48174101711,126186.89814768675,-45.884453854273445,-92.80029198627511,-83.2280277982288,-83.2280277982288
有大跌/震荡,-6.768832490600996,-83.61747516898038,245624.59800285267,40885.28593832654,132559.7659278615,163636.74595175072,-55.98706870604357,-95.15415856352055,-77.66366928334514,-66.88257622245555
有大跌/震荡,18.448592663959595,-38.97381430753587,1154263.7972903948,2690580.7583125224,2932699.3862127964,1802993.3811763162,-38.54760730765236,-84.34022329473727,-68.17604560333544,-53.98667765616067
有大跌/震荡,17.376525510454343,-39.947088915994634,900589.6538552807,858972.6691374173,1219689.1615634528,1783771.4121177162,-39.52428261082379,-87.78484026005697,-67.76909611245155,-67.76909611245155
有大跌/震荡,12.514753540777402,-36.718091526519004,935338.9274937041,1312507.4097170145,978453.7791744322,1021682.9246218384,-31.485198045672213,-76.72071360964664,-67.34774855836814,-50.895693223783375
有大跌/震荡,12.062153303651456,-43.230755355583526,780574.6584905648,797003.872443871,470821.08262709324,549206.3414588101,-21.429669253054772,-78.2424744364832,-69.97023594629415,-69.97023594629415
有大跌/震荡,20.315819922342083,-53.4573431821997,1773302.340858638,8045907.759149531,4179587.794953218,3072730.339008303,-33.602611498127175,-84.0087803485582,-79.37385147168666,-79.37385147168666
强劲平稳,19.27795340892551,-34.668656873033086,1480965.3181630115,5721591.941996657,5596937.783451223,2511983.020268367,-30.947604245577242,-80.69488199421396,-64.96057248939569,-59.2600598531874
有大跌/震荡,13.11835085619557,-52.4791025117989,1506315.609973136,7711727.070401489,6705386.131503526,1702718.293871355,-43.91972693253372,-87.32504567109287,-54.307401361447894,-54.307401361447894
有大跌/震荡,16.431403360112217,-46.38270685971359,1637592.8368152962,3073491.953948113,2965771.3635973996,1989832.1122482126,-35.74976110748682,-80.44925274858961,-75.60960556637643,-72.07679598314971
有大跌/震荡,0.6034202927954757,-60.44532391195938,324425.58925230533,33849.3375240053,240100.4628449738,302405.5739857088,-57.154567262178446,-97.37489312917383,-77.71686580333336,-62.36108969563724
强劲平稳,20.44173184225988,-28.66043985283403,1406325.1691956117,3594770.7475592787,801133.2642744328,1134747.2056544723,-28.660469192487604,-69.52430358974652,-76.51009758668043,-55.30550279282065
有大跌/震荡,20.2998107509448,-41.44902612630763,1253604.3097418759,3904511.5308010406,4514671.102145621,4874121.002601248,-41.44902654925332,-85.82254300349527,-71.03456248731041,-54.90696356402014
有大跌/震荡,3.692888840097419,-59.36223111227622,515849.0754202892,107295.89889961442,206340.18501511088,517100.5476571063,-59.130274672030936,-96.92198649604393,-86.53563322719798,-59.592298010074366
有大跌/震荡,27.02551073900521,-55.870554940198026,2011843.519799201,6127205.635152243,8657953.618666304,2551638.920953175,-55.870503572203866,-95.80849035810353,-82.48543369700589,-82.48543369700589
强劲平稳,21.038453908748167,-31.10076791047518,1524769.7836052377,5109320.869307178,1348491.696256946,4210929.42388327,-31.100772770712272,-71.74286447102767,-76.34383533721886,-60.29465127895581
有大跌/震荡,7.621619558245651,-56.006934816569334,660445.5938076105,517839.1644759523,251255.98634576757,306675.08910093195,-35.507321296633286,-81.67825744506465,-86.19605109880688,-77.62680411231766
有大跌/震荡,14.50377591764671,-49.75328680719677,774656.0793743602,585804.8736557729,1296284.037896109,777584.7719411685,-48.93141947525557,-91.17347739415315,-77.10147477647897,-77.10147477647897
有大跌/震荡,15.224463838906189,-46.239840534187614,1016445.8472098734,1188576.6133035298,1557753.7468038055,1682346.232358819,-45.466724354468546,-88.70170489922128,-79.20074800190491,-60.72091199725005
有大跌/震荡,17.065847408806324,-55.6265513129919,822394.0290217433,530308.4230301062,504805.4790024545,468804.1211252664,-39.04956808524418,-93.15284518123264,-69.49451509192464,-64.3585434436764
有大跌/震荡,15.19946810754682,-51.16029579727952,1247305.7374971644,3618188.0144610377,1302379.3742682438,1015975.7511173696,-24.58490761233689,-76.75405701973973,-63.466580149914776,-63.466580149914776
有大跌/震荡,-5.325346905112937,-76.61017520288247,318035.29516552354,106937.4291815915,191229.41857506603,217493.17486428094,-54.27769817342668,-92.52495495431555,-72.6995567343186,-72.03078059317825
有大跌/震荡,9.021798742923902,-51.35328752334052,461792.74899986066,106749.96233648167,254772.55498571083,290639.5830876702,-51.21412319431538,-93.36007158105616,-77.68552628453868,-53.3540331987707
有大跌/震荡,11.510175857986482,-42.47159134758364,996631.8353916869,1246511.5545129098,938045.996478402,393115.97773173,-40.852221423984005,-83.89392359396085,-68.25606826817662,-68.27194023404253
有大跌/震荡,9.790349878422354,-60.064165935043924,575221.0695199842,215488.41118193083,665508.4560812508,747339.05049808,-46.11934531481775,-97.4875808455436,-82.37373228808939,-72.88107588446861
有大跌/震荡,-3.2281173911826944,-58.30823909048433,249042.3147879044,19838.539567859727,45867.29690430237,177148.6519010717,-47.03950782789711,-97.38299466649755,-93.03519911404754,-75.41467609746442
有大跌/震荡,15.418416641049726,-56.58620836287118,964402.7327142551,1638125.1675893674,1611586.153952277,1663170.3025578533,-38.3960255536557,-92.68787316108444,-70.39950114119678,-68.11822347046267
有大跌/震荡,8.992294952636337,-38.977503246266295,607246.2722026093,324189.34358553,555388.4555014216,1110790.2190068492,-34.08816968589574,-80.98160740094147,-70.40137200738809,-55.906946783294266
有大跌/震荡,16.735033620105,-47.02590784260644,1288465.6457696585,1895372.575281157,1558905.256903454,1026923.3213795784,-45.43532798130605,-89.44358532738067,-66.98960616022998,-63.020064559399216
强劲平稳,29.54026188032195,-27.14963580851618,1901556.5937022693,15734763.01424268,4193632.4592915964,3710214.551727598,-26.755350357710974,-65.1218341619997,-71.37075472357537,-71.37075472357537
有大跌/震荡,12.289159418911888,-62.26524580353219,569777.8339836459,168950.63776504778,276416.12664598844,959828.7589537752,-62.26525092662194,-97.5409450364109,-91.97376847668095,-62.26525092662192
有大跌/震荡,-0.45769103974385716,-69.06029760573733,240821.5672803897,8678.880326279006,124836.41277039802,250204.76414573673,-69.06028853814252,-99.24408384457425,-83.76534591538105,-69.06028853814252
有大跌/震荡,8.492657959018391,-39.52548863264875,675405.8048471704,501830.5982588717,468469.86551283865,349473.4023460177,-39.10252508834595,-84.09552961119246,-72.35359614340399,-54.59579650244435
有大跌/震荡,13.462547154285343,-55.19909649510304,650878.6981963997,220596.85294108264,658966.4830596483,1159278.0855882983,-52.10301042687566,-97.35066821531994,-89.78221132957187,-78.75762497388496
有大跌/震荡,4.919771233322279,-47.97800832701872,398099.86807261483,93054.17861512132,158865.0754532402,363464.915128868,-41.86197247368549,-86.27064640887636,-79.15953422984117,-79.15953422984117
有大跌/震荡,10.876972812494202,-46.51525018705197,815190.7433772762,868820.3738542607,1556861.5036357816,1229020.96387951,-43.25118276618684,-87.1450515627646,-66.87996699247518,-66.87996699247518
有大跌/震荡,23.83237740380242,-44.06871001055729,1260290.837215094,1824887.8137062313,2405351.7150158826,8183374.020157147,-44.068684589071914,-89.62138882035278,-85.55766106729932,-67.17528743106456
有大跌/震荡,15.753143084798982,-47.908329621945825,938822.0316731643,822113.7473412782,909507.4248940222,1816441.068271821,-35.846545007954674,-85.20447147997862,-78.38515758501762,-57.856475740520594
有大跌/震荡,-0.7187817757817294,-57.090696270067596,347755.3246699114,62391.77520258171,241744.59561440992,316325.5910087172,-56.44009922071831,-95.51626774083107,-78.80291201260145,-63.95046920976133
有大跌/震荡,2.99654490580723,-50.46997883810097,443617.77107660583,115537.2085189746,267604.21041795734,321984.8093671073,-50.02900838090285,-91.79681124661568,-70.09954097591246,-65.8898856551348
有大跌/震荡,5.064983375761289,-66.72263624528327,716126.2413243281,711027.1964297778,1496099.5401468957,538211.6354709133,-43.16644295772737,-93.07950558367642,-73.0239205193576,-73.0239205193576
有大跌/震荡,19.248361132727055,-47.506574321306196,638697.4855511361,377000.6236468329,550423.7041499459,1202945.5358613979,-45.263181227058226,-94.3389995843251,-85.32213374176335,-73.59370162880698
有大跌/震荡,0.0872838950005228,-64.09219417865376,496816.3471658086,206722.35650169986,326083.76952025766,889120.2479721021,-38.673760417949744,-92.8031808425739,-85.73864739698419,-63.20434296777586
有大跌/震荡,8.427601538225883,-60.29762163766096,874265.4427872453,574650.5322734776,426931.0109084402,345249.89074174507,-33.63186828138728,-87.19138673877171,-74.57917754736376,-73.48664661444325
有大跌/震荡,5.548570444388701,-56.124674992620996,659853.6992550015,320336.6580983736,221526.65877244523,742253.3237284883,-38.796790461620056,-91.26946398326933,-90.14262031536589,-62.253124119387415
有大跌/震荡,9.82975128151622,-59.93815426287479,920680.1022237664,1186390.3202965693,658260.8703419706,607297.237376684,-33.59052958335139,-84.71741357383604,-90.78174297283192,-70.24827455327807
有大跌/震荡,19.830912527177368,-45.00933432328962,994803.1555306,2457292.2128976188,3020921.101615859,5974158.94399898,-43.95369973503932,-91.7307120887096,-83.68471865301994,-49.77819960687818
有大跌/震荡,2.7475252718415444,-68.01574260648377,302214.2247390619,11615.625970374573,238071.66834477728,533576.7105334544,-67.20161317371056,-99.49767603025973,-85.93306251574121,-73.262533745341
有大跌/震荡,10.614768136007413,-54.41454352656112,766528.037238633,646645.4889931678,598619.3732237003,339672.1622876848,-50.60338352945995,-93.10725679799829,-81.64331944627212,-78.16888827229386
有大跌/震荡,4.581280418264133,-68.16289479125217,860706.8000096605,1162480.1006427289,585335.0051249736,398730.962142021,-39.250912581471155,-90.5892517631271,-55.75084679585618,-55.75084679585618
强劲平稳,15.366953593292498,-28.55936952315352,868017.0384629412,812944.2346084442,369967.2903659154,515290.0373914773,-27.905997228446566,-70.52358281206882,-69.1004357285626,-59.08976271576052
有大跌/震荡,3.501422747437122,-77.2488917942098,330441.1014387436,30261.29799341328,404814.61315812386,205771.35780111692,-70.58206044117533,-99.60789019110854,-88.73488945616536,-88.74052201143728
强劲平稳,27.54131474619723,-28.36085990550409,1878893.4156621967,14424412.190251542,7009227.303543712,4310687.630797027,-27.751403634785245,-65.44301046292951,-61.73731150849788,-61.73731150849788
有大跌/震荡,5.659262036105783,-48.16755688119909,470760.8409844922,128052.18856950935,234355.38157876924,325233.60483890324,-46.990190742197434,-92.78629065732656,-77.10589102051138,-60.0472542770359
有大跌/震荡,9.869720769303637,-52.24973334432627,860848.9510359247,820073.8235608885,162788.6719499272,299494.8340555518,-35.59111396972167,-83.60957255035599,-82.90416584256454,-82.90416584256454
有大跌/震荡,0.5749792378561214,-59.88339719912532,320353.6292450341,44446.594180310865,232823.40703503267,341754.0721948613,-56.55984363131121,-96.34197102326499,-82.88652926342874,-77.97579414559728
有大跌/震荡,8.07231343231345,-63.50968415919562,692544.1638655768,234776.68759688045,1016777.156261711,606353.3606681594,-51.058616228042396,-95.4077855079096,-83.70896914572518,-76.45633517602775
有大跌/震荡,16.471826824998104,-52.70864326118756,1274928.3119199972,2573749.153677654,2531286.0064363764,1561684.6192274545,-44.420322452693085,-92.18586781710633,-69.59544728404926,-69.59544728404926
有大跌/震荡,3.0998555854618637,-50.07281546433342,383298.2712855534,42808.07965013607,74513.26165218018,197564.76925448678,-49.79089637081754,-94.93800462490466,-88.66854676260266,-52.476212487284194
有大跌/震荡,14.398755579250544,-52.976836447647926,1414754.3395521885,4074147.1142768203,2330853.1374297054,3074775.073417128,-40.456558879831604,-88.50570338981095,-81.87549596836742,-66.51164719360487
有大跌/震荡,14.142735080274704,-54.00214987790728,1250004.8197428363,2195570.1770311627,1275246.2985662366,1083456.7974286904,-33.55498552494044,-89.29749959522306,-83.72668259284067,-60.416409704355935
有大跌/震荡,8.157713506479936,-64.55264163526874,537882.5521368703,229760.1003234078,300483.6019303725,476246.6540839763,-59.79683692517737,-97.0251905055164,-78.94546431799239,-78.94546431799239
有大跌/震荡,15.086726074313738,-56.06289150097516,567027.0688243333,269215.8501333609,663692.1670164892,1082639.6015439713,-54.29351401194628,-96.81940745724121,-84.05697684382466,-70.70893611292696
有大跌/震荡,23.029136382448744,-35.30115268727687,1698570.4141423982,8271259.100744624,4303093.29466932,8542098.420144347,-34.97115547564914,-83.90647375887067,-88.69324001991679,-47.95290325295694
有大跌/震荡,12.116833531080463,-37.465770587485956,682765.5595348467,620282.5446576083,663624.5451341077,550084.5205139958,-31.128738030919003,-79.0809081293095,-60.51449633592004,-60.51449633592004
有大跌/震荡,15.042737391974148,-51.7560580018182,777701.7544140797,498235.5953954866,492615.3838634936,1148573.7484173165,-49.288878779778514,-91.6559838845016,-83.24777387286233,-64.10709411630799
强劲平稳,28.55366961217618,-31.551769526281713,1533092.8022945824,12425443.424500784,10492398.819916887,15070350.478130195,-31.551773742277856,-76.44721050278436,-65.54122456894677,-41.90104324157379
有大跌/震荡,9.728674983366314,-58.96773626477615,1025389.6168535674,1734874.5607609125,2676162.9813258923,687635.9199519623,-34.37191364119813,-87.28698167327312,-57.63129730762551,-57.63129730762551
有大跌/震荡,-0.14829158573853585,-55.596956731609936,415292.33229610056,101807.37575592453,261806.95005081335,509726.54550016596,-44.395113705882096,-89.26703416965228,-71.86481677501139,-52.308615766457514
有大跌/震荡,17.810064608270014,-56.26877729422948,913115.9149968808,545533.8541100222,674828.4610058309,1140219.8986222376,-53.32094944704618,-95.31708353884099,-82.92485412424546,-82.7914789982072
强劲平稳,17.497102253752715,-31.42592387518728,1232684.4748373802,4466983.391866763,3539503.1067916243,2793910.849110027,-31.046684863286266,-72.04549097892439,-59.32798445076024,-59.32798445076024
有大跌/震荡,22.391609468649555,-41.25342274859608,2258413.3533270187,22813793.253716756,30028520.518398207,13295628.068376811,-41.21385051141362,-83.5121359931372,-74.31921058545235,-48.146158991191015
有大跌/震荡,5.8090747287706135,-47.92935444579781,730544.8527758579,579404.6760775441,358956.2101200144,487734.0302389778,-34.11780314090629,-85.10980996661095,-68.24431700555635,-59.3300572626305
有大跌/震荡,12.362039067529285,-45.75931691169098,825430.9272290575,709375.4014225114,536138.7362500165,691462.4540029562,-45.31729600598455,-86.84130754185995,-84.62631541561518,-84.62631541561518
强劲平稳,21.97985756572971,-29.343216157270025,2036777.0976612887,10588377.981017558,4437740.691716202,2616164.113597681,-23.56974423205519,-66.52015383271922,-64.23172333873669,-64.23172333873669
有大跌/震荡,16.173890448740114,-51.25678734309594,710514.052149049,517952.2246533231,774606.2176125372,1212255.3182617703,-51.07674278363139,-92.57023266702903,-74.79000419422768,-72.15306733521693
有大跌/震荡,1.6550749204787607,-60.69924057486729,706466.9593450561,507705.4973152156,261657.2196319162,549055.0961329602,-34.60506344164618,-83.07410610146982,-82.66617680472935,-64.38614692105364
有大跌/震荡,11.086167470426634,-55.67498876447314,555641.1148682176,212381.4333127651,659941.8709848922,818635.3496310252,-47.26912945266029,-94.82555183947441,-67.92025924716053,-67.70837798404683
有大跌/震荡,2.3730602485655172,-52.44200375763799,547694.6598853195,205758.07172302963,110937.17618547285,308684.6698545132,-44.02765180695977,-89.07174159447105,-86.26879837756212,-79.514068422751
有大跌/震荡,16.715841956817368,-37.80316088707071,1266181.98416427,2124898.015746565,1357588.7541957058,875339.429896998,-37.803195706538915,-80.81703134552704,-79.52389058986377,-79.52389058986377
有大跌/震荡,12.762373472805999,-49.74761860863385,661521.8103450164,503230.1233705147,435046.95635770145,707628.0939613319,-46.011555212095686,-91.72436007631643,-87.10217932617105,-72.86434550841385
有大跌/震荡,1.2700027076948395,-74.29765635903529,487395.4677607757,374143.59688815806,256278.89087267607,524411.5603231291,-54.0565044014499,-96.71939307316036,-72.64056409736247,-72.64056409736247
有大跌/震荡,6.121001836912643,-43.56938550239706,870418.9736557173,841834.4337733791,871519.1279634931,496824.0316320693,-40.79189646703731,-83.03876907752166,-62.809868488570686,-49.17214851498808
有大跌/震荡,-3.7248898000764585,-72.19850135415847,275910.6101128363,31530.296628522225,121254.66214290245,175491.05509598766,-54.39362317947109,-97.45303325054773,-84.53929187319386,-83.42101020152245
有大跌/震荡,6.9367290025040385,-53.625857153886045,537001.2188365551,235272.29217714045,776365.0281408565,434793.4677805661,-43.48277357658718,-91.1881327742507,-63.90618897833185,-61.42973829658105
有大跌/震荡,17.354048166961398,-38.31509832945478,1096621.6066861225,2066482.2405584229,1028099.020502623,1790058.0618006345,-30.842269174415048,-76.8438635139494,-70.15723758871557,-61.12886871807513
有大跌/震荡,8.391850601172933,-59.623205622207784,422763.36178740807,98854.48884549437,85934.31325509369,218057.71569851338,-59.366530246626915,-96.49641740605746,-85.64449562567363,-70.01480349561997
强劲平稳,39.44341515805796,-28.639887462412915,5671437.481357886,263485452.80954647,114247416.82051173,7702778.6426710365,-27.889935640659193,-69.39408353143871,-58.53401668092456,-58.53401668092456
有大跌/震荡,9.592341031088258,-36.765526894231584,565795.5343005301,326415.3940895375,285182.7015717026,425112.9132365537,-33.9959370323716,-77.67999168240507,-54.10992360661668,-54.00085924739
有大跌/震荡,10.559477944760488,-54.18706923372378,725791.965037819,402513.29097462667,755170.0442682491,502837.7193560077,-52.10297198783209,-93.98499460844828,-65.19899417568209,-65.21639467859424
有大跌/震荡,12.834669616420813,-55.79663918140303,947759.3025467382,627763.2307302024,889250.7487777569,406862.0381609786,-54.28834228256741,-95.65930548427025,-84.61676833971985,-78.38712089590157
有大跌/震荡,-0.7990229492953471,-75.9123567460207,230610.96685600243,7394.991330635696,79893.2037235253,147068.41455749684,-75.66661022101334,-99.66206709000957,-92.62342080584885,-75.66661022101343
有大跌/震荡,7.430659035440534,-55.54743010412071,470979.58782251785,113677.77822190525,218236.04520635202,201472.25180865804,-49.20015400832095,-96.22145160777725,-89.19658494242816,-82.61679249674188
有大跌/震荡,11.978278260816811,-45.50767179267292,975105.3526844465,1699156.6124054226,2094035.7544624899,613995.6428168119,-36.894164279101396,-81.05461972091638,-64.71824854281358,-64.71824854281358
有大跌/震荡,3.1509477200389213,-68.22419173690906,289605.9039670514,7229.870484043395,21915.371787710585,110269.54554816165,-65.93589948791781,-99.62236713079686,-96.57195052061314,-83.5743049511134
有大跌/震荡,22.829042201017135,-39.02171734516045,1895917.2423372387,9304855.896759281,9980987.27434032,2357939.2667337866,-35.950616216899164,-81.15111027221262,-67.63474690574584,-67.63474690574584
有大跌/震荡,15.941336919675297,-46.76286867218512,1021910.3246855959,2450903.4345105095,3249524.7296974817,993623.8996541017,-30.384414323791773,-85.96469962063378,-62.21885593101628,-62.21885593101628
有大跌/震荡,12.138309330116392,-55.08919609939975,880509.6267466372,1112987.6072267124,1232061.078869039,1765731.386990538,-54.91560189980768,-93.98073697746025,-79.3863215899724,-62.84828373863021
有大跌/震荡,4.047332232020073,-69.55474754986926,366883.13153646333,47504.527282693176,262920.3211051887,286611.81949870504,-58.456694721939506,-97.90865686797,-81.65894707516512,-77.28181241362478
有大跌/震荡,8.327802739883317,-46.5680868922149,792685.426000015,620655.7637743177,396592.34215861495,475818.74951661,-37.018149622809574,-81.7234526235649,-79.6736001090535,-61.60475532777109
有大跌/震荡,16.481007084362886,-48.28016570945775,1067372.0130493927,549024.5883718475,211245.87184626068,1723364.1301210928,-48.24531810123719,-91.32602622954906,-93.81717060709917,-82.2964829461875
有大跌/震荡,10.168929575679698,-44.51756826350161,564926.825917748,208121.0884079216,268553.5528462829,424018.1848120079,-43.46473441699105,-90.07175598752065,-75.81029299583955,-69.53647548084597
有大跌/震荡,13.676011554394485,-51.568689509211,1516228.184205491,6313920.136750069,7079315.611852379,905278.6992700992,-44.76228798656007,-88.573606598079,-59.609746005835085,-59.609746005835085
有大跌/震荡,2.4152420144653908,-57.87284237581112,568146.6841378233,324066.4580125158,595645.2805716041,512779.6237790241,-41.45958157549408,-88.16467877752416,-66.23857551820468,-52.24422604899011
有大跌/震荡,15.31449764295516,-47.9293544457978,1001043.4926382328,992787.0007880114,1115538.9936612505,1993760.871312458,-47.92936683327802,-92.39136406457908,-81.12731920129303,-54.90490067934664
有大跌/震荡,2.8214136290309666,-47.025907842606415,453273.60497906926,109370.74943975349,72735.18254842487,245344.1959291591,-46.990190742197434,-90.66759854299214,-86.55000253468089,-50.11975240572259
有大跌/震荡,3.7149350154510152,-56.072110238029296,613374.2390041174,393805.16514203616,205535.94922579566,240270.7703020641,-43.37797411808063,-88.71647612927431,-68.95609086172342,-68.95609086172342
有大跌/震荡,-5.788072298328084,-78.82441650527481,188546.77549035044,4706.6942865483215,76424.14831788768,93192.30799010435,-77.4751527278821,-99.57182461015098,-89.08933045203472,-81.21299370148589
有大跌/震荡,-4.474372052960818,-84.20886439542453,260268.0245471,39867.85035268715,325004.9421898595,182021.9144042178,-69.06332543792817,-98.2282879151651,-77.28406956424385,-77.29542752946172
有大跌/震荡,14.941107691445076,-36.46496815286623,807807.9375169238,653043.6309461662,817809.9086963602,1473616.7072097545,-36.46492243432628,-84.39546313976851,-65.288319044545,-53.29674885788405
有大跌/震荡,6.454707953801675,-81.56711203609085,303116.22208738665,31996.213701603254,572358.7267344535,820552.9823473914,-80.65930414100093,-99.80854683411204,-93.9252319672986,-87.9626181270926
有大跌/震荡,19.915047026576225,-40.72789481732434,2141513.856951729,19723398.965912025,17104032.537223767,4131484.695034218,-30.072982545258476,-77.47680423759904,-51.50996205266403,-51.50996205266403
有大跌/震荡,-1.4408252117978138,-70.20258857017694,305911.4223886135,23288.31672272607,280287.04222408193,493426.2419470025,-68.69726732619526,-98.9710631408995,-85.58553204122057,-79.19312231940322
有大跌/震荡,-10.985591197231837,-84.92970011122404,110931.41457035967,2271.327350690843,65235.35610755433,103001.22146465955,-75.8218211136865,-99.55329876092031,-89.05881275129126,-83.89972242613221
有大跌/震荡,14.091916821456763,-44.63971507185889,1137623.129793778,2088797.9588189693,2322498.5024521304,761985.1359326188,-35.24968305058085,-80.20013575713156,-63.00640842708478,-63.00640842708478
有大跌/震荡,11.956858492102018,-52.78859430734437,744571.1295227659,394112.1221628212,275666.0379513223,919693.4725147221,-52.72022488947319,-95.44286785556577,-92.78645341976005,-52.720224889473265
有大跌/震荡,17.422527642565488,-62.587400679197856,1095998.654683479,1536863.3224299806,2595308.9359685793,2163137.7827725527,-56.73860195881735,-97.08729517840463,-78.9067102976816,-78.9067102976816
有大跌/震荡,11.641826355554596,-47.92935444579778,826357.8990633396,886757.5822879254,1107233.0615054409,786304.6575313207,-44.86317377265259,-90.54784831721472,-67.74788873326602,-67.74788873326602
有大跌/震荡,13.482307329087861,-58.350294604483125,717851.0477536632,378702.8514195387,1588408.1981916926,964262.0344464827,-47.297598494256775,-97.14996234810378,-80.97028608515024,-76.0675903977213
有大跌/震荡,8.318749697570382,-47.3963330087097,648971.058465085,308297.86183623347,463423.77042303374,363019.7755220293,-43.067555726681064,-88.92199819856754,-78.63829575143959,-77.39664986172721
有大跌/震荡,-9.159022503672032,-77.2796828780461,179057.8087304539,4399.291993401584,21255.44684470756,60849.06708909816,-67.18045650005975,-98.73517093592386,-90.35805838202104,-76.73479506597316
有大跌/震荡,31.749076779910723,-35.80049958547422,2080212.0052539292,19643490.5661501,8427448.092680363,7033189.767322048,-35.37867445078101,-76.17372330474731,-74.10364502808481,-55.54350781558108
有大跌/震荡,20.097297717024265,-45.15453811701201,1053737.4917298807,1047643.6427326036,418015.67536283046,630047.9483496535,-31.251174864808185,-93.22174178060523,-93.60975462294967,-79.81303424641246
有大跌/震荡,28.665018509036464,-42.109622945385816,2262506.110802655,33566220.928849444,30459090.000313558,41250185.35894329,-27.88083697711211,-69.400366470443,-61.089215039993874,-55.37287053829929
有大跌/震荡,17.30542418209444,-51.517409013505535,1664081.2949154696,5385575.2367847385,5803496.296828152,804442.347981469,-45.39248774189994,-92.61698914650454,-69.11997888055159,-69.11997888055159
有大跌/震荡,13.399031094159962,-42.581675744495215,755932.0323135285,297648.68041380326,190188.77648548424,696130.926996059,-42.18699248989877,-89.7765572136549,-85.22736648996965,-58.9558978509457
有大跌/震荡,7.063639447367409,-50.302602166353026,510361.08630888787,190723.70689418772,336770.4997860794,270152.6202370255,-45.73621979539857,-90.10749191418034,-58.646581236275644,-58.66725794565751
有大跌/震荡,9.63358560191303,-56.754258728869075,1214294.3782132633,3541077.987519303,7384994.288361627,2082867.148056343,-43.962311468940655,-87.86017720184222,-64.83783823836515,-64.83783823836515
有大跌/震荡,18.447546276847994,-44.779625944455184,1015241.9575244854,938989.9113793359,436283.7622922402,449086.28351310047,-44.779612527796075,-87.48641653313425,-91.34179665481292,-90.89086284912815
有大跌/震荡,4.035036140974824,-61.788402909556915,408684.8006291766,51173.12742286608,114863.65617477223,358354.6149106214,-61.456400447490864,-97.27301195035032,-87.7178753047324,-66.34406607785299
有大跌/震荡,7.272650983986417,-52.086093783828616,637680.65906193,389780.6730754206,339471.47274547204,593652.4006000033,-31.758362395011787,-78.8787268603107,-78.8787268603107,-78.8787268603107
有大跌/震荡,10.037280230175938,-56.89494772669113,706996.0824896786,489158.22917178617,447527.8830018124,734278.0013568326,-45.58826722771697,-91.65492827416432,-75.6595008714259,-75.6595008714259
强劲平稳,17.033477002888997,-32.93184116064729,1178193.678559268,2155610.8697731276,1346803.1960153407,3062967.921485499,-32.93187672364491,-84.15249212431135,-78.16353211236809,-40.75460970401701
有大跌/震荡,13.930630924803156,-46.34119420055094,701662.1373558076,250277.6830380694,248110.30954568132,415871.11257177964,-43.25324849018578,-89.87648526024113,-74.48832856227956,-74.48832856227956
有大跌/震荡,14.457424474413694,-47.106866203348616,1026415.1689106899,1476130.3711922676,919144.1054869388,677744.4098770625,-43.71737007782352,-88.95695547321554,-82.57262388652411,-82.57262388652411
有大跌/震荡,-2.58171065629228,-68.29080483897127,443571.61605270836,230059.4999360702,217950.61845731593,273931.2717261781,-39.0801928070716,-91.24438101261612,-63.79224402300675,-62.22333898757031
有大跌/震荡,14.093145984570587,-43.52902674994975,1193067.0710674631,2644552.896876756,2012917.0480465842,912821.6091686186,-29.983024408963033,-86.47064589386122,-81.15667310539231,-73.34494283531095
有大跌/震荡,15.598441373921634,-36.48403423470088,991311.2556394801,1234186.8573094357,364872.2919186812,622165.0092608249,-32.6837709076226,-86.63779409497853,-90.53617940901232,-75.34814574662919
有大跌/震荡,13.667374451443903,-60.424791040828964,674591.7610966772,514273.19121741346,2281735.605578,2063028.151306472,-59.67214668286349,-97.56873658322063,-77.55223110250894,-59.67214668286351
有大跌/震荡,12.22800409358824,-63.556282530707705,1534928.6220085337,4261948.409707675,1839890.6464472692,4645230.839095701,-38.261823243124816,-84.94730380302443,-71.28845716084456,-71.28845716084456
有大跌/震荡,18.998471484284995,-39.99255999705878,1017054.1182423572,1450840.1688628115,1017438.3790264215,879560.0241374107,-39.88467953571798,-84.8222858742455,-73.50017241663329,-71.8765479543486
有大跌/震荡,3.095425046848277,-61.9548978318428,751266.6874163212,560978.0746826275,719451.4184136991,704324.6695024952,-39.08290992949487,-87.16457909981773,-73.50008013456564,-55.34961133022493
强劲平稳,19.318477666166743,-33.37007235139251,1226635.4773059257,4483765.482915397,1007810.7058556059,1548366.0705836695,-29.51871529010164,-72.75613165669157,-68.6434933439376,-64.22614774910143
有大跌/震荡,10.64233190245698,-53.933371225598556,1342603.6502950673,3471608.874700333,2549300.884600892,2258392.1310699605,-34.5665941582883,-84.685928988368,-64.53500484952461,-60.89451753550086
有大跌/震荡,7.492643231384966,-50.46110688452992,599119.185799415,140660.32934725238,213476.8786254902,270173.26883021154,-48.300572719671976,-91.54798283625931,-82.98155866352468,-82.98155866352468
有大跌/震荡,19.914647709854137,-36.40987723745691,1572124.290605832,4630040.533473711,2875538.1937965318,1937563.1028280738,-28.68117509367987,-70.76571177814257,-67.44514504162073,-54.4799928666554
有大跌/震荡,25.278345701663785,-35.963809794368984,2090640.3009595207,16321298.449439911,6807164.885544376,3679334.3390769465,-34.65516671410198,-77.25548248919677,-74.2396790774723,-70.19559463523473
有大跌/震荡,12.657475673544493,-38.40845634842795,968653.6380808763,676659.9026902008,305983.00633229077,490436.8699202919,-37.68911947566388,-86.48599049306036,-87.86143178421044,-81.87659038307667
有大跌/震荡,21.11898137948596,-44.78310442492207,1725436.756740252,7253840.873490265,4973751.283707655,1385378.3152605754,-38.14016662048891,-82.56566326357849,-69.21566382836855,-69.21566382836855
有大跌/震荡,4.229559043475684,-50.71296740788787,462622.4494530804,205974.64511067522,172191.05218454363,193557.08086102759,-34.636889183814375,-86.86322567773111,-56.654943435431406,-56.654943435431406
有大跌/震荡,13.560873587068901,-45.10027569615628,979704.4438524669,1180798.014483238,947960.6146229571,619632.0228553036,-41.40455939809742,-88.51731537849349,-68.53435577155584,-68.53435577155584
有大跌/震荡,14.817776455156807,-38.059989872877985,1063692.3969991305,959648.1836013093,684148.8130103966,654612.7836616434,-38.059943907118196,-88.8824676238444,-85.53099464205928,-78.88907982395949
有大跌/震荡,3.6151701181274865,-74.50132701620211,332111.69591833814,42572.031004017386,174792.379435338,341669.23675265326,-68.28396152239262,-99.17190610456382,-90.70911003940245,-88.74413697966766
有大跌/震荡,11.41732557716364,-52.97911831655381,972962.5203351148,1542920.9096633424,1073070.7884603126,691984.7875451115,-36.820842511604454,-88.27872657924499,-64.24575650024366,-60.30317412710846
有大跌/震荡,14.330101264365535,-45.130376701987494,834157.9950215293,1091140.5002257216,2462596.4304531766,2263481.3211412905,-43.94142618323662,-90.69051611523601,-74.38088298663877,-74.39369254514546
有大跌/震荡,9.418423224923856,-47.175884416525946,666510.2027990315,261695.63529759308,201013.90337627495,377505.8697147453,-38.50717020337684,-86.76375971591699,-77.32148352613648,-67.39354634240568
有大跌/震荡,-7.615464121396132,-69.1098452577055,216850.26147389846,6569.453431817863,24778.57321008594,152067.15870524946,-68.99721338535954,-99.29010614813211,-95.46962130408929,-72.19687306832046
有大跌/震荡,12.112497640817988,-51.09044590824975,787450.1453696876,536006.6656926792,851435.5293476124,750936.6578843325,-43.23897329821931,-91.40292614592568,-77.04931011646936,-59.110216499425846
有大跌/震荡,4.787252061941127,-42.629615127401735,501887.6215419859,234333.07472154163,242478.25701105388,406889.42993025505,-29.139219346920864,-79.84561899501402,-63.13417070624839,-54.09343105233131
有大跌/震荡,8.517715668177829,-37.7455690380761,548274.4094190343,162391.21608786556,108716.44927636672,207118.94600148508,-32.76750231578433,-86.37913924848296,-81.25152798985272,-70.32311103051308
有大跌/震荡,2.1566086110233362,-61.63642967912095,392541.3650670763,31294.680727291587,65038.25142009205,131396.62026756027,-56.29176857434127,-97.40826035039053,-89.23788056795917,-87.17271266265934
有大跌/震荡,9.95351260051105,-47.71681366191066,1013965.5736735518,642052.4216695486,269088.1206254701,1248750.5845122556,-44.12275429838567,-89.49662868014184,-92.37141511696626,-83.15553153514887
强劲平稳,18.558261838917577,-33.72768402315831,922795.7688846579,1025692.2142448267,501313.33669121837,805692.4056976964,-28.151280252016196,-81.66889957550126,-75.08187145627258,-75.08187145627258
有大跌/震荡,12.343813579853924,-42.3715834546956,819225.1433256075,628315.117325563,403900.15982675366,736025.8187707759,-42.18251841241204,-88.8040554323294,-77.84637017363106,-57.33887165997527
有大跌/震荡,8.714833874635652,-59.75119275968224,531014.522701544,195633.68318678052,364058.545994739,286373.6234357177,-54.36196442600829,-95.80696064856811,-76.3098654268889,-76.32171049417546
有大跌/震荡,15.524897195900023,-46.83229444588057,1121336.2479733436,2691408.3972397675,2848057.967929382,700605.3553988779,-32.15056329049932,-81.17928181239685,-62.09377716228918,-62.09377716228918
有大跌/震荡,0.2234371921299605,-59.907595503863085,390839.9614922723,56503.652539367984,150015.65416609877,669217.4763201746,-59.14885493291124,-98.30325304226982,-92.36879810884919,-73.72000564884401
有大跌/震荡,26.029897355129794,-42.35246082492089,2052983.5927142852,8302976.252595013,715122.0316111504,3286893.1703390433,-41.57381666226462,-85.71511536551445,-95.86473548759255,-81.70838660394568
有大跌/震荡,21.720320073743782,-40.773970266148176,1251198.0085084336,1475879.531670651,731202.4894142181,2209614.9878456523,-39.953247403884596,-86.23288707145747,-88.70486400075474,-85.43751333341481
有大跌/震荡,7.709052625119273,-59.704642067341965,934701.4177737652,1428616.6337599421,1325951.2826533911,1106375.9806488578,-33.82730244515118,-84.32919430113864,-62.00585683160126,-51.256908541580856
有大跌/震荡,16.67997031088939,-42.8346918920966,1540526.5294104058,4297930.117459148,2300461.2251566593,1973030.8690383688,-33.69889690727926,-77.52705585175248,-68.03020566223022,-68.03020566223022
有大跌/震荡,-3.2102613477246855,-68.0287556932147,202568.38675984892,9196.919001987219,74375.04417240416,133976.8195831782,-61.68006940191697,-99.10668286577199,-88.59117923688812,-79.44851612466816
有大跌/震荡,2.7385261263885408,-72.17082301774815,313912.232974126,19885.568305115474,121547.92519186411,176586.8932930123,-69.02929715504855,-99.39143901748321,-92.78627416571278,-87.29572243606654
有大跌/震荡,14.103730453631691,-61.42637400046226,994010.5191798037,1044510.0734991989,2033529.3755427112,1139674.8551967186,-57.936490307404654,-96.35957434314209,-70.95962006259877,-70.95962006259877
有大跌/震荡,8.283488433652408,-47.63247863201037,684509.094531061,525213.8017466262,257891.48075917075,388384.399010527,-38.43776717228843,-86.27059309847441,-79.59805915323638,-60.0924045221515
有大跌/震荡,9.112290269499223,-66.92075436242908,384749.93245104514,75380.20294876031,471281.98232045886,522111.1767159101,-66.89847569331438,-98.47970677450911,-85.04710322215303,-71.85537220877558
有大跌/震荡,16.357078357149966,-37.9010863132857,848821.4747972572,742001.9883100373,800074.2305284125,628956.1959716397,-35.51573224143721,-82.09236482838891,-66.10287411016849,-66.10287411016849
有大跌/震荡,17.156816496113247,-44.77962594445517,1319754.7581204448,2016908.194453642,3328466.8444334962,2494715.3000663337,-44.77961252779609,-86.60927601250975,-74.04048547022288,-73.21796165235011
有大跌/震荡,5.287457588038702,-51.18779258775608,538420.9081230755,251057.35423996128,180433.64486849296,312877.1053087557,-35.3912463078214,-84.21284923695748,-73.58046355645274,-70.19116911050286
有大跌/震荡,-0.45836848421505483,-61.77090013285953,402526.5044188908,61123.40941806949,136707.15493893338,451024.1621167881,-50.37049414991432,-97.01745680955214,-90.22694542169526,-60.543682752899265
有大跌/震荡,14.22524869319517,-51.64115202164833,1137632.8639889439,1750392.5371949626,933646.597676659,1131149.0758609935,-34.36539778003409,-84.10810196138343,-69.22753904677637,-63.87964299193509
有大跌/震荡,6.275611142397675,-49.49410025554361,692189.8546214825,677816.681430168,1023111.2063606962,738283.2185163569,-30.728179277539024,-74.49624493844516,-53.502421475973016,-53.502421475973016
有大跌/震荡,7.599641987135275,-39.59365581700454,572437.9558155445,224546.4057449581,194548.34025303076,276153.86216707784,-38.84471043022448,-88.6805913844591,-75.36566461674354,-74.24016130803665
有大跌/震荡,8.937076625931928,-54.90622745901306,905468.4790687353,1615756.7519954087,932108.0269643932,1439675.9082541477,-37.55825995429474,-84.40131474298441,-68.68499131555754,-68.68499131555754
有大跌/震荡,1.8972585302345468,-68.77960256164897,624975.8874923523,189832.504784569,290053.883356238,242630.17553951673,-42.35033997253085,-88.11846212009037,-83.9222016668607,-83.9222016668607
有大跌/震荡,3.2475740737061054,-73.56832647384701,236495.0842783521,11710.688276170424,99499.46486809204,312230.52956677065,-67.77331537564537,-99.71592053317026,-96.36349877396938,-89.33770549192481
有大跌/震荡,21.25673658986569,-38.414188052764885,1514405.8382787637,3134433.176086931,2568814.16093482,4207812.216788077,-36.4649224343263,-88.72377866079016,-87.76813934653426,-62.833446522361925
有大跌/震荡,13.095382395710576,-49.75328680719677,824229.5552689282,943659.9535543304,820075.8442387311,1844055.722444336,-47.198077309971076,-89.52645358632306,-75.9330070107336,-65.2677797262293
有大跌/震荡,8.37356868117929,-44.760883283170536,724096.0830141188,472600.81606791297,271590.343294927,843705.7173821725,-44.55426356760236,-89.64365054773022,-87.30472348394953,-62.91453187710692
有大跌/震荡,22.592627947812936,-42.04647796687141,1559105.7874446097,6061169.117077638,11349007.579039736,3364951.0407326873,-41.94563224133863,-88.21415752717934,-62.91035853054658,-51.264428842499996
有大跌/震荡,11.093188523691078,-59.94655830966833,709020.0674467254,594586.8989757784,645553.9150724728,1319990.223765327,-53.34987572815211,-95.58638308653742,-70.8343239264801,-70.8343239264801
强劲平稳,17.43516528975686,-30.654752534764263,1262771.9455694677,2836214.744595313,1301689.6621058558,1015592.2880706646,-28.360901102975134,-68.03771365300157,-65.37450863536417,-65.37450863536417
有大跌/震荡,16.36488493735959,-39.72221580621327,853174.9877696924,1486919.046379407,2847769.9807133726,1932115.498735088,-34.5228066080861,-82.53780179197375,-52.98192960667334,-51.39359802157725
有大跌/震荡,9.519665335493222,-47.02590784260645,706986.0770661588,453736.0018194487,133021.79108438262,539712.6940652932,-43.23565921821144,-87.97100899389734,-84.09712221831485,-61.69202760734689
有大跌/震荡,5.522224248293628,-56.24193254752286,456049.2453017185,85948.74838559299,191710.53768505153,712210.5711812541,-56.24191182742263,-95.78131008268963,-89.15265410264503,-58.09289293903572
强劲平稳,17.613726862270006,-29.928067999467977,1403834.997874515,5688708.847283862,6319028.200570594,1575442.310052679,-25.364991854431963,-71.67514561868606,-60.76939978394527,-60.76939978394527
有大跌/震荡,9.522583050027444,-66.78558473434808,891823.3758275517,1533539.724935533,1533354.169379996,1075415.6312594186,-46.05722441891208,-92.61036505071147,-72.80512498673066,-72.80512498673066
有大跌/震荡,13.429226943013894,-41.106123590974896,799409.4551324779,554412.0383725839,839259.0785541672,820284.0358030075,-40.5439750706956,-89.43763814698498,-72.11446844102397,-72.11446844102397
有大跌/震荡,8.24569389465406,-72.24977171386804,1055215.567181469,4254605.111048831,4654944.731533975,755020.1683518252,-38.45952078603793,-83.10243938248753,-52.31244000135413,-52.31244000135413
有大跌/震荡,18.25585031155299,-43.16329928933064,1439243.1246118327,4764369.994347374,2800722.891574525,4439955.475609358,-36.99481805267277,-80.68185365837088,-72.20283898972824,-64.69751981978054
有大跌/震荡,12.322911252824031,-44.03237346467363,678051.887834711,430502.5185146292,439094.9539696269,513724.97893311654,-34.82056564424985,-79.96001938043779,-62.01600949537126,-62.01600949537126
强劲平稳,17.6474107990257,-32.27176220806793,964865.0247512899,1675126.2573149826,942989.0210563513,616571.801167927,-32.271736784417584,-74.95131992589668,-69.33135022568334,-49.36909884587421
有大跌/震荡,-1.7870535337943472,-72.39686418644801,251780.71613605256,8558.036975039058,59002.751642938776,139223.1995362017,-72.2404308825287,-99.59048986959942,-93.04945783376107,-74.4643589683943
有大跌/震荡,-0.6040748622417325,-64.5552189190451,445201.74613387085,199368.28372578695,576993.1961970315,725207.1584322359,-50.6434203437537,-91.27517020778261,-64.46382259122055,-51.739177537586755
有大跌/震荡,7.306362127447286,-44.58007611171438,841702.440224383,831097.6201747007,948496.6471353091,987326.785277902,-36.40761709209356,-83.42333795794417,-67.09650930324933,-67.09650930324933
有大跌/震荡,9.178032144650562,-56.770571813637915,630569.8552068119,334693.06580001436,389688.0838544926,641208.193561581,-52.716682999775564,-94.57840734191187,-78.56987318971127,-78.56987318971127
有大跌/震荡,12.012675947365125,-40.492892544715076,660113.5793712375,199606.8296343566,244504.4281541703,512719.0397902043,-40.262791219054094,-91.98620093053944,-74.15199957692438,-67.44707782420774
有大跌/震荡,-4.910744298292268,-73.60445976084915,487461.26530392125,201328.20095411755,230782.09780781687,427640.4185282083,-46.76795164721579,-92.79880814148736,-80.07621917574109,-71.2376040578225
有大跌/震荡,15.64337696650917,-51.82651294471023,1153905.4869314744,3920335.949647997,4765705.271843862,6501063.572085848,-34.171415546340356,-84.38743896452958,-56.94364867036834,-51.63965124120047
有大跌/震荡,9.152771244355185,-58.42697041045595,445854.35677686223,62697.040713805465,260770.93255039584,496678.83157452254,-58.333753860573665,-97.46680014869338,-80.53815529560815,-64.78499869446205
有大跌/震荡,2.0050441973268107,-48.0159861392223,411102.0654516568,86964.0774384098,71328.84425677937,222949.232123813,-47.28178805443277,-91.21702182148701,-84.4180132968348,-57.34792898080967
有大跌/震荡,9.16762240968836,-63.21080735478337,889522.6227865426,873741.5994211198,592583.211935606,522619.95862711396,-37.46816597394022,-89.36035630663439,-76.69014630788337,-70.73270183004547
有大跌/震荡,7.327586685324361,-52.16194246542697,763980.1403096211,522988.5211155464,367074.730336835,533837.6096260477,-35.889616481895935,-82.95536428455826,-76.56645162530032,-60.02200308553816
有大跌/震荡,11.072754651427363,-75.50211196671157,480197.71930273226,72807.41646076959,369905.9879771103,635113.8711963352,-61.21971427417275,-99.49168148192236,-93.09303580583206,-84.25180927058065
有大跌/震荡,-4.688211900322726,-77.24071836515549,187013.62585933984,5092.030510730039,90234.79766732315,122794.26735924851,-72.1852544731562,-99.63665666575174,-89.41303620174273,-82.71982577973355
有大跌/震荡,16.56538400903569,-37.36915097526329,943632.7260623968,1875799.6885215025,910695.1276227795,1674768.2596058443,-33.08339816208308,-82.92598784422508,-71.13730498179474,-63.604767917929486
有大跌/震荡,3.4025423979492153,-66.82095080432586,558035.406811554,321471.14175530215,260678.04777281522,347400.8647175094,-55.88967482467354,-95.48154626579375,-65.72812420409511,-65.72812420409511
有大跌/震荡,8.028050096789997,-61.46379796768444,476910.6188092846,133138.43745855347,543786.4125186254,543968.1099748269,-58.936053286501235,-98.01351206889804,-83.47936521900134,-77.95046837850563
强劲平稳,22.877921293704585,-23.3180444076844,1436703.08980725,6408212.586572231,1948297.9154439573,2004673.8205749686,-22.916537161527206,-57.5110547060727,-58.160030122542935,-54.39028839103581
有大跌/震荡,-1.8117488690810757,-56.48527977169041,410610.6896797586,94512.61269656842,232631.32839288504,346549.63405510434,-49.06728327676008,-92.3335194710925,-67.55317916307101,-64.57047655726275
有大跌/震荡,-4.738454340572506,-76.30751258727815,219001.9571328275,12039.22039548818,36272.67224333388,120114.03466386386,-51.59872200267357,-99.11517825033155,-96.1177943904797,-86.27990155389304
有大跌/震荡,2.7689204132337997,-58.60226329340824,305621.5564512001,36313.754022905916,103382.00749946419,271956.7354735341,-49.59741497599912,-95.45515796206485,-78.94450742148615,-60.448248004645166
强劲平稳,15.21160334473759,-28.764200422675234,925934.7207868402,1268728.5134909484,638253.2915437655,1379603.588087109,-28.559376548380023,-73.33804455017162,-75.78598948331015,-55.164099478968495
有大跌/震荡,-4.805096749061666,-78.65361306306812,213307.90287023445,44195.996330053626,203421.4901891826,143059.06172903362,-54.62647129768088,-92.78875289139647,-68.46382604361678,-68.46382604361678
有大跌/震荡,0.37871372284994376,-77.59449800214911,685212.0392720426,628396.7467275463,1455820.9583902294,600394.8388467664,-46.680856197293906,-88.195182825191,-65.10948956451738,-65.10948956451738
有大跌/震荡,4.798589092709826,-55.864969608195295,603532.7703010398,331505.4268477159,403589.31227619614,434756.0376748463,-52.02464440230694,-94.88605893943048,-80.11414037890397,-80.11414037890397
有大跌/震荡,12.857459722737396,-50.24871206568171,844152.2679270755,539664.0728658207,1766034.0124510052,1271457.5591478797,-50.248684487347475,-93.6371801274387,-61.73100083045404,-52.43120853353497
有大跌/震荡,12.790459232760432,-55.37304442874207,1404961.8472209277,3354621.260738474,5929918.979419,3395290.6075946502,-48.71246099202396,-92.76883842204087,-85.8334616782282,-56.622099956615244
强劲平稳,13.88762152661156,-32.53611768027954,854479.6667917036,785380.6355659089,512295.3209181981,615734.5748003795,-30.804159453814815,-75.0527011408139,-65.06744859624953,-54.949643348664324
有大跌/震荡,9.244517765908089,-49.47121751402281,580046.4754905953,219091.30493274596,621112.0708134188,437206.89169665694,-48.78701854598789,-93.02693734132312,-71.62738566278112,-57.07383836407838
有大跌/震荡,5.203370414811159,-64.35684959479597,788533.1870820626,974579.1714585001,1432283.9342711088,598828.5123974622,-38.11597046435155,-85.45179326738581,-53.29919068367867,-53.29919068367867
有大跌/震荡,16.074477174211776,-63.27617325051924,1391788.7799215508,6869657.118015236,6904364.291428361,3911068.3250630596,-42.68210003797355,-88.45233122589869,-52.616263762780214,-52.616263762780214
有大跌/震荡,8.823720202591211,-45.228684405397324,944330.1515654358,1097909.89872148,812815.1933284975,1265980.862426732,-29.903095302805337,-76.0742963701004,-58.833769995097725,-56.335931020073836
有大跌/震荡,-2.643809815197762,-69.7754622679411,214748.08324733112,14549.303532032865,80808.30398832435,127350.9150105816,-53.15421202833854,-97.7581676880912,-84.00152900674539,-68.46640573506508
有大跌/震荡,7.3210474113424295,-38.672350791717356,597732.0070343937,201760.8456976631,151065.8240522661,514918.805592756,-38.67234001976211,-88.89755814110318,-85.35079347097034,-56.74170379781703
有大跌/震荡,8.258283233455055,-64.01128871295371,700113.9179051948,434723.3062382782,757415.2577949625,545313.6377319155,-48.19476973069396,-93.96217347009313,-74.69679623092624,-74.69679623092624
有大跌/震荡,15.768875256673054,-50.93520672649349,793776.5986098525,946441.5630063254,1473377.4426827328,1149422.2878106737,-50.93527088466941,-91.95533348745077,-72.68873688205413,-60.549901034417445
强劲平稳,24.309651402378087,-30.17289123801683,1721785.3223068123,7952284.924852423,3605182.093936666,1897729.9592936984,-25.591696787827,-67.60499476225348,-72.69727941036615,-72.71093077066095
有大跌/震荡,9.641666066225163,-62.79348143872072,577230.8043036585,192617.5233236659,348700.65726602275,433795.3943477891,-51.05385198130317,-97.37751407902526,-79.91433915527084,-79.91433915527084
强劲平稳,22.20339874517623,-26.333999999173475,1394278.5511409082,6051070.05016034,2885675.8520678543,1224487.8579122263,-26.284415714650102,-62.6714991682265,-63.05977136224785,-63.05977136224785
有大跌/震荡,29.950670318600082,-51.02876843717328,2625447.5191624817,24933178.368272725,48745224.12154308,8387309.545096829,-50.879198948162966,-90.85626598312255,-69.02143689682163,-60.06806707444572
有大跌/震荡,13.201538675312218,-56.00033161054383,679629.2624019864,211639.81256227638,728849.7012326894,851515.7639848966,-55.832773033495656,-94.73848279930299,-75.68330491303658,-75.68330491303658
有大跌/震荡,2.447067507329459,-53.046409922868044,652893.9108513974,246945.39997595068,1746147.9338164139,900320.7854717432,-47.929366833277975,-91.76197819427783,-71.24644640889142,-52.95771307880147
强劲平稳,25.780195563824627,-25.02271626970155,2061286.6738041516,18856659.432329714,8832599.56972555,2475556.9300624584,-24.00446161434847,-61.304099872428,-48.394758291985376,-48.394758291985376
有大跌/震荡,-7.9902045204652605,-87.16234224023911,107602.2066643239,1142.5307288841436,73714.22564700543,105294.1592311645,-81.49003037497984,-99.91924291801567,-91.50819214807345,-87.87021419172258
有大跌/震荡,16.76042001250213,-49.932032552597235,2063683.9413444628,11595135.67183975,7797923.3236968545,1319238.5501111683,-34.224980479528355,-83.9775707592867,-75.81597709414649,-75.81597709414649
有大跌/震荡,7.826363650860446,-60.23099916242541,694898.9939116744,440130.64941969985,962791.9593728163,849359.3496671064,-53.480647412496566,-96.18261616389026,-73.75364951549747,-73.75364951549747
有大跌/震荡,16.661946326032417,-56.35491455154362,1487838.2567185801,5481378.519002372,4359843.486347129,1265071.515271311,-37.839159663625686,-90.06807659644672,-56.83270989295841,-56.83270989295841
强劲平稳,12.857006033791695,-30.52438989575744,1066131.7008699197,1551284.0988185243,877605.2408101709,993232.470139702,-24.26662659247697,-64.38009575644243,-69.70401268592238,-52.736675865381265
有大跌/震荡,18.136616710777396,-54.495905994951244,863530.6461547284,576341.2381309369,1308972.410333407,1834033.0803353696,-54.00659375148379,-96.40590654191101,-80.80193026833207,-56.957511498134664
有大跌/震荡,9.675228438952876,-57.256557600470416,1088859.308733997,2655070.585115272,1674781.330400951,989948.8674908249,-32.58211303259571,-75.88053488147682,-68.83815799342882,-51.214660407760284
有大跌/震荡,2.390566243139469,-56.52972777179692,571152.5065158323,259921.22367163622,344836.59852987883,418006.37981135235,-46.527972309978104,-89.63458974044941,-76.18529069137456,-56.61517486313308
有大跌/震荡,16.972512910805104,-44.92907098510661,888197.3110703254,973594.4551612365,1176868.2265268282,1462149.3248709904,-36.22512279352781,-87.40351843151515,-80.8208772015547,-63.631333571872105
强劲平稳,14.156227676861244,-26.886496709652775,971705.170738166,1760224.8748127497,668315.3585643979,641192.0664799773,-23.505150134338628,-65.89777313290107,-67.57437779106994,-64.46585874523589
有大跌/震荡,6.981631173829128,-59.474234924567604,692040.0052856541,689210.5387095533,1095469.8827074273,578554.3138676193,-45.81089005317573,-88.44149174684878,-66.40522457311071,-66.40522457311071
强劲平稳,21.66621968106004,-21.97623010652263,1304396.3401125756,5063517.933688711,1878464.5051849838,1397835.8958326476,-21.976234286870554,-56.51320997843726,-58.083504555848684,-58.083504555848684
有大跌/震荡,6.02290551050455,-62.186148933347376,464384.86908602784,102616.04297095859,412645.70911780186,679290.9229445627,-61.91295483991956,-97.66970437831782,-85.61046912626847,-65.70103601431235
有大跌/震荡,11.184096259574549,-53.36997396036978,989456.4863269265,1635188.316371926,1013984.00783475,651476.2784720489,-40.73215175239206,-88.01303326004084,-64.13847623090696,-64.13847623090696
有大跌/震荡,17.447028378166895,-45.17268517177862,1439126.8829031114,7807722.693569698,3472682.1258121408,2704754.5539534963,-29.18721814847266,-75.48142758322815,-75.48142758322815,-75.48142758322815
有大跌/震荡,-2.716773035343578,-73.7570592939397,486192.7251013026,235804.27908722256,246272.22720482934,481313.8654878954,-44.03156162977374,-87.87501959824282,-83.51545811595493,-62.41172759787702
有大跌/震荡,10.960456178804389,-63.94927041414282,1431503.4732613666,4855424.033363235,1793978.1856863536,2288805.114049546,-34.789892616661035,-84.72560206721019,-67.4999398178269,-48.81136602798814
有大跌/震荡,4.597927688267767,-56.55836118762336,527998.4229304728,170666.91230706815,367677.3520749685,266472.8129877098,-47.25770088604566,-93.97501922081459,-77.49475254022909,-52.30980335261173
有大跌/震荡,27.06706486749788,-47.92935444579781,1906345.1513820759,2535890.3556493497,509411.4733174891,1330478.3149907275,-47.92936683327801,-91.79039880319345,-79.84309104329905,-64.88963520404337
有大跌/震荡,10.040774434423394,-56.15732475025821,551431.4237409417,243768.43993527463,940073.5427500249,793159.2660331524,-46.09041799949314,-94.9830894848617,-76.65339175129462,-75.28131354289324
有大跌/震荡,28.29089106623146,-48.07340309492423,1553004.437553783,5247121.119207134,6561547.971421697,4181451.293756097,-41.7206944845004,-91.37372396236401,-73.7215256095058,-73.24092732508815
有大跌/震荡,11.335063199717222,-60.55032673475971,1184024.5175464216,3781232.4107082426,3809154.9451786326,1100131.1114155964,-29.451990672939555,-69.29327154064428,-69.29327154064428,-69.29327154064428
有大跌/震荡,11.319057514845099,-49.61769806523403,1093767.9966051835,2050686.0325563883,2600017.373443363,886877.5877841278,-46.02872322791658,-89.19831690319332,-68.10665135672652,-68.10665135672652
有大跌/震荡,15.9407690707577,-55.13513349269887,936035.7368687179,617945.4574417855,943388.2669354904,498298.37752779265,-55.1351177460964,-94.96074825231963,-79.9443658035033,-80.9820888764445
有大跌/震荡,14.365240757923313,-42.11498954326481,1063511.7529561878,1519130.535973857,722503.6258167843,781858.8512469699,-40.55612670913658,-83.65417289357869,-78.01122157919292,-65.26055265996251
有大跌/震荡,5.019568228221205,-37.90329497294337,562289.9204340875,192173.58797343945,95859.3175080778,460155.59336942894,-36.46492243432626,-86.46605787098768,-88.97511422805864,-67.38551640863395
有大跌/震荡,18.899652387161716,-71.32966134786449,699135.3072740219,272388.1029729818,2754266.8099307907,3471884.2370434217,-71.11370115895373,-99.17200402330695,-91.33028726692626,-71.11370115895375
有大跌/震荡,10.669633829564473,-52.630966567236335,667243.1526885498,297684.7150756827,558642.4589832416,951178.2690848957,-51.22259507348249,-95.66311268309734,-80.17666330867056,-64.41056086292984
有大跌/震荡,20.48615734652568,-54.35279271981571,1125178.2905265351,1798382.50481953,6612922.609641487,3196571.9694669154,-53.386461601111115,-95.25300680366975,-74.82326153184286,-72.53442208652127
有大跌/震荡,12.551816217849133,-40.53885899677175,1153036.8816984678,2501798.1034317594,911804.8713434432,1132195.8614471722,-31.740978194663438,-71.28802808905833,-71.54821782889967,-67.46191528728028
有大跌/震荡,11.437008854933328,-45.06122725724181,1176428.4194855895,2432211.6697568023,2823850.382076477,1237937.266741249,-35.90738530153751,-79.9450274166385,-63.692216015003076,-54.55466801619065
有大跌/震荡,37.446140311268735,-48.09211342133529,2928066.5975945955,48311808.70851118,56367416.099496976,32661168.518399835,-47.928060546330386,-92.8489111055847,-77.2318602787355,-57.168889411603544
有大跌/震荡,2.981912364636141,-60.83368341463535,705603.5623879463,448957.2957798582,1184103.8744909614,642761.4762931963,-54.12106570755352,-95.20954715407538,-78.04507405473926,-66.11363509949108
有大跌/震荡,6.150675956538065,-49.274932101245305,555211.1603235957,277439.84320580063,416779.17171636125,664120.5196626498,-48.76476809199895,-91.83135620749951,-74.73350032698028,-48.764768091998874
有大跌/震荡,2.741266222438221,-61.353145146329766,670154.5343839538,370452.4734149988,293818.5897999175,394559.728288925,-35.921550879297406,-77.82724217667452,-70.8995677693556,-64.81561843973076
有大跌/震荡,14.237476804399396,-57.558184017327264,1804901.7069370754,9344110.655615572,6035900.189685842,3452864.347042885,-32.69071720054979,-82.42750232603655,-59.087135094214446,-50.54050858298296
有大跌/震荡,-1.0645542985322276,-83.23537048471404,660443.1932380897,728810.0435894957,2110181.871483305,709270.7496938326,-45.691272222444454,-91.94330231137597,-55.836498351931176,-55.836498351931176
有大跌/震荡,17.294480615481355,-39.746186035721884,1477669.8703680295,4430716.097738646,2496352.672005633,3400922.9417786933,-36.94419652086701,-80.23198798060336,-61.27629693817447,-61.27629693817447
有大跌/震荡,11.976879166861277,-50.36404160027258,1041319.8863663536,1048463.122879313,1036930.9371709223,1289550.1241816538,-48.24058073555185,-93.83482798287628,-87.33073219888445,-73.16363179926604
有大跌/震荡,1.1501084692634223,-63.26902659770861,598342.1879626353,637371.068114007,381529.32612593955,380698.0394799929,-39.322060298246484,-89.69736385802281,-64.80409215130172,-64.80409215130172
有大跌/震荡,9.507485919085813,-45.14379255567723,747275.6658362944,405236.6641928692,363059.9032972133,553668.3066096475,-37.69951995952319,-87.07169545375413,-64.21540164442312,-56.03868480614076
有大跌/震荡,23.155284273753374,-49.77734391314254,1580017.4334658494,6190895.8701148685,7197819.885377859,9680125.410636244,-49.7421228501617,-93.63802989992315,-85.72835084957536,-81.78770639971593
强劲平稳,19.995094178662185,-31.636272142843424,1392501.728804207,3804207.5473361462,1168147.7444424392,1502676.875842784,-23.810465753817244,-68.17093952006257,-62.885594867853236,-59.29526931433675
有大跌/震荡,2.512626489614256,-64.50917053178662,373523.06638389087,34594.30448386873,78233.78244731328,551266.7275174047,-60.684233743974794,-99.15484609367383,-97.35031442633006,-81.32924870236444
有大跌/震荡,19.60193028775543,-44.77962594445526,1308876.9989346317,3787144.1398282032,1966515.720074068,1158526.8442150848,-42.41522888406948,-86.0932311698865,-70.93688258414635,-70.93688258414635
有大跌/震荡,5.705067791384866,-53.839639875672084,550686.3830746174,239246.0929684881,606174.5203724777,486004.83019596554,-48.805952974510326,-92.02337952914445,-70.28312444855075,-70.29798288632647
有大跌/震荡,15.74870665075574,-44.77962594445519,1176328.2201854372,1404155.696001817,1352431.6290833245,467660.43675272615,-44.77961252779612,-86.60927601250977,-76.3424410289637,-73.41038945876473
有大跌/震荡,17.79616747616728,-43.16589101925199,1276817.5697073825,3508850.29922047,6457739.891279971,5227744.896392903,-42.652032374103555,-84.36163301174955,-61.03256607812304,-51.83336798081288
有大跌/震荡,0.4288803045451095,-48.041844590739025,319045.2623007873,43999.508441334976,38643.666730611294,216146.55200968034,-36.521621793754434,-92.5720285738187,-91.55563837461209,-52.096053138326056
有大跌/震荡,1.8354790298914514,-75.17116190964573,266213.76956894586,17616.830608435233,322657.7793046248,429362.76111296564,-72.02915493499044,-99.67676172156911,-90.56304847906569,-87.44218853098799
有大跌/震荡,-4.7988174438492575,-67.79890220274523,404009.3279575958,54558.22726280124,131230.98423472708,265297.0824228259,-43.06955549549992,-95.396520622757,-82.25050019335478,-66.82273855323855
有大跌/震荡,16.133676146530384,-43.85312241523584,1368112.6889857722,3646900.5498234634,3291191.286670013,2258748.0613224925,-28.559376548380033,-79.2919219956213,-63.95015065746671,-48.042675073414465
有大跌/震荡,7.547273904251672,-46.76302685846383,519302.3046217216,215602.5107747695,380305.8568417085,317850.5059919483,-39.64227341007728,-84.0882120689464,-65.31538537226209,-65.31538537226209
有大跌/震荡,9.960792681792373,-39.77800296886001,677464.1918473722,365250.02840504615,275277.6581336827,470667.415335176,-34.44723287244368,-86.94418300014904,-76.38049968126927,-56.219583328672826
有大跌/震荡,12.756024826079205,-37.22200018349168,682092.7205795642,514378.2195495084,265202.4723310541,486256.13213425444,-37.222069139801505,-80.64733197756254,-69.86663727676284,-57.08983965599541
强劲平稳,30.005320965645655,-27.422477653076104,2074134.2696711556,26352645.95796665,10226843.118799346,9831561.753355619,-26.133643215153313,-67.73681523169004,-74.03328648501157,-52.45536988266082
有大跌/震荡,9.796579590022736,-52.84220155881991,1021059.6808253381,1488314.288382385,1802340.6279787195,967598.9298960733,-39.98621803412534,-82.72026014916933,-73.31677697108728,-68.30004502606266
有大跌/震荡,-9.134075120708884,-89.79599030611945,94322.46418072512,551.3459503012333,66645.78126711135,82009.62754182442,-87.29685761573296,-99.97502865968347,-96.1698812487724,-95.21128568092115
强劲平稳,22.38393860750245,-31.66853518778774,1815145.649037392,8827678.525741523,5215899.945815593,2137844.8435236826,-29.2924068926944,-73.75836275515442,-68.99601923210749,-68.99601923210749
强劲平稳,23.771509478802024,-34.38110691924121,1372281.2211798257,3217964.830041687,1655957.431866205,1468882.5161770415,-34.38103111820252,-78.8917097934063,-66.47387675957968,-52.19682658710574
有大跌/震荡,10.735556659763091,-37.20885165109923,926827.4042387679,1459054.1422083627,1083459.8282424167,1568456.7410162075,-32.877049391364324,-75.98468223828803,-56.5512262578274,-50.23456463670475
有大跌/震荡,18.98886589058946,-43.436558372187086,1181982.8733335948,3587811.8768140906,3522031.3815507214,2458937.7172418926,-43.35878314251557,-84.93001672709765,-65.2653914077466,-55.93433104979009
强劲平稳,12.687374292941689,-34.24530612108519,729964.5769868537,625084.7237514193,456698.0346714466,523141.3488689484,-33.0371412593877,-80.51161763801313,-77.27661840480603,-70.1572930871511
有大跌/震荡,17.286793724780903,-47.92935444579782,1004000.053924716,934806.9016457468,815177.3880674244,1344967.7999274135,-47.92936683327802,-93.92718709522497,-87.84892134427322,-59.4855443832456
有大跌/震荡,6.422155035717281,-57.79579242726934,528907.2971322373,198992.41679541918,857907.4147256846,983365.9590104207,-50.56211782176723,-97.02374449385883,-78.60914513791656,-73.68023906541335
有大跌/震荡,25.478662721059386,-52.5657636411051,1886578.9325305852,4198179.74571123,4191139.492271319,1032940.595961129,-47.0643431388294,-92.0969781811866,-68.77100567010355,-68.77100567010355
有大跌/震荡,5.081469273687622,-45.25889364880565,558971.2066836064,159363.6620052931,100712.84729392428,587936.561895717,-40.60138400742458,-90.489229902746,-90.98078698767922,-77.1183362323492
有大跌/震荡,10.281865574274152,-66.7511096445895,728083.0843702039,627065.0562862131,1268950.2928865517,1243156.9704772928,-40.51962483310613,-93.5524193953161,-65.59806229034464,-65.59806229034464
有大跌/震荡,27.974233627007262,-45.69123020706453,2992396.10275044,51169247.121263966,54954933.829188764,13731410.489446722,-40.02904670578138,-87.98379655024603,-55.769663423606715,-55.769663423606715
有大跌/震荡,3.084719315305273,-60.24857461690538,426927.0683450955,142137.11816702536,306151.5481291521,274871.39975135686,-50.667831871855164,-92.33537622328342,-72.16925033468189,-72.16925033468189
有大跌/震荡,9.975178436175213,-57.85737759426998,1189703.26220869,1649039.5710667013,920432.2040517569,1101323.1828115808,-40.93278274223875,-85.55091090215714,-79.28506859267573,-70.71653987958578
有大跌/震荡,-0.44813894224444706,-38.04965782230531,392356.7444311695,108450.88736200803,169662.28269490626,347418.01366139314,-36.93559769283965,-87.40728102375084,-85.35842027312115,-44.05400484832684
有大跌/震荡,-5.766814008984555,-77.12156318233822,419474.39610182756,151916.3783256988,536561.0305735813,356369.4966707908,-62.54420134259904,-97.43011778174923,-76.87076806872548,-76.87076806872548
有大跌/震荡,12.427595126656055,-55.42180315468812,1579043.4260395141,7061451.859256988,4931679.802113998,1354593.1226816962,-40.238158445739046,-82.80413001913003,-75.53009783491231,-56.261620382695845
有大跌/震荡,8.532985450312003,-61.3420023384208,588173.2256966464,337996.9914710191,356178.80743379967,778577.1145704673,-54.631579217875824,-95.98279568807423,-69.74222256589955,-69.74222256589955
有大跌/震荡,20.009350890618016,-45.7587063158728,1411024.0579110323,2592001.158522954,1999390.207948276,2761845.921499945,-45.42218899828608,-91.41617960684304,-79.04122728382637,-45.422188998286195
有大跌/震荡,5.849318262481984,-69.61342048788208,330978.4333755736,20777.54577780873,103359.89454713158,215782.26151059917,-63.25104826955528,-99.3905164655226,-94.34734325938052,-86.80612749703295
强劲平稳,16.952535648326617,-30.294266284267135,1235953.3142929988,2498371.767707716,958349.056364776,810478.8857610535,-24.259110141724094,-70.4488006309103,-71.46323062377702,-71.46323062377702
有大跌/震荡,-7.283680133154469,-69.52652104467707,368602.6059695489,97281.43898526914,56692.715810382695,146886.273056164,-30.527928694485706,-75.79332932152262,-76.35872705997826,-73.00995757242505
强劲平稳,15.476491798836566,-32.27176220806795,1285247.557948175,3145421.0208432665,2442787.632537,4261103.684650349,-29.09099556867274,-73.40257257516014,-68.69011079534927,-59.90589332748348
有大跌/震荡,-0.17809179969050515,-62.02671506328511,520992.9089271785,137534.1157862914,91031.91698979762,367372.6317259844,-37.75473516213985,-86.560767057161,-84.62379499706921,-73.83164290521553
有大跌/震荡,10.579536760432951,-56.260320219485024,573019.1551725989,190079.93360911126,824847.4385200528,1620006.2437942713,-55.69834315602371,-97.87960160310068,-82.14067046992206,-55.698343156023775
有大跌/震荡,9.658542611605592,-50.01329394849354,597966.1883002265,231925.79877926013,571841.6002225498,887163.7941508974,-47.51372194035226,-96.20662164932442,-82.26797720875581,-70.65158865938994
有大跌/震荡,7.93675143967929,-52.19351476105483,658458.4557278334,607965.5448362164,356363.5074138318,341273.8359891771,-42.578611777380736,-87.80728542048966,-73.2850801096298,-68.13651908399207
有大跌/震荡,22.556151360683362,-42.911702777214366,1766096.093245018,3936057.581185651,2397623.830819771,1914236.478380672,-42.83147157867428,-92.30613591722253,-84.17975078289763,-60.23932967090978
有大跌/震荡,17.748984116327193,-48.39370291884898,1346398.7668556867,3178641.4128941977,1800270.9998710772,1063908.4105239015,-33.93760830042414,-79.98176235209982,-67.71862541308022,-67.71862541308022
有大跌/震荡,2.0728486167342686,-63.33102747123489,306573.7092309602,28699.694450704075,58665.92690426897,168466.77367075684,-50.24872893342396,-97.35222754357306,-92.214217918479,-80.48010918884823
有大跌/震荡,6.065460240336518,-58.59054191593855,585972.1948854483,411333.0225185836,914375.7438649148,767338.7956528348,-47.40772897211462,-93.00774516147816,-65.54535992987697,-65.54535992987697
有大跌/震荡,8.785177191524074,-40.63541898691528,649390.3870006026,164304.4355089516,292584.11184216937,492476.63832712884,-38.77467043728363,-93.1175023146191,-77.36322072037387,-63.56178934797811
有大跌/震荡,-6.87849880199124,-84.54639393527465,391877.8448036472,179147.05102293775,1322241.4239718374,862789.3023926626,-52.124411670098134,-91.51576312870088,-68.05931365879051,-63.86050869239014
有大跌/震荡,20.110740055859978,-38.31509832945479,1915628.6352580294,6688334.511812989,3906539.8202872863,1888250.6974318225,-31.222423448443347,-76.82052296173147,-58.21955009589976,-51.47204235720615
有大跌/震荡,13.414701127774453,-47.02590784260643,800742.8703527651,840526.6223995906,422611.92212588567,466711.57250727084,-41.297388346996925,-87.17821587339051,-66.06410933496105,-64.13413120986633
有大跌/震荡,7.475865658361425,-49.371377391459816,609361.4652087193,178616.160049076,180144.91779125572,350722.0099875874,-42.719775544517766,-90.79424182610725,-74.70475136357133,-73.44130286254573
有大跌/震荡,7.618082482189181,-68.70849957016762,448888.5582705427,85365.28830975469,649319.1017901668,639939.3350205149,-68.46861426987937,-98.62189051454854,-82.98255109155168,-68.4686142698794
有大跌/震荡,10.347917577554554,-61.156784991957956,758646.5263637146,462512.9050358841,726124.6849655084,440455.31286382256,-56.19735304009975,-95.9923640296296,-82.14644680210569,-82.14644680210569
有大跌/震荡,26.678966046945508,-35.80049958547422,2036579.6655479763,13511393.917524133,9164773.135025807,5066148.790707628,-34.853941977200876,-76.00875846061699,-66.89608265231783,-66.89608265231783
有大跌/震荡,5.263198419641912,-65.4009714714837,459395.00039880944,95163.5487029225,147100.09463573396,318511.1679645551,-62.16769118603278,-97.63298432432832,-87.1847161016942,-81.87327402873532
有大跌/震荡,-1.7704729271968866,-75.38522881654323,362482.6423780776,120888.21204947546,131581.0955953651,426103.0597849425,-63.91840471147636,-97.53045372681571,-80.03611962124259,-77.22339459359327
有大跌/震荡,11.531293252785568,-61.97504101988276,1003128.6164737622,1608278.0514774171,1463192.5947321684,1199472.3641353815,-37.62354092104322,-86.81475167604209,-59.46254541073145,-55.82515017272347
有大跌/震荡,6.619164399501543,-53.817188293425055,910455.2748202364,901547.1608365775,201424.23728886517,526975.6859841689,-38.05663044073274,-82.97300230784379,-85.31886053567497,-49.044251795146884
有大跌/震荡,11.045011882092215,-38.17199592198279,874061.3367330712,1036338.8915035208,712691.0376769764,1219921.0636787664,-37.976434899453935,-84.81212034009016,-78.27868114737556,-66.3312314287146
有大跌/震荡,11.622219219469576,-44.15199248003843,1252687.211035141,2729396.277238629,955238.7708377927,1657785.7972742792,-28.559376548380023,-69.65890988964269,-59.09307576475559,-56.7223541360528
有大跌/震荡,14.768931518602724,-39.98059157655067,757094.044848781,544644.3276594317,670875.6207963267,750304.3283489267,-33.3777013451093,-86.5531017448036,-73.632349041911,-61.66562147394905
有大跌/震荡,20.43426498490122,-38.62982221638435,1325170.529718219,4737429.825650945,3459708.505480979,4888656.60780007,-38.62985692293811,-80.718595475246,-63.911323718690824,-44.689615236909844
有大跌/震荡,28.623960979742357,-36.96994623225002,2370542.590063965,16495699.130700307,10090089.680502566,5374019.987944946,-35.90424099363139,-82.17467156062523,-72.39890544261654,-72.39890544261654
有大跌/震荡,22.039200293964534,-36.46109047914714,1452608.6632032862,3702368.2321067257,1412839.388184076,3246805.524797691,-35.41796297926927,-77.97327238723713,-79.02624150504577,-65.68199053881354
有大跌/震荡,1.3203926369202978,-60.55032673475969,430745.96949527576,117518.44315344539,177734.73670449562,280737.04566042195,-45.359441090566165,-91.7868674904878,-75.38692065667621,-71.35290707941253
强劲平稳,25.628911818102317,-27.949761926812357,2502940.0501077357,22649534.173467997,8603576.238810636,8063690.971081848,-25.29330766334472,-66.57298541423017,-81.43194038163264,-52.43975538275699
有大跌/震荡,12.326689743683406,-56.319684064953854,1038218.0963493923,1704896.5024953587,4886910.01596122,3379617.9712554915,-51.61448863369018,-95.4342947899147,-78.02350446704052,-78.02350446704052
强劲平稳,20.95822517576318,-34.89219454793695,1267466.6150545138,3760875.2398604513,2725651.833181495,2184280.3086116733,-34.89216805950429,-76.56609926116201,-63.90825307866474,-63.90825307866474
有大跌/震荡,4.2421754783519505,-50.34559123046781,523773.6644376613,155590.62115096775,346733.61812451837,845347.2116686146,-50.345590014246774,-91.31100704102386,-81.32402308560975,-81.32402308560975
有大跌/震荡,13.085169881995618,-51.44964846521696,660594.9328560369,285719.51097293413,456733.67874896456,555321.0936586575,-51.28058834887177,-94.15335956819769,-76.24130743876,-59.52820029081095
强劲平稳,12.44756364484505,-29.610638971450996,896775.7503953294,1397812.1995561952,878052.4484044199,1424077.4542974804,-28.986220398931216,-75.20899146968173,-64.83567670433868,-40.50671037470749
有大跌/震荡,0.4203112164849587,-53.357705510462,282462.6142603618,25701.998486129036,117951.51763172056,285908.99499894853,-48.6405797239726,-96.29947972796188,-84.4006880133263,-75.65345148829883
有大跌/震荡,8.048804952978994,-35.9591565618379,658525.929951107,327790.9135890879,370690.85815260396,398503.48735093384,-35.82265546005561,-82.73734402057637,-71.92060820735115,-57.336848380583305
有大跌/震荡,16.579805239317658,-49.8775405342902,1217201.5282930273,1837166.6335498688,3005522.791722162,1494028.131321606,-44.42001544931298,-91.04459783762024,-69.1562123909728,-69.1562123909728
有大跌/震荡,11.118015497129075,-68.194253852293,501656.3848196826,52956.2374723826,361354.4987878466,721439.9115974528,-67.22293402458828,-98.89675199772094,-88.07043492357357,-80.98596492684986
有大跌/震荡,12.27810616297309,-43.79180332075572,1041750.8124235367,1522187.8950291262,1806918.9639058495,1292241.055762533,-41.856940031905424,-85.04505708119041,-62.432443902928725,-57.22169083371216
强劲平稳,13.952121983035305,-32.82258936886265,1038645.2011370141,2209483.523284492,2204342.6347044026,2364294.2800574414,-32.654534479791295,-75.49450707866481,-47.66136732187055,-39.533511866815005
有大跌/震荡,-0.10143818302515983,-62.563343442853125,450094.39988138294,101943.3309205833,1266606.1137410884,448260.6276475627,-48.4800980638176,-94.08745528366242,-76.87816742930484,-76.01148124616844
有大跌/震荡,16.013990816739486,-46.86560266952121,997281.1088577919,1420080.4357687712,3274859.113926815,1823841.877179493,-46.56924089796932,-90.11784536564068,-63.19890869272686,-55.97844250031556
有大跌/震荡,15.49676029558913,-42.875801962917805,1007390.6734802315,1145387.6265532519,1193257.9093447775,1381225.8342464527,-42.517355765400445,-87.70007986538803,-69.2240687834754,-69.2240687834754
有大跌/震荡,14.030200544555193,-42.41812750912756,1089100.5933266955,2022820.497978718,814160.9917896421,1301342.686470545,-38.37619647171158,-83.29909720834209,-65.36356098032967,-65.36356098032967
温和平稳上行,8.209322813187626,-32.49132841789907,630112.265892165,366973.1121558785,156247.19898113294,597652.3272436102,-32.39331996930782,-78.34394051451794,-85.06507055969755,-50.04462985901933
有大跌/震荡,8.344127706210136,-66.3968560335294,516793.8592842904,95330.80550346168,710946.5434465943,275282.03127279796,-66.39683471377072,-98.59714386861936,-76.91827523428601,-67.4328964946096
有大跌/震荡,4.574118008591155,-58.21960215788653,749379.8417379567,508260.5677476192,695487.8983312657,737616.2599525689,-35.21553881566861,-83.50852843127457,-68.37710770183834,-54.93606989236471
有大跌/震荡,6.473534294305794,-74.41250864749877,401902.1008360826,57662.484938613954,322768.8308615837,390012.5147750768,-65.98748245273669,-99.43435793666052,-92.24534442386366,-90.32763013987794
强劲平稳,21.952898316563775,-32.129852880041554,1813561.013862709,13075918.513677398,6788431.414109486,4086831.3838493363,-25.175122280263007,-70.09163114820731,-64.8953910128236,-64.8953910128236
有大跌/震荡,13.932388824340958,-57.13683370066916,1226852.5615347691,3411715.3579451144,4474948.770032927,840992.0600812753,-42.24007050857932,-92.2007814147857,-67.10579328259023,-67.10579328259023
有大跌/震荡,5.3661499774936505,-50.49866314085975,458721.3389497856,160079.73885729513,207188.98887295555,1077472.348099134,-49.69461550286236,-94.26392341666283,-90.27905272021229,-52.864170044584014
有大跌/震荡,25.411205695249418,-50.46588322041381,1757256.3454518807,6209603.677525749,9517626.537497358,4031683.0276129893,-48.86653368537588,-91.9817054639889,-73.11473803678446,-73.11473803678446
有大跌/震荡,7.297529567639538,-58.53000436247616,580365.7239937718,206894.4638859639,771451.719973828,677203.5665414813,-52.95987586460309,-96.42567813989591,-66.5180034107137,-68.12781025223386
有大跌/震荡,13.76826055753999,-35.66869358040615,971737.770081325,1042042.1450871447,416392.94187872653,1082864.1037249519,-35.62532832138815,-80.24116380717756,-73.57037017978563,-57.79878506007877
强劲平稳,31.321468441570886,-33.13610140853904,2577673.018865814,22294712.94093614,6780666.073027417,6050174.80090564,-33.13611060623247,-79.10122419495275,-73.91884048854087,-51.9415251313631
有大跌/震荡,6.969436560684827,-50.414913605739166,714610.5690889524,622206.7976920347,322287.670866761,633979.0955331516,-31.711191929783556,-76.26228792277162,-68.81318913722478,-63.82463988729723
有大跌/震荡,1.4102702844643433,-71.48813333652984,269665.4842070993,17595.29390618489,431847.01357170264,512512.54832342186,-70.77921390591648,-99.56045889668584,-87.29684892367511,-84.92400288699994
有大跌/震荡,9.457867482826332,-37.97276802229129,867916.0774325937,1045213.847359272,1099301.725077683,571554.9421613716,-32.380525610788204,-80.17600536326303,-61.46729637150846,-61.01603935258463
有大跌/震荡,6.706402664185673,-51.4183280383459,493647.7006610519,75510.80903279154,187364.49460642762,436244.9527757745,-51.10646086433257,-95.87613489718763,-86.53751548511399,-81.17843064637495
有大跌/震荡,20.093403691398827,-40.705761153831666,1067413.5082722872,1303773.804193761,969317.6561608956,1674541.695588014,-40.32328655758266,-85.70103233298478,-78.56370148041566,-46.16999076509764
有大跌/震荡,3.4320086933445237,-50.88264672424854,557549.5733414303,305889.53228078986,833213.353046482,1170128.3848160948,-37.41355018963173,-84.68626264941157,-71.6384801979947,-57.26136585345121
有大跌/震荡,15.646047715061373,-38.273732940752545,1129442.3137984362,2292428.762976566,2759803.472445008,3171407.594041037,-37.333523620650666,-82.34643549882038,-65.61395072709713,-48.72453563707811
有大跌/震荡,20.197928888016836,-42.235071723978926,1291853.9098181527,2892432.8141986663,2457087.4727247646,1945049.6891389675,-42.19611276726464,-86.45616363868956,-64.15959465390233,-44.054004848326834
有大跌/震荡,23.438245468538454,-39.08290531418716,1869027.299724686,10377990.768649476,6195393.157965911,4137716.780761552,-39.08290992949488,-82.60323298347477,-75.64744393170709,-55.578851623210625
有大跌/震荡,28.026379006277004,-44.311647267174045,2230077.8027918893,10769097.966445789,7018948.121506693,3303549.9983099555,-40.387731381019506,-87.78352403146833,-77.79190226922387,-77.79190226922387
有大跌/震荡,15.042013002612563,-38.31509832945481,783006.6244320847,311805.57759724604,159683.26199728742,507996.4337272119,-36.997236416164284,-92.57858539747986,-92.50918069361288,-75.66715976894761
有大跌/震荡,-2.4014752839187303,-53.45318672629441,313598.6523588714,36294.012978955,64203.395057145266,118070.56278891281,-36.232436672123654,-90.46755245602591,-73.50447005576412,-69.95325972890518
有大跌/震荡,12.052823583487227,-45.33927061640416,732152.0714632671,588856.3790818992,150360.46405314293,650509.6561872074,-45.30244117355382,-87.97685779198945,-85.38977295286374,-58.99336876592833
有大跌/震荡,12.806874663020062,-42.569041389911156,1386323.3372330882,4045297.5899625393,2165500.08000521,561703.4657571126,-25.830486196468662,-63.79541696870017,-60.15000857969268,-60.15000857969268
有大跌/震荡,2.797524567642262,-65.23898352128079,268831.4314113783,12516.537900328996,77062.62621712594,193400.9099352791,-63.85391860824321,-98.97700064971653,-88.08787670197398,-83.10052518358906
有大跌/震荡,-3.08338355916159,-66.50030579400094,480558.84787320456,167218.5610896467,309983.2631635726,439357.52614425885,-43.16644295772739,-87.6591136868815,-69.44034487506255,-66.25990328240918
有大跌/震荡,17.63560586891737,-36.83090983846412,1400590.4008005855,5607138.158415084,5009616.21288331,4410437.904471088,-28.559376548380033,-69.6546535827272,-64.2698227107562,-42.00425944032492
有大跌/震荡,-1.0152003616293204,-69.02274956930745,237918.89007097512,12848.33190271841,116376.63986113435,200875.05821749783,-68.56914546610786,-98.84489298241677,-84.18623380754148,-68.56914546610778
有大跌/震荡,3.0938519284334554,-56.037396493207005,385168.92183284863,64196.78291210388,255703.78259196196,464579.77225437015,-55.8188697075977,-96.17166021153227,-75.39883272928387,-60.2595335201725
有大跌/震荡,-1.0012482006118595,-67.82028749790688,298701.5243867655,46801.997264733836,152474.0370024948,223761.7355304649,-54.31122017403727,-95.98265980807678,-69.65447485694838,-69.65447485694838
有大跌/震荡,11.081737681428617,-45.485063082769805,770510.4702171474,398807.7457645176,230218.64428163823,657029.3651900537,-42.39054294756978,-86.37027678634497,-89.21946823910737,-63.19288059994281
有大跌/震荡,12.424974936517309,-42.665348274560635,756515.4810139905,478610.02057878644,768538.2307923808,472825.6569736124,-35.74437686457427,-92.0184262170506,-72.71348765018777,-70.00624176014034
有大跌/震荡,12.366595398502934,-54.40841197973862,671870.1781707846,194984.2037074747,324903.4092876488,820167.1142660441,-52.83068485302973,-95.38589199380709,-81.86644112528434,-67.72177073198334
有大跌/震荡,13.433053878905943,-40.666513225335876,708858.9220598211,317004.08527119405,290990.41166465444,489275.36859609844,-40.6665170178146,-84.20060051093266,-72.54587436186944,-63.64120343678079
有大跌/震荡,20.363201503601225,-39.625657708744534,1095672.5378561392,2368270.1284692003,2015735.959953304,2177910.1854134356,-38.99710780565546,-86.1117141063805,-66.62843652345887,-66.62843652345887
有大跌/震荡,7.947346107685993,-51.85235266359061,713986.7158045362,341545.0679267171,487331.16034411243,780469.392186358,-44.492788847835506,-92.5097039271091,-81.7338487940593,-77.48833163622086
有大跌/震荡,10.82667539110549,-55.345009018433245,860921.2338668806,1268065.07156324,1957639.136685277,950432.3728338861,-29.751895046797273,-78.83828170190179,-66.24999267822163,-66.24999267822163
有大跌/震荡,6.788252026275998,-61.46351932950136,635832.0123034293,497827.0650098227,482608.1050490778,394497.8538418299,-49.055477848017894,-93.57823881177005,-70.35847224081483,-70.35847224081483
有大跌/震荡,3.838177742063964,-70.64189956025979,364617.6316857158,31761.202756666367,385707.85541449283,453445.4464262622,-70.57305953678588,-99.31154075876329,-85.68831697368302,-79.76456949557983
有大跌/震荡,9.881416405044629,-55.40811630348506,805018.4427660118,475087.6167748544,504675.6154214171,434425.54579300754,-51.94032627741583,-94.68530608317472,-83.47959540723751,-83.47959540723751
有大跌/震荡,4.730120884631384,-63.76252581456201,851071.0225129816,577106.3664861727,692876.3885066165,1158116.525685085,-38.12142143788256,-87.54210141772177,-81.10290990396676,-68.64510176854876
有大跌/震荡,5.7519164416950375,-52.29376334088484,731207.0573774739,962684.5116391684,1125491.1732853276,802667.3269928604,-35.70293324998698,-79.58269006494915,-63.16301243933904,-55.00970617984743
强劲平稳,27.171809641470546,-34.74285950558398,1921642.3430279475,13861319.463015107,16048608.799401088,8289847.769824815,-34.500932678667695,-82.38722161151993,-59.623234370154535,-56.12528738374183
有大跌/震荡,6.560557316149396,-48.554733164743915,597749.6583408276,394001.450450186,500544.8358230593,382588.95259132667,-42.53561083153217,-87.39431675824059,-63.95959000231062,-61.70734356641403
有大跌/震荡,7.622438047870506,-67.37112953164186,504548.2528408852,241373.12961205514,671101.1576281132,498793.58164331445,-52.36721634665674,-97.70936013165698,-81.43961079944465,-81.43961079944465
有大跌/震荡,-11.736036758551926,-83.74877984003531,107739.52820860335,669.6025663426599,28460.32404808677,138563.9738431508,-82.42342018390222,-99.94456657066027,-97.59968743564805,-89.3980055668761
有大跌/震荡,14.551813842198658,-63.77535175651001,1827200.7998930588,6967415.64930064,8570004.78701718,2489671.271903246,-50.20375493024017,-92.45785604194351,-65.19923910859177,-62.971801806297414
有大跌/震荡,-12.838893579835975,-79.2624304131433,187677.55261982576,13107.144745076806,18961.80548716669,111056.85507984844,-44.99055370388194,-92.85110198991103,-90.74625798320994,-66.00385310816834
有大跌/震荡,18.284315535884765,-44.68986308308127,1523846.6331798537,3427015.8478521425,3533915.0973963924,1769975.120930483,-41.29001043649044,-87.7061499890208,-67.75402348245119,-67.75402348245119
有大跌/震荡,7.602463972442419,-42.429320971988936,894713.3611742627,673759.7339340361,292996.4773289858,808091.6857709064,-35.823645667789606,-85.22673839697838,-74.3792102874254,-51.17203522280403
有大跌/震荡,29.6052636258602,-43.16358580970237,1955159.904146603,7532024.017993484,4266648.156506701,926048.2897741537,-32.70662614044919,-86.85856415114115,-81.3562287779683,-81.3562287779683
有大跌/震荡,7.593098928350117,-47.07928657224515,568197.814771058,187032.9620062988,355708.9275672094,775715.9475743325,-46.78283757153145,-91.4335488602424,-73.66340200031236,-62.12004105451426
有大跌/震荡,4.446908390542714,-49.234453726957774,394366.1509903981,44145.12714794303,113423.57589220877,208009.51763226933,-46.14344943520848,-95.81420650340957,-81.75570817360367,-68.48072363418505
有大跌/震荡,10.575252893620757,-41.94996264729368,544432.0339599489,188784.67977274227,227895.58174861045,464165.56490911514,-41.351629740531415,-91.46542621281503,-76.69881284108878,-58.86518425593575
有大跌/震荡,5.110750614430271,-58.39506948144414,527263.507110237,92327.55073802716,388253.5342873145,552151.4119188458,-58.076041089207074,-97.28315940087967,-75.98098278891975,-58.07604108920701
有大跌/震荡,19.428551221869906,-42.665405461278624,1031688.982343916,1667214.161529607,2544092.4644535542,3640817.484981772,-42.48702588808284,-90.75375403234473,-70.69801128535596,-51.093203819038635
有大跌/震荡,8.535023883378567,-49.506249925789746,923790.1163182707,1983438.9963628703,1698342.730893146,1190722.2906718843,-27.458099324614228,-79.78431072208718,-41.458713126549604,-40.98456239106515
有大跌/震荡,17.240315990199107,-37.75834345469119,1532015.3680968764,5553247.053978979,3209591.9354750435,841835.5736738762,-23.88599203205841,-70.70066906531049,-54.70267628917371,-47.21779219594085
有大跌/震荡,12.041516029417965,-40.53721908578362,768337.2722376024,480278.95748509845,243939.5389281922,402368.1925122287,-40.45655887983156,-82.28638041922517,-76.56209447204373,-71.27236179917278
强劲平稳,24.257845648006395,-33.12770934539812,2299303.147198785,31010034.197995164,15972037.927513933,6465659.978158052,-24.619021049204726,-67.1951215183951,-52.34704509791922,-52.34704509791922
有大跌/震荡,16.813607317389657,-40.60772742567561,1688556.623769072,7886796.200075272,2432227.4555277945,2017601.740496712,-23.715798000235957,-63.75062345268909,-68.7247958030339,-68.7247958030339
有大跌/震荡,8.822028423418814,-50.53227460507077,692994.9366519689,334688.6459623349,1595989.3780766246,1832563.129269265,-47.799835697517324,-90.86389168241121,-69.63145031107683,-64.45625160439337
有大跌/震荡,11.020820453739733,-64.49609510811918,1620606.1321165895,11477817.489953967,12109029.814868724,1687114.4818619736,-37.20184055763928,-89.62905973789628,-70.84396484961985,-70.84396484961985
有大跌/震荡,-0.49067036420792354,-61.3746948417333,560376.1995588006,328428.4831934872,463249.31325761304,607965.8116491666,-47.8440084009731,-91.40885244203662,-66.66441414224198,-66.66441414224198
有大跌/震荡,1.0718095773381675,-59.804973538591355,317120.5968121421,43136.021094225965,569970.5838795787,428913.82427021576,-58.77485183418927,-95.86936953852918,-79.65834587139895,-58.77485183418925
有大跌/震荡,-11.338673678660937,-86.26313636782983,129155.39223110124,5739.373214177479,33516.90310845252,74336.7941688183,-63.19994639921851,-99.0186784453089,-91.01134906686777,-78.2820034970967
有大跌/震荡,6.691144210663569,-41.92455817187697,548258.1401530033,154594.83927083874,252735.85254024348,331929.4162042084,-40.66834844384344,-91.39860319130698,-68.12657646300144,-54.58162272707809
有大跌/震荡,19.36946670295545,-50.29208560639194,1887467.7461084856,5154534.107329448,3202369.885932276,3041178.695691696,-41.6216239843463,-84.11350678850242,-68.77667100942732,-53.943073810026874
有大跌/震荡,3.9938281139187515,-58.703713713292395,343176.48428585724,40533.03177073219,122478.22941751413,202177.77364550647,-49.490989326042325,-97.95453728841606,-89.64323245950328,-82.54953523711124
强劲平稳,28.59033262847084,-22.883306921571076,2131991.0261839232,18250472.713058755,9165334.043486409,2643825.8692625444,-21.88570034722518,-57.23718713830821,-47.32496819941132,-47.32496819941132
有大跌/震荡,6.880180934449021,-51.29861158181954,880789.095372215,1350512.8742683583,773119.4804852038,1553455.8887411975,-26.993015700617583,-70.53865566839582,-67.7819208845357,-67.7819208845357
强劲平稳,12.990543023723955,-28.07744242538649,774923.1469098767,971741.695634069,712312.8451338401,994513.3753776093,-24.034044556714417,-81.10296581532896,-80.26044804499608,-58.34182181135037
有大跌/震荡,6.479013171303016,-48.696023164452164,613218.5005569003,381241.25486848946,274637.8307544948,171238.28706190272,-37.863283259975475,-83.97639234687894,-75.28344430190069,-72.89556398335276
强劲平稳,30.765034605494446,-28.66968929378991,2328795.525746014,20273531.675430153,3710420.1229396006,4068264.209472964,-28.59062979692074,-70.4075487798745,-76.1373544612686,-73.75013592487207
强劲平稳,21.273723010061495,-28.5593695231535,1882318.7473756026,12075358.993953152,4608501.302999019,2222423.2646719427,-27.7375168362583,-68.07868308060944,-63.87710141286067,-63.87710141286067
有大跌/震荡,12.352001860948135,-43.27518244769456,630619.2354865208,336280.0892833218,518972.9887474217,420891.49327681086,-43.16727109554894,-86.94750709664494,-64.02681198855629,-59.3615177883309
有大跌/震荡,13.678228020528005,-44.45267186612452,655186.9689648079,388950.0486870499,561324.7779554711,591699.2284980448,-44.41521600125584,-87.49955293500426,-72.2497146045004,-66.81806531335492
有大跌/震荡,12.36125709749678,-50.982431850796786,1305920.000656325,4513548.734622071,2331477.6553520053,1769180.9295117287,-33.584370412835106,-73.60737440218735,-59.16685940855935,-50.58015055851997
有大跌/震荡,5.49654643773505,-51.0104699163243,568200.1623022101,128792.82471709441,283443.3183125059,518022.8939581448,-50.73353368067719,-97.06532394163418,-89.34154078051635,-62.490096658798386
有大跌/震荡,10.375801581588995,-49.412471032086735,803407.4978109557,638066.6864664743,262665.2222260846,324709.9108124369,-38.33963402927893,-90.43252854912414,-76.23811422396965,-76.23811422396965
有大跌/震荡,-3.3868514429779117,-66.6597781613683,351752.6649742814,76132.79746110938,108131.25732772378,186723.99167768282,-44.9387561212223,-86.76766321884969,-75.61558490110546,-75.1019770667834
强劲平稳,16.432393617437736,-33.46688153009344,1009619.4963289758,1396513.3457822881,1021679.0840493393,1742823.2867931018,-30.636767918220876,-75.44343052436109,-66.27019180773326,-63.21802886828609
有大跌/震荡,-3.2101055747488783,-85.36028540506018,154616.55255189966,3495.476987986394,92627.53926817895,116032.07708572797,-72.11086567246663,-99.88010305741759,-95.15837163244811,-94.08562158612568
强劲平稳,14.284232084816217,-33.88739646852692,1101267.8016792436,2550661.844610537,3435233.984004927,1916459.18530555,-30.27205890663015,-71.14335186083571,-60.309198654815575,-59.32798445076024
强劲平稳,12.331705800199488,-28.11542167645853,1002851.1361978173,1431987.1201608637,666979.8559781935,784188.8964437579,-28.06698954136636,-70.1807331816711,-61.65939421403177,-55.59014497744626
强劲平稳,14.800585668194955,-31.607884193059178,834678.8765629987,847018.3359248777,725550.0235305968,712605.472617437,-30.98908159571111,-73.50262516141801,-62.31901830987461,-62.31901830987461
有大跌/震荡,8.686929904153274,-61.427166826902415,1084352.2391539074,2583648.6149494825,943705.3070966532,1116487.0046236652,-30.91270962680932,-82.13034837913541,-76.90630674233569,-76.90630674233569
有大跌/震荡,8.903665394435256,-43.30115496983541,690055.8541253891,419710.24596315675,504030.5239255446,604595.2032572554,-42.59027365331111,-86.39030289039908,-70.33364967236699,-62.78800890830657
有大跌/震荡,13.010029623978081,-37.456511920078306,865247.3732476792,1006005.8798710774,721297.574192196,801574.6000781904,-34.72265177071808,-82.94431863396173,-74.52937551170746,-58.48719468293358
有大跌/震荡,9.632236617597666,-53.101844617035624,1284589.4959011255,3883849.352392182,1088353.4583950934,1088436.4237646745,-27.299809854062474,-70.56311319376648,-63.45711513345358,-51.958563792681645
有大跌/震荡,8.13632465312153,-50.68753656390943,531898.96751077,136936.94394201777,360794.3711590537,645637.7871097674,-48.981403752027276,-95.41890741583153,-79.69984824008827,-68.07571470484837
有大跌/震荡,5.502441565444682,-58.506837996893424,391922.7129716493,54889.20668374966,141973.49161834593,303608.9390451041,-58.40192690488855,-97.8280426965513,-91.1697687104076,-81.11663576914101
有大跌/震荡,18.012210031468268,-37.63835237798381,1531164.8972009153,6920662.664486858,8033364.5219291495,5046852.431664766,-37.638388394527176,-79.8002605613385,-60.00376821983995,-37.63838839452709
有大跌/震荡,10.540164413904263,-52.88763768670821,608419.9808252994,410682.32003594557,1124696.346358868,1064138.9678808441,-32.62134099939007,-89.58826707966834,-75.021744188831,-75.021744188831
有大跌/震荡,6.069350688227115,-71.62844582726085,435798.7257043686,114650.36186399567,433967.9555896352,237365.00287449156,-54.92562530034042,-98.16525611595213,-90.53134685747747,-84.43112097791813
有大跌/震荡,7.39069166435018,-45.98642870244131,541708.8551627957,260631.15418797388,189015.63893658944,284879.40857302543,-38.466691733159955,-84.58038276109508,-64.57037451845038,-64.57037451845038
有大跌/震荡,2.24240738032655,-61.63194893357483,423010.1758211621,57484.76962439647,192160.2812367139,303576.2299958318,-56.149787970765686,-96.1803273998962,-81.4561095310609,-69.2427569496287
有大跌/震荡,10.755302449389404,-51.783864685596306,467231.8668706359,93709.34439419273,88217.09622048182,485339.19944823807,-36.464922434326276,-93.20302971763633,-90.21867447885666,-69.92575013889468
强劲平稳,22.518872828980285,-31.87135538202881,1914647.17109079,16676690.244942699,10874572.562478976,4517787.993306489,-22.451729472435332,-63.513406340633715,-57.491204535872065,-57.491204535872065
有大跌/震荡,0.4659166514112245,-77.51996743618488,628560.0749955015,692860.9696872775,442578.8605686747,968113.7493799133,-50.12139443122883,-90.22654641013172,-80.80554647674967,-49.02299003059342
有大跌/震荡,10.472739939315545,-49.27374415335487,1037520.6164693881,775810.8669682455,322522.5640574629,1132633.7595181093,-39.274758268369446,-82.3546262586891,-79.2389759177937,-59.89193463642144
有大跌/震荡,10.874977850451351,-50.52264374953423,693939.3610760183,526416.5049369712,478771.67063403345,409964.13415114715,-50.10226019527886,-90.88557992704709,-75.55658412195704,-75.55658412195704
有大跌/震荡,2.7867305225963257,-47.643331414939226,562025.8185519299,333551.99458146066,225488.18890207264,457952.844947551,-39.042463655643836,-83.97569109089159,-80.2987823567345,-44.32371488644837
有大跌/震荡,22.40021189862107,-57.5896985258181,2254881.643326013,13754098.63962772,6429819.928304375,2505373.213366683,-38.55103249594806,-87.91823316667676,-82.29368716463262,-82.29368716463262
有大跌/震荡,3.0764545238232133,-44.301763912245384,600161.7779804977,576975.4305090324,577470.2287336164,417793.401347444,-30.410510382614685,-78.29354399038478,-65.98137700106818,-55.329955410147825
有大跌/震荡,18.210823802835495,-38.55549011579742,1237488.2175564393,2803865.2749867314,1228974.932098686,1093582.0247758762,-38.55551133225106,-79.82012392248149,-73.70140450386027,-73.70140450386027
有大跌/震荡,-1.6207572532106918,-57.8800012737537,474879.5470025654,184578.72119141725,400661.9799323147,534874.0751075384,-39.08290992949494,-83.04922841751122,-70.88755050354744,-53.673045092636684
强劲平稳,17.781470523718458,-33.310446558269625,1349594.8591529236,4372048.338139738,2168192.483505619,1588415.0617387868,-28.465585655554026,-76.38123158791616,-57.42294624802602,-57.42294624802602
有大跌/震荡,15.359199012966052,-36.428938652263355,982452.290692952,1213664.2974540396,1069963.8620612521,572518.6764708759,-35.19185157738841,-82.7947025794491,-69.55435350292186,-54.17695800554099
有大跌/震荡,23.845093447885212,-53.371759599705605,2030332.115130663,9686651.131826656,3439438.9726850213,1214665.7566726794,-35.0138242710005,-81.05906853298791,-68.88903870955744,-68.88903870955744
有大跌/震荡,23.52198178206335,-41.42440928937434,1224717.881535067,3276165.4467315595,3643328.2946818825,2283834.3575200853,-38.94702701504341,-86.23253160916512,-71.73592854879145,-71.73592854879145
强劲平稳,35.485212148461834,-31.740976645435214,3415051.361601107,82215100.02321593,23158273.440000683,16541708.304720467,-31.740978194663448,-73.54545235832306,-71.56962907911728,-46.091477638240086
有大跌/震荡,13.044481072089287,-51.94670370593997,797711.391849017,525861.1869959806,1403234.9950710165,1593530.4080305262,-50.237427748864974,-92.23159009481334,-74.81940531037021,-68.78588533117058
有大跌/震荡,24.886565082085752,-37.54003547356294,2265352.1089308774,15891949.632994253,4240053.7692764085,1851283.1435381768,-37.32099990790817,-80.4587625449772,-71.98276925422738,-44.93539577794419
有大跌/震荡,17.338034048765174,-44.85473817121974,1127447.057087584,2032299.2458259694,1876697.913179548,5419213.808943966,-44.72811354680199,-87.56616877688772,-77.39058431556745,-62.82094458334453
有大跌/震荡,9.277586227369184,-52.5575485313071,430445.3300465812,88904.47388079591,300431.7287453693,1020815.2851898232,-51.59862428436991,-96.04161106793987,-90.68822945899224,-69.31405239086354
有大跌/震荡,0.10560656747815589,-55.68207491817665,325968.34148076875,47427.31488277543,218432.24085752352,308077.19251907256,-54.94194767936735,-95.84948571335107,-80.93602352331158,-56.87445126382538
有大跌/震荡,4.485692486163373,-42.38949904618969,536562.6911385927,304421.9264756736,183880.7578965219,298433.66558606527,-28.747277622960976,-70.14789537277484,-71.80816547144879,-51.10182150244983
有大跌/震荡,1.6881814699342135,-57.78948173237861,446805.2749725395,82707.96096714049,159717.1755295399,270066.3850410056,-49.75328518220301,-95.82524139746307,-88.93282252000256,-61.4058511936251
有大跌/震荡,13.729447211198842,-45.97017511794688,1165737.6126502915,1754129.966893357,1681057.787672377,1261129.6787398101,-40.7400161085821,-89.35805416725104,-67.71354650176538,-67.71354650176538
强劲平稳,23.754692749727525,-31.947222733710824,1622388.317980864,8702062.535915041,5041942.674934612,4403546.583793406,-29.642067405779372,-74.66499571974046,-72.71205438761938,-60.81771020714285
有大跌/震荡,-0.5759656316703943,-84.59739291000372,152242.90133557722,1874.7250941628613,92230.51960008375,166205.49911108782,-84.50554928211727,-99.90060918745918,-95.1075575167509,-87.73883986977744
有大跌/震荡,19.10143232313082,-41.376145962221536,1824285.8933934818,12003780.57797212,5848967.449506038,1132802.1613017754,-34.12245850478871,-81.94018115077202,-63.380290768107095,-63.380290768107095
有大跌/震荡,29.42350628543402,-36.46496815286626,2038844.6978359304,9918058.753690341,3312887.891365214,1578317.7912356271,-36.46492243432626,-80.56889734191633,-80.30018381822512,-70.56734962958159
有大跌/震荡,-0.44414981308373847,-64.38033897085664,240962.28548001728,17584.084084220343,94057.17749378174,152299.53976566315,-48.57877525461003,-97.16076339027778,-79.1561840587804,-70.39287234770067
有大跌/震荡,12.182006646938582,-39.827265878717895,916738.312500879,1652917.0062987031,1337841.4517698518,1073387.1791701785,-36.17528758189296,-79.5803942739581,-59.1333488081907,-53.741072082106015
有大跌/震荡,13.737485975845676,-44.70478374575496,749710.7220267161,426076.36583696597,755316.0060630261,676773.333712911,-39.09514992768509,-86.72069000727583,-70.32807026519099,-61.60141557641256
有大跌/震荡,7.3730510875797295,-56.07341827211059,873107.8515362624,1038199.1618514581,1249175.0012810775,698411.0207822366,-38.315088941102914,-85.79620212744099,-65.4526376138012,-64.2011512325568
有大跌/震荡,14.709882126147122,-49.64319705291131,830267.2479291317,710411.5042741648,616105.3443869407,966074.902186241,-49.590706825666565,-91.18914691703782,-82.47552934736268,-55.871917585004205
有大跌/震荡,8.722706578997808,-55.55002350466707,921973.7375635807,765927.9732098423,1620881.9024831536,932757.1444288159,-43.011372658445666,-88.34227194383999,-72.91361056393792,-64.79296853512007
有大跌/震荡,15.224175947827856,-41.51370053631448,1001133.3361123408,1431548.9193447155,1294331.3671854737,1876839.7931421953,-38.4023022059224,-83.2631639259679,-67.21015289086417,-63.895278090602204
有大跌/震荡,14.270282698866588,-39.67123928457524,675734.0903266958,669444.9650015177,980107.855010127,1589696.1021777918,-39.24515342033935,-87.44599759345061,-68.59453564866203,-50.43165613014145
有大跌/震荡,19.61328954446666,-56.02119828967205,2208782.107463384,11273542.147399405,7027463.0998956375,3268911.1299501145,-39.023527367304276,-84.09842082994187,-60.340899679525975,-59.53617023255783
强劲平稳,18.273996390402523,-34.86381499185113,1507551.141352261,4383203.04043563,1898875.2326827508,2675305.7030288586,-28.036548583397114,-69.57146951113509,-67.25064788249755,-67.25064788249755
有大跌/震荡,9.564159303269438,-61.30179683006316,530074.083885476,108235.7989831787,196088.04313077917,605384.3210567213,-60.21775464392232,-97.50211228196694,-87.54126639928664,-74.96948351323475
有大跌/震荡,8.040555001163696,-72.73854383082941,314989.49827035284,40013.67430998939,245476.96553051463,200124.92009283346,-65.99898380571412,-99.13504476858377,-83.50481230730637,-82.39367348346995
强劲平稳,17.749435232075662,-28.55936952315351,1135710.415154158,2185102.4508690005,1013161.3701954815,1632414.5570858554,-25.16779051892787,-66.87172550702897,-63.725226823390216,-63.725226823390216
强劲平稳,17.51871466949082,-29.78798345396897,1232506.6728096977,2901514.6714937063,2288656.6875249157,1485801.2533062268,-26.729927915249796,-70.32997851404623,-56.86232005316951,-46.415382974927674
有大跌/震荡,13.55139524969844,-53.172440429025535,593411.2536479667,369831.5851841266,1034629.8731925454,1134819.7970520635,-53.05335034530305,-92.8563497430643,-66.45198492028337,-56.867699375052716
有大跌/震荡,16.88421346629061,-41.139784791311875,1852908.030356822,16446182.687331017,16474131.990914447,2688989.966391435,-28.760106311301627,-72.75590140166219,-72.75590140166219,-72.75590140166219
有大跌/震荡,25.16968579860017,-35.38107800005902,2506876.229222971,27727049.03051225,20079400.16830319,3325385.8546094783,-24.656470085576142,-67.31681674443573,-61.74166838170998,-61.74166838170998
有大跌/震荡,9.368235641600698,-51.124468235647804,632654.8974265037,389224.0256048722,1248590.2535315303,1247753.9129754344,-50.677068512803345,-94.54238064626843,-70.40236017608345,-54.54009361673562
有大跌/震荡,3.7683091477923147,-67.35068907071707,344943.1871013203,14776.202963975495,29642.839442912875,240434.0765563664,-66.77766044466107,-99.48023668166296,-97.1502137977165,-79.89848816421333
有大跌/震荡,4.107150984001473,-47.97842875245459,516854.9916050929,236749.04558564618,544840.1558690097,1512005.63522594,-47.03033107231149,-93.34208651371429,-83.56745791028271,-54.397457725723385
有大跌/震荡,22.137115786300022,-41.376145962221514,1444848.3024708896,6602069.782784504,9014705.773806088,3471193.6425654213,-40.45550417730125,-84.8371851222868,-58.03874788395954,-58.03874788395954
有大跌/震荡,12.608249516875691,-36.45902665004274,1287391.67725496,4441034.854091099,2753323.0920190467,720690.7041891883,-25.161110878929872,-73.3303010441351,-62.28380224612824,-61.76459592422792
有大跌/震荡,6.489940657032367,-45.713598156487336,879348.094035781,1226978.5521147796,472095.7898228885,587429.0231826293,-24.879408746425792,-64.92064824856718,-69.91289799479044,-59.37872372712694
有大跌/震荡,-6.906583368875641,-73.6247876692889,230895.8253590585,16043.31475709957,353751.94620073994,373795.1163748268,-73.5539010204476,-99.21918838506721,-82.8362534318496,-78.78493237715112
有大跌/震荡,9.140779382808685,-51.34873525598211,676243.6139865252,431915.22473392135,908226.1977061963,679339.2363169352,-34.85199964890119,-90.50981876220378,-76.76850703608976,-58.1870488726306
有大跌/震荡,-17.72179147530526,-93.65781983340716,43878.67344829063,14.67270378828487,6700.754421852725,25920.036209780068,-92.18741585273358,-99.99752631074696,-98.12167675237616,-92.18741585273358
有大跌/震荡,4.478910779271117,-51.78545628134521,500782.7836763183,166489.0587438922,109350.92950622682,332775.56473742856,-51.28217888692739,-93.11549030233812,-86.48723271330911,-57.16928522025297
强劲平稳,32.74625964685289,-23.34484959136046,3082729.8004561556,48589203.97935755,27815941.6785836,6356834.148599659,-22.484259251340777,-56.910841818843295,-61.26616333847799,-42.535944676743874
有大跌/震荡,1.0635805116700592,-51.797667994108146,351116.5729369725,39728.91732695152,209959.9889444871,229248.18468178235,-50.64947060801058,-96.32031050928971,-69.27176796533006,-67.22716683885136
有大跌/震荡,20.739911773093645,-46.003770232510774,1134231.6363056253,1611991.412507289,2093075.0986863968,2576550.2293379614,-45.5279046683754,-91.53662910490787,-73.24316313188079,-55.09980356349591
有大跌/震荡,16.836144125556828,-37.866964865887944,996457.6770084936,1511121.6451413124,1333292.4655227307,1685792.1963253247,-32.6680804659079,-82.30522091543145,-68.5537834529585,-55.686504445335906
有大跌/震荡,23.11180490722031,-43.244310648725616,1463214.5762623106,7160097.914832666,9563546.74740761,3905495.570592553,-43.16644295772741,-85.73204023722599,-67.91706278334732,-67.91706278334732
强劲平稳,26.769036953504653,-18.285715012323266,1710468.5518050056,12676543.98810526,5636307.208671174,4956520.435321493,-16.099297462738527,-44.055055979744026,-43.358020431006494,-43.358020431006494
有大跌/震荡,18.29307306148158,-40.12477466745683,1472967.1261636259,4765355.900352734,3788580.385361854,1351911.8289012788,-31.494229564602485,-78.43451027913503,-53.905203504157754,-53.905203504157754
有大跌/震荡,2.4872891108138395,-56.122986764306404,400796.50537595566,95793.78584480147,216079.99249668472,307669.1142417895,-49.98855591720176,-94.65530542034946,-77.40003382821894,-71.34274281164615
有大跌/震荡,3.617900266828422,-49.22680747454158,357077.3275700031,35129.6806160311,26081.29789194958,229632.28959806176,-49.226814601562005,-96.44142681097016,-95.75517055145394,-62.626480121459636
有大跌/震荡,17.401726020473628,-35.8692499620207,905231.2780983099,1524574.3866154219,1143967.4403914777,776968.9317025937,-26.27975379811519,-80.9211813365938,-74.01681464564882,-74.01681464564882
有大跌/震荡,1.0546261334998697,-63.98968891609509,376272.4431738074,36002.12472857449,150305.1996749391,386484.7276565211,-58.59661035022658,-97.0876563362224,-82.74329449626082,-67.72790277068017
有大跌/震荡,0.5895169065682326,-58.820273488217325,349179.32425184286,67429.64709919083,240039.84482256506,257078.06379002088,-49.9915944216766,-93.18218023741139,-76.31497079544069,-76.31497079544069
有大跌/震荡,0.5632009574924268,-50.92520578659162,448800.00545415486,50341.409502773146,189313.56803465486,413332.9364350504,-50.171535509542096,-97.22395544699654,-78.90349281883513,-50.17153550954202
有大跌/震荡,10.717614308307377,-72.10205760380873,1206803.1324688075,4805651.228968662,6493044.722772089,1955160.5671474633,-42.546441884059284,-92.66010404697542,-62.40176930894744,-62.40176930894744
有大跌/震荡,2.0955117522778233,-76.5708535512923,500723.7137377549,292854.5333977151,140306.98768605074,354020.8429137377,-54.79824242574575,-94.78878744101219,-83.78017740528648,-69.09612415754891
有大跌/震荡,9.319471549827018,-60.64759577088227,825306.1414482894,602013.3489358915,2423098.1434984948,751799.0162953433,-60.590468450962106,-96.60493659495803,-79.21699251918454,-60.59046845096206
强劲平稳,20.797552680696917,-33.521688929909246,1362695.8341182375,5108727.836530258,2917522.4491840843,2717301.730272988,-33.43948280934218,-76.87293624719976,-68.66014900969624,-57.49985738745516
强劲平稳,28.330310485704867,-31.740976645435225,2888368.0685648085,26303390.437426142,11044505.166376434,3729774.2785213804,-31.740978194663462,-72.76260949633398,-73.26503864803672,-69.67797725698466
有大跌/震荡,9.242002003317218,-64.44755222594189,714804.1392910562,411557.86406719463,263068.3025892021,285471.48187791905,-53.14978020885892,-94.10183778716966,-80.88102519112357,-72.67536888449145
有大跌/震荡,16.717378716016064,-60.51585843268605,1091642.2491860131,871221.0902451964,3236771.7646260923,1918310.7451153111,-60.51584914941639,-97.10893546057964,-82.95436921343303,-60.51584914941639
有大跌/震荡,-5.519269842822371,-74.46805550311066,206971.75555765646,6921.118307898991,61732.51062450343,180946.06443972478,-73.57472276118237,-99.56593011253399,-93.6811531059919,-81.47863312699764
有大跌/震荡,6.433281226948995,-59.00677292754188,512741.8011799746,55993.61136287,461512.94681003015,433190.95297998784,-56.30089780550034,-96.58439577974212,-81.63312595633218,-72.61352293786713
强劲平稳,26.24331583741979,-28.545340622975235,2789400.4078270146,30678701.33735444,15798310.737184647,3294112.2597752963,-24.495837432270484,-61.80413780819859,-61.75675674615141,-50.3100680419769
有大跌/震荡,2.9550249716327803,-59.98133857904443,567069.8992056495,188663.45524019355,246164.57433438345,429534.22766174865,-38.08839063803755,-84.79933649240238,-66.03510392696235,-49.752114401615444
强劲平稳,33.13577389825093,-27.241677515514805,2249480.9984898707,22505117.761677,6507841.952268348,37308191.842043355,-27.24162814569717,-80.1117620698728,-89.9413887130738,-52.026358447234664
有大跌/震荡,3.617415725891693,-61.33177713487924,426102.6456675203,80831.63635211313,331229.17997854366,735461.1679866844,-55.596238621334805,-98.54764629640583,-91.32908222518901,-75.70053368493564
有大跌/震荡,8.740751591947049,-59.81767773605107,565542.2857351064,213168.54401070724,966474.2587865676,576558.1872537833,-56.68064595602622,-97.69101445965102,-78.9238085941857,-72.48344699301164
有大跌/震荡,18.796879875524432,-47.929354445797834,1422432.4898799341,2388727.3648627694,1678350.5339491891,1320623.7347649438,-39.787479827305205,-88.13625179884413,-73.02624216011517,-60.650999164468836
有大跌/震荡,21.2382790370804,-40.452096922508986,1171713.9589465796,1878902.002176886,1445977.1996058528,3879906.595021437,-39.072747230291114,-86.10491193047287,-74.36583002814824,-68.51034847133562
有大跌/震荡,15.942474212681468,-56.36786595290386,777977.4166581851,339140.6620845492,1871612.7474453186,1124018.8397358907,-45.26842783287858,-94.71007474369571,-77.45986214286646,-73.01611765199473
有大跌/震荡,8.386025447418222,-35.36911385813119,775175.7630277247,972842.6301302041,477857.0412868459,360218.15286529006,-23.73366801782305,-64.20919916150729,-51.43244379437164,-51.43244379437164
有大跌/震荡,8.695582500635313,-46.15630127817979,531319.1332083837,202543.36021040427,406260.8284165491,428152.49223617325,-45.93962678810385,-91.59485144119868,-73.76647337805039,-58.817677270555954
有大跌/震荡,15.711365794714238,-50.53615899487631,1126743.6492620003,1772278.9172293118,593338.0334136843,842954.506520296,-35.42726808148211,-84.11996744037124,-82.77426035639473,-77.22828587586987
强劲平稳,27.064979006743496,-33.304970755484376,1931473.1689335152,9490047.992332498,4299863.379242706,1598078.607718231,-24.888748134863516,-71.71581283066962,-59.87683482570838,-59.87683482570838
有大跌/震荡,12.928743877890314,-41.415724029787256,811321.4114359984,619841.6806571207,1343758.72213072,1512162.0294392481,-41.41571103129077,-89.57760711174885,-68.71573718598908,-60.847832180492475
有大跌/震荡,14.257617984076788,-49.1339090123345,998984.4621400511,1389063.882807259,699890.134123521,1397280.9639390954,-31.740978194663473,-79.20354579736757,-74.06356349333191,-72.2101220405678
有大跌/震荡,13.538050602234186,-47.18864173749391,923900.2995894185,803179.5329235999,531806.0420850095,756739.7502967406,-39.395451809641756,-86.2745849088229,-73.51047806165352,-59.762513875174896
强劲平稳,37.506405026727286,-23.624252989506754,3847643.4980327063,130968301.22597775,52150558.854463086,6074630.013823023,-17.64401626307741,-58.70705175105476,-58.386030190899895,-58.386030190899895
有大跌/震荡,-3.244830118753572,-66.86144544272388,281265.2274916655,27618.457227300256,200358.34478726453,413760.05154599977,-66.23185178072129,-98.6984134371549,-87.25777382517172,-67.21345180445475
有大跌/震荡,13.3767407381574,-59.97452204491878,615621.5241483557,293127.4988923407,447375.43628603406,506705.2804260709,-57.187617534401866,-97.19775266147333,-85.45053354298098,-77.7981730187969
有大跌/震荡,12.775301076945468,-48.27006942735756,671849.9224873332,472836.87413815554,625133.2580047146,762125.1345683334,-44.171868907500865,-89.86006283604418,-64.52855929933105,-62.19268956957564
有大跌/震荡,7.253796866940676,-37.24924430411781,487771.0328407038,145149.79663736618,81899.47292540029,214560.9875389596,-31.846603930015437,-87.19813177058244,-89.28645155395778,-73.2729822163385
强劲平稳,25.57218851093046,-27.86580324710515,2089879.6154746844,13228546.639259085,6850101.71996276,3432986.5874685473,-27.727115325978634,-68.06293869859356,-70.41328849237503,-70.41328849237503
有大跌/震荡,12.138270544000385,-44.58305664429887,1153004.2063550923,1314882.3658878359,1206109.7990056647,756968.179117554,-37.685437156840294,-81.46523479907172,-70.49964365371326,-53.840969907877444
有大跌/震荡,21.643186129523407,-43.11473027828438,1178689.3697969203,1551557.6241996153,1220533.694460852,2078775.479548716,-42.69079892066787,-90.14165585722236,-74.60418421737589,-55.00091082006693
强劲平稳,35.652004486704584,-25.62735220521598,5826582.832109966,270456045.61600953,186609668.66177678,27198438.31932196,-25.286795318140086,-67.16979359464999,-54.618249782188435,-44.120750769597336
有大跌/震荡,17.689043291421157,-49.753286807196815,1108014.1633994272,1408506.087187684,976681.1965315834,896263.7071988273,-45.016735326286295,-89.20014472643618,-75.64573873879014,-75.64573873879014
有大跌/震荡,2.479472473779709,-48.589731166372786,414881.2782404271,68699.06214350168,109219.73316710383,357574.77174774965,-47.80159146508775,-93.95240020406551,-86.19814776389195,-68.41586786918951
强劲平稳,27.358530842957606,-23.201607268266734,2536770.7742061075,28956307.95241828,17153849.57398904,6408403.513374519,-15.46834324655163,-50.04463658803292,-44.94601786116901,-36.23308192249283
有大跌/震荡,17.72785070147367,-36.46496815286624,907688.5177070884,1002635.9801359066,723676.503073789,951821.5233054463,-36.05531398211173,-79.52318411258689,-81.63942315221868,-81.63942315221868
有大跌/震荡,33.41137305482356,-46.29918375848835,2822456.4676466887,50864905.3675122,40572903.10661601,8371378.178983608,-43.35112135622331,-88.3235841402139,-83.17103479926105,-83.17103479926105
有大跌/震荡,8.54232099714054,-49.302083691401656,505453.5648689943,159079.39313790164,985239.5029552247,623315.9124107924,-44.251978030581164,-88.05738714376052,-63.41581854511378,-63.41581854511378
有大跌/震荡,8.660509368864355,-48.00374911562068,619762.7583482023,400893.7613233987,763098.4411731467,1116261.2053743573,-44.717933691295876,-86.84770148774119,-64.04682041671663,-45.11780596045851
有大跌/震荡,-1.8413808960163869,-53.23187984999096,400828.5560327675,58726.152638258616,70021.95159247136,288075.65430251934,-37.710931225813916,-92.02616466769356,-87.54812783105312,-52.89826192288912
温和平稳上行,8.277119716274273,-34.148543757792126,667521.7867269816,457020.7559716785,166452.48104941574,599324.2363624407,-31.100772770712247,-71.74436764464288,-80.05102910800849,-46.11878425986885
有大跌/震荡,16.914064122458527,-49.44703485374703,807156.6025462203,412907.2511100662,945154.722304841,1925045.7614332838,-49.07622952198686,-93.46689950942273,-77.08048388915724,-57.706124425414274
有大跌/震荡,18.25966552195366,-46.6457463757864,1017422.4617432068,1295423.225932027,1811741.0852184282,1341289.9471715305,-46.05223038192605,-91.27278023969939,-65.29003556290185,-63.3876185906971
有大跌/震荡,5.028094909532355,-61.889383011128494,498672.1553027388,79773.24981635556,187004.3497844348,368350.2210086727,-52.57940433661004,-96.66974827918153,-85.46459790711809,-66.06108634678935
强劲平稳,15.60135249100323,-30.954256259459434,919764.9909720605,1487421.997708817,2073497.1972523227,1783206.3210836367,-30.167672990927585,-75.78240400047775,-52.291425815735735,-42.21879704499483
有大跌/震荡,7.804415519921504,-50.08038608364065,764135.4539300697,1104730.7880230846,1473067.1488382688,1179147.2615425375,-32.65453447979129,-75.49450707866482,-55.75725782438894,-55.75725782438894
有大跌/震荡,16.075926865308254,-47.9293544457978,1149531.6701875906,1637779.674282849,4085262.306699483,2663987.141813334,-45.0162907200926,-90.54933696027568,-71.48193574263964,-71.48193574263964
有大跌/震荡,-2.5040925106067258,-72.41617639698354,210877.81986048495,10608.909034079245,69656.11610778738,147566.69850150018,-64.91235138504771,-98.77547693643565,-87.2312753062422,-78.3303146872053
有大跌/震荡,1.1543335501212004,-70.52321267541572,464766.8124420427,107913.29648049406,78178.54232989253,544244.0492579311,-49.75328518220301,-94.4623237141391,-93.94368519440096,-65.90269188646622
有大跌/震荡,27.15086338491204,-49.753286807196815,2498930.1212238446,12986711.92920215,10613782.767248333,1885200.6955198597,-48.96781640700236,-89.96766228634205,-78.01493763231417,-78.01493763231417
有大跌/震荡,18.655631902920145,-38.00400860144708,1191128.1386459433,2024317.4304303813,3303860.2686182684,1450998.2802822692,-34.38101634350866,-86.12290218418711,-74.52494883790267,-73.14904129531541
有大跌/震荡,2.2716155358235346,-56.91736679945662,445599.0203323482,158030.464995147,174495.20643453454,290917.76490181754,-44.75513173720025,-91.37002298473563,-80.09658647479027,-57.156367769173386
有大跌/震荡,6.845480952021266,-54.29362670453016,591471.133554037,412441.63574343687,1740895.7640177072,951871.6116848536,-53.96880590173821,-93.53213459174567,-67.62957479796407,-53.96880590173818
强劲平稳,18.056240658662382,-30.453039816616844,1200870.042795036,3754815.3339105523,1452360.4086575361,1699527.636150703,-21.10703584204976,-65.7437104684127,-63.100100679577906,-51.337575542150596
有大跌/震荡,-1.6343642916949563,-60.82204994992292,310998.6920749938,20089.402414876204,117671.44287345384,253435.58077410274,-60.73191313645611,-98.1811324473388,-86.85278011004803,-69.16259542315593
有大跌/震荡,17.8552021545787,-52.189083280946406,840327.9560886659,685919.9651830178,537191.3830199803,2069775.2342953407,-51.64192091095106,-95.58427274591538,-94.27388993473706,-68.08222729962922
有大跌/震荡,15.403178432568442,-45.928966462283874,1170749.3083658863,2241795.7444472923,2401002.445616275,3787547.504791286,-45.60052105387973,-92.81678399254332,-80.8076522121843,-58.170508864134305
有大跌/震荡,-0.957448568687902,-84.26021329211734,198167.21023650802,5184.93510785343,157548.11989275043,462557.1348466537,-79.51453434088305,-99.92762671603049,-96.50277392582142,-88.96895947689167
温和平稳上行,10.668362865194592,-30.824199868195056,849280.7218093096,991743.9745603997,464542.2381464639,440162.56449618266,-27.42597059203209,-71.19506799285449,-67.32933889807289,-57.06807802291311
有大跌/震荡,16.131761766819963,-42.65352808289735,691529.6616751188,662265.1852875015,833405.5141917665,1554173.2223130295,-35.43205242773257,-86.56743108249157,-77.9401359393355,-64.50177549193921
有大跌/震荡,16.484021858157494,-36.46496815286624,1067933.8296583463,1574110.1998414882,1078081.2643344547,1065345.5702732746,-36.46492243432632,-80.5680374526332,-64.44372155541936,-49.99019392586367
有大跌/震荡,10.94571263721229,-63.1088173078751,721999.1188435145,272598.3476374569,873635.308807678,1381407.2485372764,-62.99900011713603,-98.2191629511132,-86.81841747580037,-64.7963733698718
有大跌/震荡,0.9521745971391882,-59.243932664647694,446867.34971893305,172014.62272877517,282136.20750323916,275775.6964263945,-38.854822208241444,-90.76425154019849,-78.91480159582068,-58.76057425591329
有大跌/震荡,15.331298420942229,-41.690060747931255,779680.0906831922,810802.3683064113,566645.3934804511,1028893.5073313987,-26.89633062406722,-81.14045694187186,-68.459069136297,-68.459069136297
有大跌/震荡,9.870521196953286,-56.19026408174146,685974.2675940963,442583.35418505385,557549.303170096,426287.3434504795,-44.886380138939664,-93.58570637421634,-88.64869605513532,-83.09833815174638
有大跌/震荡,9.5220244532076,-52.30703682093076,451855.5221929303,95995.36404504163,428022.4437586903,749571.8417337716,-52.30703222325972,-93.50881822038455,-73.75672786970789,-58.928803194241056
有大跌/震荡,2.1773079784160654,-61.57600956632708,649013.5512083562,219617.39677400922,242600.64697650238,785377.9080408692,-43.30697106672762,-91.37832807096954,-88.11240257143069,-71.03020206508815
有大跌/震荡,11.937316107252439,-42.350609833797506,697965.3197880279,501644.9896893462,705127.9640864886,737724.4835139326,-42.35063399181143,-84.28118152006736,-61.408003998770525,-44.999582308948995
有大跌/震荡,22.567005511530482,-36.22225204379045,1153174.496991406,2178152.183794549,689224.3272137578,1132816.5927644356,-33.42268443068559,-80.84505100127011,-77.84666193501629,-76.13961146460595
有大跌/震荡,-4.513006140033071,-76.5256461277209,190483.07587794424,5971.926920135482,62981.08782981243,104812.6764540222,-74.40338426300012,-99.59309415468852,-89.86676492487071,-83.48572180729872
有大跌/震荡,1.7569754940151672,-61.02853366249577,442624.16132160655,120077.74024218331,458550.80819929735,339394.95434343803,-55.95350543113036,-94.97045177025424,-82.37975265322059,-59.099510869673466
有大跌/震荡,20.34383768293622,-43.801188248742775,1047934.9286073426,2201680.552994794,5694392.874629378,4606722.005162738,-43.801211556324304,-88.6218399637512,-62.284210175456245,-62.284210175456245
有大跌/震荡,3.2547631410825284,-53.82034399144272,382105.4728074405,66653.17226361275,197427.77358195683,223505.2386032345,-52.13052332447099,-96.10077270826146,-82.71202414579659,-73.37488349828574
有大跌/震荡,4.333333263457262,-62.05260618296102,547913.8528092483,155309.636636521,506639.37527553376,221763.69945358846,-46.75572113093459,-92.53079791566444,-69.2949610742166,-69.3103135936795
有大跌/震荡,5.471007841906239,-52.138541329488234,674859.5879589175,384077.2431082368,532973.5312714732,821981.6824342777,-45.9477147416711,-93.78578659918662,-73.62274118415195,-65.96429359954547
有大跌/震荡,6.799412160954121,-54.94238051291147,802511.5441029988,883360.0026452176,455931.0605744627,466625.4253410426,-32.020986488553426,-82.0650903285456,-80.42718298221132,-65.57713792069477
有大跌/震荡,19.43874802404575,-38.196279981916035,1257400.0179836333,3457369.5244403775,2480437.3820099994,1326177.3049287267,-26.074526470711955,-78.55536518442922,-62.914507217669716,-62.914507217669716
有大跌/震荡,16.47291100654369,-47.92935444579779,773189.4736803294,554295.4453998113,1345072.915833719,1286404.6152903754,-46.327131757628784,-91.07046943741149,-67.08167474089524,-67.08167474089524
有大跌/震荡,10.220834938739598,-46.453682156675946,769998.9376162009,503041.6198767459,357916.55959166837,417694.7575072641,-44.77961252779611,-89.41623627326148,-79.90435179225905,-76.30625924682322
有大跌/震荡,12.608353857177267,-45.69123020706456,1105131.7864085897,2153822.4960250165,595034.6084541185,1013940.1467909103,-36.26592383386451,-79.952459613305,-76.5717243412848,-55.16604608087403
有大跌/震荡,17.499335190113108,-57.76951429419957,1145587.9977542113,1146339.6927365146,4252707.376154909,2805112.2560592717,-57.44262139272613,-96.75281162466594,-74.04924392683678,-57.44262139272611
有大跌/震荡,16.306485129711533,-60.06272979408851,2108978.3087798064,17267742.638574984,16115845.797424674,2236540.0249706157,-32.03210248826692,-82.20148022105545,-55.21657021484858,-55.21657021484858
有大跌/震荡,5.88700638865578,-72.3907018758706,508730.4333784423,57597.373842295136,262575.20878434693,630434.7224306216,-72.17607314585366,-99.50551452747214,-95.13435950665591,-76.23196600782862
有大跌/震荡,2.6636505893616214,-42.74778988678328,403579.03052523255,101667.26680032114,177355.84808051176,299476.992835955,-40.58746092150676,-87.07254874578206,-66.84762775327066,-57.99145334150786
强劲平稳,23.416076764457316,-31.063043739325945,1763765.6197447223,12123943.12473078,8504383.298802212,6921382.95227079,-24.04957367417151,-74.33334897690571,-64.4571732389214,-64.4571732389214
有大跌/震荡,4.944582429855715,-71.45352985306889,553616.1214015426,296972.85909318615,516783.90422022744,227464.97517632777,-45.70742850696601,-96.83192426243198,-85.95671217821787,-83.25276017222575
有大跌/震荡,-1.9282366442735621,-73.94037791492221,213246.68074975538,6199.478775543464,33558.55430810021,80266.50061927333,-69.83262466224036,-99.64872326562006,-96.74386064433868,-92.2118542649931
有大跌/震荡,23.58026552368482,-48.7432050929275,1410579.8817834707,5806404.809799581,15855969.310601164,19210548.405435354,-48.29427233509308,-94.47266957560376,-78.60160601470166,-48.294272335093105
有大跌/震荡,1.9124398931962494,-82.59171454088788,376736.92975034117,253575.72400081396,453315.4693169044,180327.21469714484,-63.2108334967078,-97.82382638116098,-86.62289871012099,-86.62289871012099
有大跌/震荡,21.948108645458554,-45.02475768195603,1661954.4318797921,6768086.797543975,6349387.337488416,1977073.4723539692,-37.22306371586311,-85.74602476009427,-62.77384864594976,-61.375714388833266
有大跌/震荡,21.55887791894706,-39.296128259709405,1394535.9576005288,3981283.715097914,4586742.877941566,2210001.955940189,-39.20298848895211,-82.79790178099597,-64.7371755841498,-64.7371755841498
有大跌/震荡,4.324851105995919,-49.43620207376145,377753.55322588107,57396.83699000833,158564.84072888826,335634.1525602301,-48.689195434622356,-93.33117708204236,-77.5764671408703,-77.5764671408703
有大跌/震荡,-0.3796171404148452,-71.9260971903704,445907.8495146466,92803.23211993158,163206.3847851011,288996.22433923406,-46.549869462927674,-93.58442835797388,-76.60049831420326,-59.501305713991805
有大跌/震荡,4.120973867704314,-72.99858805984756,484596.8693119223,123998.45315575432,608852.4630781977,697111.9782762678,-60.32703001120443,-97.82204194205886,-89.40231146287387,-79.0798574785117
有大跌/震荡,17.308650152151817,-47.02590784260639,1075197.111770254,1869289.044662869,2051981.9878122793,1728069.3417231382,-46.99019074219743,-90.33229329269074,-73.15923542342937,-57.20189508528222
有大跌/震荡,3.6405534546662954,-56.732633764155295,608425.0559986288,360923.9867802869,312857.52197234886,478078.368843969,-56.19712023874085,-95.12005944878791,-89.70476327940166,-56.19712023874074
有大跌/震荡,13.623277788710286,-36.93249727690719,845333.2653544475,705510.8590161317,533886.1472944675,793418.9618286076,-36.551989359712735,-81.92527197776343,-75.70652948339801,-54.3271604353341
有大跌/震荡,14.410036251909242,-45.62192997626748,935681.0445817336,1034345.8185361403,626792.3372959729,675549.8363489548,-36.05837013715328,-87.63015425679183,-71.36456332307075,-71.36456332307075
有大跌/震荡,17.196757625709715,-35.09772862915994,883353.8526586106,1678239.9915702874,1509711.4932248658,2791609.7671385743,-31.13702610053575,-79.56870933925934,-66.77928040724497,-66.77901363604937
有大跌/震荡,6.499622378415215,-49.68885375680683,391765.61079907976,52952.020564332066,185052.73139577112,396608.82084848714,-49.68886735046987,-95.52913051117827,-83.12566571711982,-65.67233870640644
有大跌/震荡,9.656688937825052,-50.15619738776906,759207.7311751057,474133.3988439473,667794.990137296,690366.8754197991,-50.08189827333042,-92.41155509355823,-76.0707919728458,-58.40670330797033
有大跌/震荡,22.0756247077049,-38.70528611075773,1240949.9284153127,1813093.7838557137,618820.6487035167,1878696.0457674768,-37.112116404964205,-87.23156950960097,-88.98708322023907,-67.30784488059712
有大跌/震荡,3.7056224334909293,-45.94840118435343,435876.00386602856,119147.32645756596,131071.47404633729,205685.24668762318,-44.77961252779611,-90.66475882374394,-83.77128042549293,-69.77270586276774
有大跌/震荡,13.878848528805543,-40.24538090237023,862594.1219654788,1039699.8214684828,405592.70788020303,916690.6409673004,-35.08011726285154,-80.33656965529926,-77.01510786199482,-63.12664890174826
有大跌/震荡,4.439809294681352,-57.63878418592916,466784.1129452522,154680.17936965261,200027.31247879405,652262.7570184331,-56.57595272458309,-95.91510495364788,-88.91745039908298,-66.31513972139938
有大跌/震荡,-5.077426603594304,-63.85324928630405,217088.32662054012,13906.251533382137,82788.12659138281,142302.37045065255,-47.046015472389016,-96.29688569832909,-78.40931432243687,-62.888328579572125
有大跌/震荡,-4.374622668349948,-73.45597568233863,202746.5830015108,4453.734796219976,29475.61331820368,56450.365025545136,-69.69420576782264,-99.65093963528041,-92.41750922855087,-83.04066738113596
有大跌/震荡,20.769055395620374,-47.01218976288578,1156067.5353575726,956986.8528083911,2606491.810286923,2785808.452961952,-46.74945669077836,-91.00224282767955,-72.46821573902511,-63.31673976345338
温和平稳上行,11.092060803211524,-33.40688101325608,714067.1774978283,720149.7033386873,537384.9814680178,826370.4041464602,-33.22954755281049,-80.66915698639905,-74.85248470494177,-57.28694953527372
有大跌/震荡,12.556140839037688,-44.77962594445517,957448.2417435773,805333.0511324095,203440.8668965039,299566.85069067107,-39.400749972232894,-86.28418526759076,-82.4762862677257,-82.4762862677257
有大跌/震荡,0.5280827931451793,-60.54985313813172,264275.50768831733,16486.860757154907,161700.04620934403,275897.33080346143,-58.77823355373732,-97.91380228786537,-78.2853254249914,-62.94978947158483
有大跌/震荡,27.242168070629425,-40.538858996771744,2344057.4277812564,19814868.139326688,8989172.644220538,4433683.966679341,-39.7675774650304,-82.75803746110549,-69.72702445556371,-69.72702445556371
有大跌/震荡,9.550166111046533,-52.76781171947093,431464.4321171759,154981.81882320117,248964.05832401,350603.3738199393,-51.73389337561586,-93.87447021064983,-82.69329651572701,-72.6264636829513
有大跌/震荡,1.1953072859101521,-46.253371039076164,488590.8377374669,177422.0384249969,168773.41844969697,359082.2113855518,-42.86744785240049,-90.07824550424759,-78.25161166285511,-55.04481202078626
有大跌/震荡,12.040134223766842,-75.17124342563154,1204713.1364156918,2332271.675981801,2838596.479838088,1164483.9590077293,-44.5656784813268,-95.51553441202606,-71.97017255576583,-70.33125511133126
有大跌/震荡,4.643280145346473,-46.948559623081344,538542.8304246481,209306.72259546196,629261.6452299699,891955.0898610107,-46.94856901297444,-92.9837370720568,-81.05793459920318,-51.61880939817476
强劲平稳,13.418416173569403,-33.115821801452775,820468.8418983845,778923.486349343,695903.8893152047,1889652.4667594845,-33.11582083449258,-79.52409486656097,-78.70814085221997,-42.91270010191997
有大跌/震荡,5.837852323438719,-65.7543584536385,435888.5553659151,118793.08555826462,274536.3174398453,303341.24689667986,-52.40055851751635,-97.20383064540535,-89.33857566730697,-81.94347282411395
有大跌/震荡,17.77855175564347,-54.27440919792901,1161174.6842361675,1852150.056308725,3571638.015832551,2021614.4862917175,-45.103850363755036,-95.94540066201733,-80.28798762311098,-80.28798762311098
有大跌/震荡,9.655012168878674,-62.60695121584592,508948.8045400353,198018.94563200386,593350.1737445537,1276645.7420798594,-62.38560392997974,-97.4093441164094,-86.40355076311754,-68.4212796476503
有大跌/震荡,6.507254485785707,-45.03567176796307,590688.8512296284,289115.21419554384,203230.17178545173,534021.9386414865,-27.269937687762912,-71.74154348492749,-71.98062167421585,-52.24423751362342
有大跌/震荡,14.94178099190786,-56.198853024582796,1533290.3985855314,8594546.379043031,11738488.209114907,5367105.649719058,-34.19229885353554,-79.97732152543577,-52.629017936548614,-52.629017936548614
有大跌/震荡,-7.1762136706911335,-75.18326344084537,382145.3535934385,98704.11905921127,264990.5315018749,251868.60595285945,-37.70804810702264,-89.81691144710778,-74.68987933607339,-74.68987933607339
强劲平稳,25.966362228271578,-33.25144757606334,1992049.8452603132,11453382.08872604,9409641.74529029,4332126.315758833,-33.09054669285351,-77.58304124456549,-60.20919631329813,-60.20919631329813
强劲平稳,20.892929792450055,-30.195178024918135,1268162.3819585457,1895240.1338234188,1506011.2089147735,1415033.3582067187,-28.72707777975534,-75.71055208407516,-68.15318055747936,-65.50506317909293
有大跌/震荡,13.250829597575574,-46.80715046803765,858755.0522882431,810102.970664112,901316.3517557981,578158.1961129757,-39.11928895125454,-86.0915257700003,-63.83476796675147,-63.83476796675147
有大跌/震荡,26.088611985471054,-35.69819711537772,1665515.7099115122,8640850.896658743,4934172.073961446,3388226.4732947815,-35.52315415576592,-76.46934550329482,-63.16402794421086,-52.55813908737923
有大跌/震荡,15.287004845643581,-40.64782623142905,1339910.2667176437,3149266.290200235,5812994.434823124,6540440.602419446,-37.726885083802486,-88.36917454150215,-69.16835761272363,-57.81409653662048
有大跌/震荡,13.616363546852362,-52.16415055890125,586788.0835717354,191983.8519762058,769533.0393380047,934288.1617880147,-50.15163843785913,-96.37461336834379,-78.47660668873725,-66.76577730979194
有大跌/震荡,6.299801072733757,-57.246657811076716,477362.68474573025,111264.80707637066,209098.13071834695,583763.0082953817,-57.157289892054465,-95.45640395972464,-83.26773805900343,-61.240656630834714
有大跌/震荡,19.653864442556745,-44.77962594445521,1357147.9660711791,4349700.158667008,3326045.700823675,4135090.4561125236,-44.7796125277961,-89.56151395497392,-77.7753711176561,-50.74218526749359
有大跌/震荡,18.86045496165034,-44.16311509244623,1332338.7567359677,5024203.767405079,3216097.8469472197,1420351.377367031,-32.473323715352095,-80.81698523991882,-52.807235107269456,-52.807235107269456
有大跌/震荡,2.6495362312596527,-72.5310591629159,521212.0353373646,439982.8728253922,741362.4110209126,418889.9807760567,-61.576469827300784,-96.4756947211314,-70.22802567750294,-70.22802567750294
强劲平稳,17.67747880805932,-31.017565978663796,1119066.2113898832,2015954.2336803565,956283.5004690862,857412.3294688815,-22.147548421859298,-68.59887477261901,-60.70560015675457,-60.70560015675457
有大跌/震荡,11.44820736767862,-55.704370202866784,750510.4744303167,540999.854009694,1025064.0941892279,944606.5756830134,-54.12635165746224,-95.97408425062885,-75.64059357011284,-67.92126135837765
有大跌/震荡,15.0313101437908,-44.77962594445516,1175314.1562801863,2903389.322165475,2064680.1963110894,1195775.886559267,-34.56572018695551,-83.20958658700093,-63.386414913655365,-63.386414913655365
有大跌/震荡,0.5844998562732462,-78.73798967300469,896963.4499415656,1376987.7752081084,2271320.035129581,1100559.5090110675,-45.00103768250361,-89.36607748141843,-75.97989291171525,-55.54153376257034
有大跌/震荡,12.095908815297584,-41.50211961532232,1237450.3341295605,3025699.6722211563,2701989.469906032,1807075.9202305647,-41.08861930286757,-88.2224938083429,-79.2836555818044,-45.07021238006149
强劲平稳,14.083405841784181,-30.535647025291134,925568.8462405093,1086235.4540011568,461173.4937186499,1090816.2566069176,-29.988075873403563,-81.40272809186824,-81.68914476024585,-65.14699118653289
有大跌/震荡,7.331804652087337,-49.75328680719679,935949.6573365176,1186739.9132916108,1061581.00262326,576244.308485176,-47.88576335774577,-89.15902455701965,-70.01997151037335,-70.01997151037335
有大跌/震荡,9.051523863141032,-60.870122473157,801286.136686979,783368.1066602069,929384.2147006264,818714.8384432622,-40.990170665254524,-93.59009452293631,-77.10921427378565,-77.10921427378565
温和平稳上行,11.342453598618008,-31.863561535323182,704044.2210414229,578967.1820033279,433311.3550329458,777849.7377946962,-28.07231660634194,-73.2460875480095,-58.99917821433818,-55.421947524611824
有大跌/震荡,7.659124772296222,-54.539594392808596,857790.849105855,751555.2321115865,395275.9659212369,508280.36093814526,-34.954833881814075,-80.17314666129884,-71.7233262560972,-64.43878942461339
有大跌/震荡,8.615154707824523,-49.753286807196815,895932.1943096328,1003370.048460453,604867.4045690432,772112.8482788039,-49.75328518220299,-90.10329752304787,-69.33731549178317,-57.239180290053035
有大跌/震荡,7.0690085184427875,-63.362475602355836,551038.1683391945,217649.85334217484,662376.2552546272,1650169.8767371913,-55.417900394908536,-97.5652943421087,-89.73579742399367,-71.02952365983991
有大跌/震荡,8.528284794217411,-62.6805562851916,740841.1464514475,664311.8056032765,1714011.886105013,835506.9408479838,-45.50620363392871,-91.55685195261964,-72.78460725096984,-72.78460725096984
有大跌/震荡,-0.4052585897878047,-53.661024091741304,262288.72285948263,20469.47536734305,142635.03585827604,168791.21265940703,-52.26225573107226,-95.34988087055302,-72.80053577056286,-58.33157133458711
有大跌/震荡,22.176127052552474,-36.46496815286625,1829246.960252608,8170874.768383421,9999278.896013398,2636137.1512792343,-36.46492243432626,-82.00084211666918,-63.82173508558565,-60.67295776823593
有大跌/震荡,15.41212860786616,-40.832270908800616,1164013.4095424435,2476674.224065628,3502168.6586483507,1609002.0732486509,-29.581849065960895,-80.7463537398507,-64.5023172708726,-64.5023172708726
有大跌/震荡,7.022213352231366,-58.01280711389381,421659.67324832105,91940.0579346239,192642.6449743758,222823.38103627274,-51.59525001608428,-96.78561350575474,-89.42212168939615,-89.40702528807908
强劲平稳,23.085809929764366,-34.89219454793696,2349040.0807757666,12572684.822791463,9562474.170622075,3969298.3616030593,-34.89216805950429,-76.56609926116201,-63.1223084154952,-50.22650110292592
有大跌/震荡,4.600515176011277,-62.96621055092542,516642.2362148475,239650.90486011317,234458.76273208667,355309.4812431837,-52.30372038324917,-94.71222092910958,-74.70296561119187,-69.97950534072646
有大跌/震荡,21.639917766888605,-48.50472475247805,1955159.2245987,9938703.673141638,7210154.027398318,2342401.930385915,-44.549224600876535,-88.34499747340297,-72.56155939087685,-72.56155939087685
有大跌/震荡,11.120530453888545,-66.82095080432589,623663.1108098329,262292.1216069553,956323.2593221918,1060825.770286294,-65.69585309764301,-98.32860590432138,-81.59242822644568,-79.62619481382616
有大跌/震荡,15.796712375429834,-46.54989384288746,737085.7263861517,332809.0669740391,358554.84175178834,451234.28836723615,-42.80854233508728,-93.0422977340316,-90.45029527690657,-86.71665184740452
有大跌/震荡,6.868859471901034,-50.65053391068701,456613.42754517245,73350.59257761408,171484.18527828998,208853.30149659008,-49.753285182203,-95.14460437486521,-76.77895132666694,-72.45842767095581
有大跌/震荡,15.786665720047456,-47.92935444579781,895079.7013141837,735647.8624749691,1089936.6781477602,1534140.1952000402,-47.929366833277996,-93.5515455913921,-76.64508338699734,-53.168452112501754
强劲平稳,21.022694197768054,-24.15451397386672,1432069.5732847278,6351403.443969522,2496807.9555202583,2008057.0190569784,-23.973444729415718,-62.50802112345254,-71.66009737104069,-46.03845058327251
有大跌/震荡,3.606716820893552,-64.36535729856053,557122.8160821642,228212.82291646505,89001.83007800243,776075.0095208568,-43.329996608456966,-88.81024118447004,-91.55819583738567,-57.72624254474903
强劲平稳,19.578296044816092,-26.67750814793145,1198406.0070728627,2907938.7342682704,750531.40999643,1353535.947745762,-23.315306168742943,-68.58848129964284,-63.01094778411429,-53.42537133467702
有大跌/震荡,0.950869732262638,-66.47009416104078,551615.5009366635,310076.37568736216,984652.5536861692,581953.8225290497,-47.931887855262545,-91.0470512391419,-65.04591059849028,-65.04591059849028
有大跌/震荡,2.831532662171732,-57.12812832365909,709232.3079865908,427806.35150749487,245930.5709440545,501797.79798189615,-32.83136979525255,-79.88517243905132,-70.73441993469021,-64.87226880902057
强劲平稳,28.48898430359177,-34.541328003226425,3502340.496130834,68017557.08421178,47770693.11185004,9028629.41610261,-26.796608326244787,-65.05002650927348,-54.51680774157441,-51.28380151986236
强劲平稳,29.636616261333938,-22.883306921571076,2239783.9500506166,28747055.57336339,12755846.271915972,6064235.0881871665,-21.096855512709954,-56.48025845738426,-46.27407835162235,-44.59931553484964
有大跌/震荡,-4.290368722259319,-79.40657862628426,167655.86693842086,2450.1493635492693,113031.88658997744,175782.3368336778,-75.7107795731956,-99.90147729219684,-92.35253447403188,-89.37706972044973
强劲平稳,12.220834470479902,-32.20523676633577,969238.4942674435,1297528.3192569346,599556.2039336542,664037.5309965034,-26.886499014590026,-68.11007636132513,-60.6092276513349,-60.6092276513349
有大跌/震荡,18.527288875752678,-47.50685478994961,1204207.4279677412,3105246.3676506653,3160796.475413385,3088781.6074746256,-46.3925204345348,-90.87634059612174,-69.83888816071459,-51.793850417432466
强劲平稳,28.97515709514853,-31.740976645435225,2897581.3175782855,28487450.696370687,17157044.466994856,3418164.9119797675,-31.740978194663448,-71.28856541870636,-71.28856541870636,-66.67844086172721
有大跌/震荡,18.986623918374733,-40.13999363037959,1178380.665054895,3587066.5607169266,3729962.563202493,2518982.318605051,-36.48414631074014,-83.86763018120843,-55.66309292753515,-55.68526138107139
有大跌/震荡,19.872341438558028,-37.77971030632098,1496447.8411382465,4905783.144044303,3216657.4981365805,1966542.7844655898,-30.28129911958691,-75.09692582571765,-76.39693432247941,-63.273892768352404
有大跌/震荡,16.526557876982274,-37.00207680000207,1116844.8366639805,3082574.302696737,2035786.3941380922,1235831.09940078,-21.64831927555585,-65.35423500667852,-49.98125498242432,-49.98125498242432
有大跌/震荡,-8.295165764342682,-75.02791594656418,176715.30919364258,3901.494838572855,96981.32035656768,137483.50122899725,-66.32475840045957,-99.37606325116897,-82.8022270007408,-77.22482409977712
有大跌/震荡,9.09509128771182,-64.015852853833,733179.876401404,348284.39147689164,441672.0492085385,529244.6733707978,-60.80264334459292,-97.50737039459054,-84.7125025416803,-79.32819521916285
强劲平稳,21.697937858371287,-26.401112606616405,1586225.5705281487,9224490.629392367,4782995.362710437,2289522.5506526227,-23.95732216898676,-59.63448472670119,-50.708871348814824,-41.79251330982214
有大跌/震荡,13.041801425770473,-50.296272632727465,713776.1983292024,316800.040067641,720494.7855159949,1198937.175140671,-49.99348635351525,-92.17594297483816,-71.08068156155787,-53.71696933775332
有大跌/震荡,12.146128882373652,-48.395393545716715,827137.9797044365,820591.2585895794,822950.639762232,636137.3500898835,-45.63877804393929,-89.69452508776816,-70.05305382459599,-70.05305382459599
有大跌/震荡,8.694251170189492,-57.682356275923816,536185.0754201035,172135.1011255767,261225.13345640563,462988.5300912949,-46.40974311442571,-93.84902667611156,-80.48190863181797,-68.28452538745489
强劲平稳,19.636790128416813,-31.740976645435236,1309188.7894371934,3423230.172433584,2394540.114852437,1500932.0006210746,-31.740978194663448,-71.64473119135084,-63.68988424728349,-51.3754670991732
有大跌/震荡,21.017866914588556,-45.245580564240015,976813.9595426478,2321416.418767281,2359385.5003792834,3625736.281517738,-44.44427949025237,-89.78344774956962,-75.149627894996,-56.854554485356125
有大跌/震荡,7.272687284890722,-42.6934377057001,540648.211008657,138994.81357504704,134101.3410282933,135780.4245903923,-41.46181556436307,-87.84833972377257,-79.18889747961072,-79.18889747961072
有大跌/震荡,27.268768247352583,-36.48476289676663,1930836.6956142993,17994208.07676595,16556353.01501688,22240990.53612476,-36.32912328088348,-82.86914014858549,-74.32560633640163,-51.05672641047534
有大跌/震荡,9.971685327090118,-56.363424492207216,674978.0411720942,315154.18059935403,558797.048153538,315503.82762308023,-45.304094283624444,-94.20396431087917,-84.09097702255082,-84.09097702255082
有大跌/震荡,16.795570341347087,-56.12785655399388,1073795.7986611768,1372838.8595522281,1334854.0454961853,1066610.249136882,-51.71670250648612,-94.98925238047791,-81.80450349091122,-81.80450349091122
有大跌/震荡,10.820390071721086,-51.098452524522116,681524.7225611318,638427.0185296729,633053.4429521068,313050.160231969,-46.445500815976125,-89.80079983409944,-55.491038041250086,-55.491038041250086
强劲平稳,35.99530924062728,-33.89625512586507,3321618.563577807,62340295.01351503,36761158.36626976,21042857.218828667,-24.266626592476946,-67.83683420346217,-67.029204543465,-67.029204543465
有大跌/震荡,1.2446729283383418,-55.726612724205225,454901.3460550641,108793.95354501839,267524.2345125701,690209.6516631579,-55.16497451242361,-95.753159206939,-82.24369385285031,-63.77787266420458
有大跌/震荡,0.555071065462287,-65.62279858644773,656522.704440895,591236.236007968,490377.08136584633,424308.6101193453,-34.526156316331516,-81.85700092145495,-67.21890677446545,-44.47453501552639
有大跌/震荡,-3.8890310803373573,-55.784986969757064,318450.7995748226,50928.94922922956,144120.80632084934,252959.42414378142,-45.85491059518883,-88.68540867430175,-67.82631657619199,-67.82631657619199
有大跌/震荡,0.25025572496184534,-74.1757262112816,718143.5207744689,752032.4808957798,769764.6381656606,515653.7631858519,-50.64770351173973,-95.72184192006318,-73.68243157831805,-73.68243157831805
有大跌/震荡,0.07134793147305363,-78.60386413228105,269043.27697051683,11754.233742945034,384243.2822990126,732427.0220131354,-78.21142083062949,-99.70054647290347,-89.21165057684797,-78.62699761345121
有大跌/震荡,19.681470783861666,-49.75328680719679,1308436.6389262485,3676702.9305206793,2754701.564486972,4527280.9162908355,-37.31368330927054,-84.50099098775227,-69.60408847272097,-56.05187810215399
有大跌/震荡,-15.895475834181083,-88.79725388823852,133539.30949677728,3322.8707828529023,30513.828830211354,96817.55324054784,-64.53184537172456,-99.14245496533016,-92.96589747911793,-74.84122866553018
有大跌/震荡,8.583864321607294,-54.11960967349911,714819.8563403618,470273.89957151056,316207.99093759275,442038.2867435842,-35.435151471360896,-82.25373607365462,-83.3195936976423,-70.27828438589793
有大跌/震荡,12.879347137023922,-40.65325620038126,687932.003663806,566112.3272939159,233598.22264797584,748729.6246351404,-29.62424136824685,-79.0637400830986,-78.04282061087865,-51.91506546980336
有大跌/震荡,6.055713323027501,-70.39350369347277,411740.90920254414,69011.18898179283,304619.7299842129,871897.2678575458,-70.0427934712085,-99.2063169100337,-91.48666737931418,-75.63272919740565
有大跌/震荡,8.38755575532657,-63.32140698326714,730807.2395337345,443417.8520075513,559064.2989801109,336088.83566257777,-42.62394399578463,-92.49940249203432,-76.50037812780643,-76.50037812780643
有大跌/震荡,10.656846673435894,-58.26954381511384,876643.9947740701,675827.24505531,1877407.952871467,867514.5253561973,-50.99189357324612,-95.06180025395862,-76.61491404806314,-76.61491404806314
有大跌/震荡,-6.200653473756512,-72.69192463452256,223758.55395759066,19221.764533821824,49763.712800533795,164678.03572178108,-54.51048562377883,-96.51957150239032,-83.36333686603948,-77.27352037278962
有大跌/震荡,6.591272524298852,-56.4776152422175,486266.82704091794,95466.72363547081,283866.95693177485,426849.17057566636,-56.03310903744298,-97.57671668724328,-83.76212081434204,-79.71465180515489
有大跌/震荡,24.130326521933544,-56.01484336122739,3139691.3134818194,54049069.413502395,24984924.836154036,5662939.893941907,-31.500071318548674,-87.44072129306012,-73.74383394899203,-73.74383394899203
有大跌/震荡,0.5246982950269485,-56.942305607305535,385002.44550721446,55040.237781022224,313099.5296879551,552307.5031116497,-53.41356260889552,-94.44294221206626,-74.85021605371777,-69.26506110775902
有大跌/震荡,4.3262543186002755,-77.24553946510493,309026.21192674065,28224.034345035438,492554.42385695863,442465.53039764694,-71.21624100363415,-99.59427363087077,-85.91839826193798,-81.50109863831935
有大跌/震荡,15.914577362745241,-55.022607003798186,1278116.0610485594,4292846.395660313,4647912.0267602205,1255421.9185948593,-46.90464914271728,-90.70847083358144,-69.47676053807923,-69.47676053807923
有大跌/震荡,10.650818005623863,-58.2465733007091,448982.7045143136,54407.46209752955,199897.4711897884,530970.1285340482,-58.17055395214358,-98.42900514950699,-88.27772707824518,-72.98172019186246
有大跌/震荡,23.25118491194136,-37.00540406870137,1340784.4296952018,3896844.474523226,853794.7750240583,1672172.1771365942,-31.05739927997884,-84.8197326155251,-84.09155972944103,-84.09155972944103
有大跌/震荡,3.009704713809014,-72.64109311755256,261043.4210075172,17054.980828953358,262863.68820952694,393598.8505636416,-65.90374294143734,-99.32605785888941,-87.90944502494354,-76.31544157594504
有大跌/震荡,6.988081803407686,-46.08327738261065,470037.5059301797,151945.71897902054,183232.07167676723,389421.55646791746,-33.838220384283616,-92.27001717665392,-86.92144888019986,-74.93248552935093
有大跌/震荡,14.376357903229398,-40.61728780052592,1208907.4141215894,2324964.4686706606,613296.7732838421,3379104.097090782,-31.065245044376354,-75.57448280474944,-81.77804596500101,-48.74393342915538
有大跌/震荡,0.2862654379433227,-68.86769226592445,532895.2210994036,249595.46024476897,408812.21972836455,342235.64654497773,-53.388067063107925,-93.42884189396649,-84.17788089531189,-75.13537593028117
强劲平稳,24.613991488433264,-22.88330692157109,2328292.012626753,25971685.566953268,8394318.261726316,4453138.788391136,-21.007619631731444,-59.31764532136064,-67.52935775445572,-48.5681454862965
有大跌/震荡,9.056949440419416,-58.88153099090139,431076.49172981636,92777.71578657531,269575.3635584407,376870.56960129977,-58.853798779560876,-95.48915883081193,-77.37182845322765,-71.68110134160285
有大跌/震荡,22.66166145493891,-54.218488420758945,1885828.9080047044,4343206.544893843,6696418.597251662,1175971.3066023418,-52.18469596506039,-95.64797967236316,-86.07094971565034,-86.07094971565034
有大跌/震荡,2.9929402311746234,-40.946191130568344,445950.7634617212,170245.43501922383,214685.6115396925,277290.54279851506,-31.76595890472137,-81.073466976589,-64.06011320788998,-55.72433686988223
有大跌/震荡,4.79198689825826,-58.11662467861104,550118.5472993177,86082.7906229009,59260.126609056104,163229.49629252942,-57.78415874893801,-97.30816077583296,-94.45578256478139,-83.95124027106155
强劲平稳,24.214335135591124,-26.492983774417635,2146683.2840680243,17500651.37400948,11290104.22824308,1136936.0714305623,-22.84053908102639,-64.86810418399673,-58.72648033710674,-58.72648033710674
有大跌/震荡,11.670497338292929,-43.69934207788968,923088.5856770073,1132645.859929368,1114459.9576292061,644826.4562011487,-30.43137868569884,-81.17458485335622,-61.7343247028433,-52.0897945274448
有大跌/震荡,13.11909846966035,-47.9293544457978,1179166.1388415461,2572653.9223785256,1766771.2204628026,656074.261587899,-38.191831330983895,-85.9093928918902,-52.37120178963806,-52.37120178963806
有大跌/震荡,14.676873717802131,-57.69211641511631,1384331.974869068,4706828.836023809,6118278.025564454,1215804.8260741862,-30.04300403956438,-80.18676164005494,-59.786851466002545,-59.786851466002545
有大跌/震荡,9.515007994774006,-42.25851088056331,566834.6204732041,261535.66994050125,317488.430386526,463101.5513223193,-39.09575707630999,-84.0427359075459,-68.19947168774839,-68.19947168774839
有大跌/震荡,15.379488036875788,-55.23314871698442,998965.1639814655,1447601.0579920746,3375404.9735117326,2114308.587791126,-52.823147776996926,-95.69943368907865,-75.17764406685079,-70.95052110545339
有大跌/震荡,-5.405587167942382,-65.28637013081604,199089.2909591071,7750.814267754316,65098.26767581569,128949.83991471535,-55.191505856153135,-98.37495737387653,-81.75774906467707,-70.42770009371276
有大跌/震荡,20.779831648026303,-40.84986156934447,1298151.2418910996,4418962.190728201,6144042.495804873,3387599.3919357797,-40.56271892556792,-85.02112346301809,-62.77541893140379,-62.77541893140379
有大跌/震荡,-0.05506430390401773,-68.77520336620123,274498.80381695286,14961.040278680552,165583.60878253545,408278.8028575292,-68.39973284743482,-99.13995039295801,-89.7891225205224,-74.82308264629556
有大跌/震荡,17.79076553724026,-50.35695831153117,1221071.0636647958,2507718.8493891316,2393137.87258191,1060455.1238653741,-41.69539951179784,-90.77376135457584,-70.12933675509885,-70.12933675509885
有大跌/震荡,7.974684083772776,-43.48784230294752,615553.9795272261,321396.93624208873,365459.661034253,217206.63284043464,-34.75407379465661,-85.79362858102002,-81.6281571802227,-81.6281571802227
有大跌/震荡,-2.867757047301389,-75.72113059965888,219916.40731163585,25196.528528588675,68137.19851559632,221933.00109852865,-65.68444290787437,-98.73906276665767,-93.24512092413758,-80.99301702491279
有大跌/震荡,10.131519550009127,-47.755854746487195,736656.406679815,378962.14634125086,608884.842374892,300896.4196839909,-47.6912784321873,-90.60527627984254,-67.1585274281396,-60.428547877038376
有大跌/震荡,8.407689702917986,-41.64177535366791,534007.5355939652,250490.03255936544,393690.3941249573,988697.9431888622,-37.256356001175895,-92.86908874570979,-80.93319668325296,-52.11641049979249
强劲平稳,22.012839304260922,-32.38781604056102,1523221.6373955118,6133516.0846633455,2114378.3584216223,771612.9266697946,-30.133923180204913,-73.10020883910026,-58.20633683262272,-58.20633683262272
有大跌/震荡,29.581147291326836,-48.12797193284572,2360573.331588901,15042461.45719818,16820508.35812326,5363704.637597898,-41.13748209876754,-91.68653808290898,-78.29122328664266,-72.69104621370619
有大跌/震荡,19.465953609304766,-43.32488546260612,1266843.799005453,3592659.1362573146,3738128.080174365,2521547.8037158935,-43.07389939194797,-85.75540546164116,-66.59587747933311,-52.7802319775917
有大跌/震荡,-6.095936390213607,-78.48407964086017,171658.6022375781,5919.125667171907,97863.01166597774,186528.76040854008,-63.87223078326506,-98.80972196637303,-83.75946423443703,-83.75946423443703
有大跌/震荡,31.22617285365088,-35.800499585474164,3216818.7923984714,42481022.49213282,31113809.624703214,9141049.620718684,-35.800489062116704,-80.35406345339923,-61.90869469396141,-46.060742585448786
有大跌/震荡,11.080380223533325,-54.1485103182421,1174517.685773543,1398936.6148507833,725788.3052957027,1720375.673422888,-42.37120735586235,-86.96277218397748,-85.48905933474539,-71.33503150041219
有大跌/震荡,18.457210387768708,-46.11551315089179,1493497.1161103752,5391680.084720527,3524537.241784651,2907648.5060014357,-42.41295785241799,-85.95009229609896,-67.08847977076063,-63.181137107480914
有大跌/震荡,3.420683080445275,-64.46755932835721,368497.9712929995,33675.82710297287,187278.5209759802,331264.4679842041,-64.34705730784911,-98.89114034705119,-86.5081962544937,-76.13524943164377
有大跌/震荡,6.511052598432365,-68.54790197734637,384498.63027776295,48959.86014215331,244095.085195415,588329.9229822695,-65.4736729281447,-99.08095249447872,-89.6781049813375,-82.17117461244577
有大跌/震荡,8.616659599796051,-53.694432996814925,608444.0810011039,140226.5290291997,145851.85596010135,279236.34809569543,-50.07952392884627,-96.10968547535145,-92.74599054320605,-88.05936946963672
有大跌/震荡,18.55950400018862,-47.8121934801286,1407028.7167756197,4253546.838422925,2189013.9134562085,767614.9538293218,-38.030374644646784,-85.11324404778972,-64.73435196539519,-64.73435196539519
有大跌/震荡,31.02012243537715,-42.09875838340245,3314506.3947779387,44281200.06712889,41252626.69134142,5028386.111517083,-40.567616824250806,-83.38296019269362,-71.93023934440306,-71.93023934440306
有大跌/震荡,4.893869344534574,-61.61468493619373,494265.68916907493,133417.81098803304,936664.1645933266,576730.265977427,-61.30087862900662,-97.10223672035777,-77.48849130185752,-64.57866103454062
有大跌/震荡,13.774373258739047,-45.89427862367624,855822.8035210917,677668.506430356,1035647.9755940896,2227712.284218897,-45.8943204481533,-90.49275480982682,-71.07052149806444,-58.070350091527075
有大跌/震荡,2.7191546940763756,-53.35894123539819,391462.6459484662,92459.79424273549,179004.63026388534,518063.7977772942,-47.13754147023218,-94.86933825630811,-86.42501780419789,-47.137541470232094
有大跌/震荡,6.112512941433712,-66.41828498679237,476838.2068235176,113095.5818333578,322830.0341453032,275358.562071088,-42.30414957863328,-96.51199570611574,-76.01925085695463,-63.09673033962802
有大跌/震荡,25.151741301927654,-36.46496815286626,2719177.0028517446,29264923.43776173,17509671.203525256,5661118.429747888,-36.46492243432631,-80.56516022389208,-82.57371306185894,-38.107890480025176
强劲平稳,23.616903766721144,-29.108816203307132,1710452.9157021863,11393950.889768355,5143342.497406529,8337995.724670678,-29.108841776933335,-70.41427100627409,-64.85239291875011,-36.176528341132155
有大跌/震荡,13.254982683856099,-46.932993225493846,622038.4312328398,357911.0895370031,489222.4165601831,772686.4951781424,-46.39391439986695,-91.83586041383353,-81.50964523291377,-67.25912016991722
有大跌/震荡,-0.09619489115120228,-49.12442140316023,388756.7247162913,82483.92059024257,226211.10502981313,350370.4812815143,-48.60249488685181,-90.20572336224475,-64.35438549167611,-60.71233143824691
有大跌/震荡,9.858809457867657,-53.454949278267364,625872.8973323402,243695.15868301285,552497.7100705827,511703.9812739763,-44.07801687989984,-93.08135530991915,-65.79485887866495,-65.79485887866495
有大跌/震荡,10.080651672802098,-41.85885769638866,838583.4339599529,600417.4427997224,871139.8102476418,1255408.6551754887,-36.464922434326255,-86.29400451755797,-80.56889734191631,-55.4936657672346
有大跌/震荡,-1.6895386247893884,-68.25844422149095,434331.6486252261,64658.44944272294,223430.3275419019,233724.08688202847,-55.74300975670884,-96.42024961020206,-70.83093889988085,-66.16893131009061
有大跌/震荡,20.16425466189915,-47.02590784260644,1209815.8552924332,1763422.4336907498,1320295.1086577442,949635.7976702071,-46.990190742197434,-89.00991225674949,-74.90218444703557,-74.90218444703557
强劲平稳,25.561685008356672,-30.235724622801985,1313332.234291409,4965121.938829534,1387407.0233616102,4634475.675217905,-29.975766482701083,-77.99103303503291,-85.73650578566311,-57.533610103689355
有大跌/震荡,12.260482938909401,-52.206879498588485,817634.2223239318,868060.7483061916,3107763.5615305337,1071461.747946363,-49.75328518220302,-90.78141736683564,-71.83531075982657,-59.84235201673711
有大跌/震荡,5.2774864314368175,-81.21419675366177,815884.2230844753,1556103.9520308992,1518930.4644096552,1391199.2107903557,-45.73940611113109,-94.96765417735656,-74.40852310407926,-74.40852310407926
强劲平稳,22.68606861726319,-28.6580958996525,1681860.59794236,5964219.153848337,2629686.209723615,3775082.310079285,-28.559376548380023,-70.61560739683588,-70.97444235527873,-44.25316845002697
有大跌/震荡,25.667912367461643,-49.75328680719681,1698831.816714955,3091478.9434923846,3422071.445621905,1555112.7569562108,-48.434862735958276,-93.98504216183056,-84.53206961614977,-82.62444200200952
有大跌/震荡,-2.6382862517744576,-73.49547663825581,540069.1894304361,602571.3996751471,534078.8089660839,715331.5915399931,-34.64379673258006,-84.46962799352083,-62.469836439474236,-45.2843306117504
有大跌/震荡,14.557042671301868,-52.18682336963134,1087904.3214193361,2377165.7495575035,2376954.8061630176,2621346.12265194,-34.30209498373775,-85.75703989991673,-65.66640667404297,-65.66640667404297
有大跌/震荡,10.067232132959658,-47.025907842606394,890126.3657008816,1940478.1216317962,1611070.1524071211,541778.6339330571,-40.57627342760056,-86.90920691581356,-54.072181653457285,-54.072181653457285
有大跌/震荡,21.284470364581164,-48.147284830759865,1238894.8781559907,2148126.7110258806,2982947.650674067,839789.3427712311,-48.14729451737191,-90.90505336985443,-73.11433005886711,-73.11433005886711
有大跌/震荡,7.288106951456297,-52.75456528014881,494977.7181981156,57007.50263224831,151098.06519016976,651731.737942711,-52.49903446961186,-96.36938229334618,-88.88871591365873,-62.04268491460954
有大跌/震荡,19.508730914522786,-47.27549001284539,2063672.9087410378,20246124.817647666,10951658.517633526,5218871.556037815,-34.163366411390186,-80.4782095172605,-51.48307132962772,-51.48307132962772
有大跌/震荡,14.0164373258294,-53.82867476827029,1169559.8023949708,3220980.442608385,5254511.303924459,2787953.0346662756,-39.027694170537394,-83.0556115906543,-62.03854693874449,-52.72790329397385
有大跌/震荡,11.167561695722195,-40.42757239954362,577781.0856251235,227726.30777072106,145565.9450435828,372859.5305210267,-34.03634120030795,-80.75502274418746,-73.25659728125629,-73.25659728125629
有大跌/震荡,-0.6999925632619086,-64.64175328183318,308555.66344444756,37848.370141248924,32451.77797352169,91792.30961781155,-38.16531518414267,-87.3566526629411,-84.25033211741788,-72.99186218589992
有大跌/震荡,5.850186604761887,-53.72625649118567,577002.5956714554,292188.58726476936,310431.5975115684,431193.2301168621,-43.07012453745679,-89.72987842267473,-78.33612373673378,-63.781955134565926
有大跌/震荡,8.385744085731117,-63.1955891679711,699202.827891938,706004.2161637977,873111.2485544713,554768.3614809253,-55.283019249243196,-95.3445658381564,-72.42110949324776,-70.24499964414751
有大跌/震荡,7.9774621903633935,-55.16638129993283,780368.8682603601,363281.28508476116,832566.5712753478,383842.70775097667,-49.870964635950656,-95.18071570837598,-86.4266154613911,-81.60526568404653
有大跌/震荡,8.31049239717261,-62.956652710153506,656785.338692851,389271.8350351559,863770.6212545026,967411.5728132861,-45.28195252132041,-91.5616056290377,-65.42550256325983,-63.876741059688435
有大跌/震荡,18.25539653867063,-44.779625944455226,1166152.1572568219,1964689.4058915284,1745929.4732242972,1244577.8412106093,-44.77961252779612,-86.60774916548978,-76.32781953945104,-44.77961252779609
有大跌/震荡,12.798593720702423,-54.647072827671096,1003701.2853290476,1740805.5500030112,1184340.642169743,711352.9444738028,-42.90276298179849,-86.00202359986065,-64.2647237475072,-59.830741477233616
有大跌/震荡,5.505211456039261,-63.18939617469752,723688.2906702043,885813.1668566772,924913.8807607435,936380.4950885713,-28.010382178696737,-83.89613249895677,-52.49848519307854,-49.4661891692345
有大跌/震荡,-11.91201615632912,-78.07258419757812,227866.2254803651,13378.077752906429,56908.9463484836,116272.28636563758,-52.85836000509136,-94.70324513249783,-82.84235724502902,-65.5204577882286
有大跌/震荡,5.527027618983271,-58.75512615141511,574675.196578812,304049.06772714085,427848.27148615866,759685.1097693748,-44.63457042794005,-92.64512091541653,-80.46091886567564,-62.955117917306914
强劲平稳,18.14958203886765,-29.538115655314414,1464836.7249973414,2700609.1066059936,1761805.7584043369,1042993.582947789,-28.559376548380044,-69.65480265989962,-61.55269377388047,-54.22622332172457
有大跌/震荡,11.891927353488096,-45.30643562462123,1001295.4448072211,854159.4766463387,1254035.9578906514,1110931.2694354877,-45.239775206368634,-91.30042020918833,-64.72218974329151,-56.36899847840176
有大跌/震荡,-2.49527886265849,-66.81377329412261,232054.97820579403,15632.362743817275,37885.056912967426,125594.43982075145,-53.68022514796965,-97.6130797420148,-88.65527206256294,-68.93193294002636
有大跌/震荡,25.725382335453872,-38.31509832945482,2310449.9841349074,21552810.884663086,7723054.012355301,3495333.084224743,-30.534299954276488,-78.10166652291237,-69.38040774268784,-62.398984580582706
有大跌/震荡,12.870807717750953,-36.30810249612405,796237.8953081561,487795.7207080079,327425.0283022008,324472.1124021372,-34.937779067347044,-81.70665687244949,-60.04713314816388,-57.07358935319633
有大跌/震荡,14.154573999343656,-38.7935002589393,1126401.5309111818,1948276.57235471,1875471.6059731103,1405737.5946883764,-35.54871886379276,-76.28677311059052,-64.1750957260274,-64.1750957260274
强劲平稳,19.18689910431366,-30.736228575029255,1698044.822290262,9611659.638853338,3977405.5572729902,3213477.8188579325,-20.097791855581914,-53.517599588571166,-61.35658524820187,-44.2771966240882
有大跌/震荡,3.874670006180536,-41.801914535488514,581660.428971487,365105.16930765245,142692.2321382002,380266.47776746587,-41.014612905948034,-86.77791913159426,-76.0179658744186,-52.06343393622146
有大跌/震荡,13.180099512175314,-54.9836300447507,1267210.55546859,5082596.49883516,4402858.252217951,1374783.9094564794,-33.490396838662505,-82.17483251912816,-63.208800638897934,-63.208800638897934
有大跌/震荡,13.034021159094443,-58.62673072090252,1165993.6414581651,2267221.8430148973,1805371.504525997,2406051.365723568,-44.167207808391595,-88.48697375237047,-74.19864193846774,-67.89281357451375
有大跌/震荡,15.241766390718436,-53.73312762295133,890935.3985674403,1132171.7996654052,1846885.4100281538,787680.2380796071,-38.88249349375247,-88.4944491230701,-66.9841955778372,-66.9841955778372
有大跌/震荡,10.644395402878693,-49.75328680719677,1150712.9180085792,2948565.7500206106,3362110.3644135464,654082.2732815946,-33.04709416472441,-82.77868221568966,-82.77868221568966,-82.77868221568966
强劲平稳,23.23084522230252,-30.116254068483507,1482993.498885249,8122746.488321394,4194535.884440826,4089106.744058104,-28.75950450941682,-73.10028025177076,-64.05146398862426,-53.26436528288818
有大跌/震荡,10.172623880253129,-73.26277056636741,868348.1755519758,1375158.0766440462,1769146.4086985178,1082797.1102129235,-55.68022354676126,-96.1639310087717,-75.8627349035231,-75.8627349035231
有大跌/震荡,10.856334895498732,-56.29990215843132,568594.9752259471,127115.96011815243,195910.05585240124,476498.84212564596,-55.810564968089935,-97.59349656506953,-90.7456449577916,-82.34617272833053
有大跌/震荡,11.517069688632574,-52.4669667227432,743907.76311909,463151.3163316418,357807.83975947904,437648.6708127625,-35.042190429966624,-89.18656755036301,-82.92334934934824,-82.92334934934824
有大跌/震荡,14.224091871534261,-64.015852853833,1550638.4922222411,4806740.214039195,3058057.2965993593,2132293.030580262,-50.7149517394009,-94.31567205024481,-66.96492129709551,-66.96492129709551
有大跌/震荡,8.342070024702952,-57.441250966853104,840409.7751443125,430003.643985448,2759763.4599027364,606207.9581000418,-55.429462046156374,-96.23581637062152,-67.15623381756693,-67.17265570065814
有大跌/震荡,5.153147729579732,-60.27324959773601,636690.7078947542,369290.9552081675,256050.99273331673,485607.7693551051,-40.77483642392418,-87.00125534412841,-73.66020699341263,-60.44510356257262
有大跌/震荡,8.850239859903454,-52.104017571115,555029.1455876159,180472.41347574213,396181.4549409425,466206.9137153779,-51.83430800185356,-92.27296436623416,-77.11811931333318,-60.08145846514537
有大跌/震荡,25.671156652417547,-45.691718222818004,1914144.537739319,6070482.030093031,10190470.011159884,2614412.4328605034,-45.6916977570312,-90.94216666098758,-70.43842449381674,-70.43842449381674
强劲平稳,14.743806718259457,-33.1158218014528,1353647.589253506,4456797.296517285,3024488.364434535,1256603.8799637754,-33.11582083449262,-74.88627835793,-66.71508353806678,-50.48801016919088
有大跌/震荡,10.315109107828269,-50.185068323508055,630383.657803476,154435.40469488662,83866.22676255464,306097.773989544,-49.72929818859344,-94.59587289356936,-91.42824166226107,-60.60955904295531
有大跌/震荡,16.412345545213025,-42.27672648564725,844911.7493548227,1193236.8256477965,1853230.8234245745,2480682.4588760263,-42.23789055479287,-85.84732751628765,-65.7888289206324,-42.237890554792855
强劲平稳,20.879641151778983,-27.181446779038666,1366748.7246736935,5048523.673938867,2127920.5855848547,2546159.9572604904,-26.796841758693933,-65.39339965730757,-59.15242607707856,-48.88564893652715
有大跌/震荡,15.129353349669827,-51.14923137431654,916784.1193062158,586095.259192798,1365494.046132077,1451999.4722927532,-50.22531979363245,-93.88421618816591,-78.9568761176342,-66.08786992792675
有大跌/震荡,5.013967780918316,-49.8679925270996,752451.4346087965,614145.9499908938,1486587.7338081528,1503422.5260399356,-44.01247011671313,-86.29388779037265,-67.57140149099646,-67.57140149099646
有大跌/震荡,5.633222096470103,-56.11376216102515,552001.3692178306,225240.69751868705,238881.4331177988,446254.66212138045,-48.358430551978685,-94.57271483839514,-80.44976188256847,-79.50924910696585
有大跌/震荡,5.474755733753955,-61.70583800764856,605542.9809027081,327488.1467973326,573197.9778428539,257121.58239502306,-43.26172674610025,-93.76253986262532,-80.18862598994846,-80.18862598994846
有大跌/震荡,14.642910598100611,-47.92935444579779,1016973.8230282121,1085244.6249191617,2779473.907003233,1984358.0233936354,-47.92936683327801,-91.01828589277645,-67.64714632492824,-60.77721672697434
有大跌/震荡,2.6875257993888013,-65.0116546466952,517733.6130544837,88158.61290832108,179483.9620234203,420982.5302607404,-65.01168229418555,-98.54649387499276,-91.7860790583415,-65.01168229418559
有大跌/震荡,20.495077002077778,-49.537663745155044,1116821.1550707486,2894277.986008733,3947359.450245536,6137599.543303923,-46.98178140877588,-93.07210621897589,-82.63394397948657,-67.8455125630651
有大跌/震荡,16.3189784501953,-36.897938703714985,1560755.6623253194,6145829.878204296,4181886.2635981706,1908037.602416946,-29.513235380879856,-74.45902440864216,-61.654912387643805,-49.97958052301483
有大跌/震荡,20.252962066628033,-53.433153933447166,2272582.2301530433,9284585.24008195,7189469.616959875,2104441.5509894644,-49.753285182203,-90.85746299245106,-71.81335436134708,-64.63905817880658
有大跌/震荡,12.07560050062202,-47.586511069978876,1134716.8465225361,2370931.0348454276,1482961.5012295153,1264426.1228186472,-32.63435453625922,-78.24834381759001,-82.51989561440641,-82.51989561440641
强劲平稳,22.719981534855414,-33.76681836819625,1442495.7020628143,4728048.034714816,4411737.008199491,2962785.470098264,-32.7424714223979,-77.05823490161777,-64.56492870061096,-57.89426670262199
强劲平稳,14.43175281147071,-34.69110541816548,1176889.8065069653,2276448.441475167,1432080.0987667243,562602.9448914137,-31.269435004950164,-74.45256517395329,-76.68884532955651,-76.68884532955651
有大跌/震荡,-4.195001793130448,-75.48069639560833,255132.35125209848,31976.750217730678,61131.854743971824,183048.6625568694,-49.924394736258314,-97.2925929900024,-93.18530629424589,-85.52890579917627
强劲平稳,21.915976602568698,-27.2331374039008,1048047.3389906043,3193561.9270662284,2710295.6504480927,1739199.0350709618,-25.675004424322633,-70.42108252555717,-56.30701383963488,-51.20171891175931
有大跌/震荡,14.909926395481566,-44.84598778645267,1174773.9474606887,2501283.8265594686,1509314.1355197136,3181858.8437959175,-40.29392743075694,-85.55233299573251,-69.24549386803844,-69.24549386803844
有大跌/震荡,10.846620068539071,-39.40559792475325,801301.9497550868,739717.2183739671,1740574.6455443725,1868341.1414307335,-39.40559609650073,-84.43635639765854,-62.8602942224401,-55.80374042392491
有大跌/震荡,11.03661222034491,-56.85923883350598,855230.2604579584,1127037.954934456,796928.1514720361,835650.8380415427,-48.89493996003237,-92.90009274416198,-73.39527122592146,-73.39527122592146
有大跌/震荡,15.862004423494547,-51.62384442105934,1161895.1741398387,1422085.855275263,1930122.0561396312,690394.5865952618,-41.83990278010662,-93.32431889328292,-81.01964198755732,-81.02913216656354
有大跌/震荡,2.406660062552346,-64.85385080334748,494203.33730985894,151870.44086722875,593073.2947541577,621615.1739135658,-55.80397649474664,-97.28903850860328,-86.29474137699454,-63.48777251751366
有大跌/震荡,9.321086976838021,-47.15460173825028,732041.4504469411,436597.92658142705,1258803.3153981776,1826331.4223789843,-46.98706044264655,-90.83430995643774,-71.01285099898249,-56.37972229691748
强劲平稳,22.903131236318643,-32.82258936886259,1686506.9996636526,6118853.805221742,5839635.234950283,6153042.468737047,-28.559376548380033,-73.37980039901704,-61.417166770788114,-46.496154125026564
有大跌/震荡,1.2683887015416673,-72.02053188512978,255218.40400826032,14236.239182453435,326789.0716423645,458473.9130841053,-71.83420780981577,-99.31240048018604,-91.16795759929789,-71.8342078098158
有大跌/震荡,9.41914798094572,-44.667852976388524,500875.0914931411,140521.98797545728,330972.62929246,371921.59850895946,-44.66783693722562,-92.56327252386905,-73.31800283845418,-58.900966592968565
有大跌/震荡,20.098513122687844,-47.21029072514473,1129669.0480321841,3982974.0862985915,4773661.041471827,6290809.830849899,-46.802881579029176,-90.69580428826404,-74.79886596493546,-49.8838492207401
有大跌/震荡,25.06949821466804,-46.30330701839637,2230176.586879417,15955931.078749273,19368867.75103459,6922820.490977354,-46.26708166223945,-88.53953205773905,-68.28505287882123,-59.55816168270687
有大跌/震荡,-2.5316433388058,-62.852889079802,281771.17474834854,31345.67543285118,199937.93013315048,337556.85924793594,-58.25279907126095,-97.44854674747282,-81.78001553772599,-67.65889743896007
强劲平稳,22.664783809193366,-28.55936952315349,2092868.586265633,18579647.53578017,12494980.150524538,7081203.113389909,-28.559376548380044,-69.65465358272722,-59.35895122399491,-36.87120679803857
有大跌/震荡,-11.85243758576523,-82.20600509700904,137477.97463580078,3818.506616481,78303.69169119051,124113.9151560547,-77.16816764934161,-99.68523309202251,-88.04513159469619,-83.98964107882078
有大跌/震荡,9.300756651090737,-65.22906836783974,570152.6809187102,249077.71536443118,449852.2266416052,275069.75352974184,-47.01827010937419,-95.32171957791181,-79.7230185500338,-78.99677285702452
有大跌/震荡,-1.4767574657311489,-63.994215141802854,358063.22888346814,70960.92821980988,485202.83127534145,665075.1593001729,-49.102391085236896,-94.4003857603764,-79.24405891906127,-65.68985815156113
有大跌/震荡,2.8675479853757846,-70.48964418957608,594370.3693361093,702169.8348764087,847066.266261559,371295.74027190753,-41.515388507661946,-87.5922777237017,-58.71634767986782,-58.71634767986782
有大跌/震荡,0.39092201420232175,-48.061377345378865,375469.13563181774,93514.14518160645,282808.06722012203,315917.5455743798,-45.183723308075265,-90.15353293191349,-64.48032199750082,-61.85575976312106
有大跌/震荡,19.902057623635393,-36.46496815286626,1493070.0910510554,3198895.653304641,1706475.2439559705,1695406.1812656843,-35.18565093133045,-80.28620620001041,-63.16004212581695,-63.16004212581695
有大跌/震荡,3.079177817666512,-64.20955744016061,827453.7658711583,1272108.5439089444,2064284.217215805,1143879.32988839,-41.192770391808466,-85.56550913731382,-59.5478162804552,-48.449436886616304
有大跌/震荡,4.499783988320494,-55.62913613914064,447318.41234895703,47904.005546922395,97691.73076034365,598771.7456181603,-55.52063404366183,-97.56268393889675,-90.74020696708509,-61.19040542100098
强劲平稳,23.116544436593813,-31.740976645435225,1934874.1095960836,11716739.446345989,5967162.798862066,1573290.9431030545,-30.40855995963616,-70.86021609788567,-65.17616374035917,-65.17616374035917
有大跌/震荡,8.085440594123883,-59.95091963126076,840518.8061951187,920558.9984262767,262458.6740808359,1214303.7038446122,-36.03453041067096,-79.12493658850198,-79.64540188632527,-73.49153585247727
有大跌/震荡,11.405318382019747,-36.201679646467966,686466.3721666797,372022.4279520033,528613.661363305,714612.6512280296,-36.20167084587899,-80.84572022586521,-71.71060550783483,-67.67190709951417
有大跌/震荡,20.86049085819326,-43.70313325739633,1670867.1104242087,4145833.772846139,1121112.8966819462,888178.6197033853,-43.70309390509362,-84.96507733725291,-85.97754799514892,-85.97754799514892
有大跌/震荡,9.994188219977618,-65.14981421842782,1099410.8112863256,1065860.541517711,871643.03925013,1215769.8937874816,-43.97868320686508,-93.79102411937833,-79.94822959243555,-79.94822959243555
有大跌/震荡,2.5397374104739967,-45.69483091562302,411166.67739686853,92430.59493496249,275367.0285144207,249297.01859067453,-36.02089741488012,-84.81195448397911,-75.28818960012768,-75.28818960012768
有大跌/震荡,12.612072198380853,-41.21087434248818,849914.3661249767,992200.4633099972,2120713.3655971563,1305111.6855334123,-36.15218286581431,-87.60888385544179,-57.7581724976137,-53.89848469384086
有大跌/震荡,16.65938110253624,-44.77962594445519,1234535.3970825586,2200467.5946518695,1432406.9921390642,3295623.4227080126,-30.006628667686286,-79.97231078830465,-81.90420950548229,-63.89473624583286
有大跌/震荡,10.97544067715679,-50.76075463209073,627611.6945145613,225873.56426871102,202187.68487216346,695367.0035794404,-50.62962552492822,-93.51673853721863,-85.05214100907838,-64.5951594507457
有大跌/震荡,12.867909344646877,-38.39243142815544,1190062.826833831,2583546.130060445,3102789.0425512223,2480495.852425171,-29.070591503858132,-78.58501776048136,-60.185301805799476,-52.513749995210034
有大跌/震荡,13.403839141234908,-48.74479805874036,848989.5349458852,834485.8086233002,1980871.8048777506,836093.7346929483,-48.567530220243725,-91.02368124837147,-64.77320668779052,-63.08828807393753
强劲平稳,30.421112489096647,-18.08225851342683,2548756.8000992527,39955940.34553102,9139555.151902765,7211426.832859235,-18.0823064882211,-52.95558089617115,-62.69065423343838,-46.684523649412526
有大跌/震荡,8.782432144965725,-38.67235079171741,545203.9937712197,145929.8079924313,113280.06891353386,302708.7284132366,-35.800489062116704,-86.06984088325068,-82.96876420784216,-59.50710927447391
有大跌/震荡,24.629968598465112,-41.36358672984527,1620103.083659455,6454557.483282053,5485609.419253234,4352495.068734823,-41.22890421419042,-84.23844425339637,-64.67407621347768,-55.27414349798252
强劲平稳,19.620260939162204,-32.79940646657682,1496610.6056320816,6692705.20975804,3052719.3665231504,833693.2933493924,-27.542934277330964,-74.93978415952647,-71.04404198076894,-71.04404198076894
有大跌/震荡,-0.9041897227783369,-57.36912557665153,271035.26583501376,12468.749983806287,32817.538917542806,107762.79298683241,-49.09205764544468,-98.04704195453793,-93.21573876270108,-79.92104473446557
有大跌/震荡,15.053719074225036,-40.17415459783962,1076128.630055786,1625992.1126437616,1295776.743393759,563026.8493997242,-35.03586105463734,-83.68365562384844,-65.85893856458243,-62.99499274189496
有大跌/震荡,17.31014655073677,-46.11830370938465,1056269.4640393045,1437472.5501464796,1255806.9639841076,457464.1229027122,-34.30365705182299,-84.43787586205978,-68.287844288179,-68.287844288179
有大跌/震荡,2.9172814873287933,-45.36550004506168,544039.3798254663,291785.6941275531,330048.7707703677,562544.2335740123,-32.38574987503395,-82.87415765180907,-68.76915261603189,-50.44210906537441
有大跌/震荡,-5.935286944761097,-84.62831348613666,217291.10213620315,48669.88370385172,155421.27489072015,190679.86098957193,-65.87753227743146,-97.01451006121532,-83.58715550713444,-76.52789318277955
有大跌/震荡,22.27058457232516,-37.1432576261264,2092948.8867331676,12221585.676653821,7284295.545224779,733128.7731673841,-28.78720394985672,-79.22825019745494,-67.1761609000973,-67.1761609000973
有大跌/震荡,26.490393154657355,-44.59696031110405,2164827.8297070717,13999315.277680786,6474086.13321563,3628303.306920721,-38.78698070932713,-85.76261861166135,-70.20513327491935,-70.20513327491935
有大跌/震荡,10.729153153169957,-50.60287677439773,474865.5811260973,75393.56894917687,160644.70995915728,339921.08902019804,-50.602883273325695,-94.96516320172009,-83.97342583593998,-71.88552995675526
强劲平稳,12.82492496398926,-34.00897445325634,890642.3867254141,1024693.6738772646,304121.45450130064,382107.72877704387,-28.142384607284875,-72.53710405804235,-67.40146664074169,-67.40146664074169
有大跌/震荡,8.594393957798662,-49.25744261763838,647904.172529052,334763.5257243738,276853.9726213741,546327.0373990737,-42.319950183380406,-88.59438531664686,-85.36327511136389,-64.4082052251507
有大跌/震荡,10.48943190966134,-54.60441297231221,662641.7220636774,692969.2198607367,827514.4295876618,616694.7908670155,-44.29012971466682,-92.53419852208205,-65.76766657530095,-65.76766657530095
有大跌/震荡,11.10840347514368,-47.522101419635696,672164.6475805879,627636.9144767665,484706.89635619,687445.2735230717,-44.16684703660494,-89.00568024399915,-63.87533168789623,-63.87533168789623
有大跌/震荡,-0.9933516098813433,-78.02545395376022,228508.56106641065,14372.113260634504,141879.9191838836,148174.95188825548,-61.6076132769428,-99.23693762889036,-87.4237982177371,-86.09267406812756
有大跌/震荡,22.399272812614246,-46.178145793724056,1934395.264232259,12040921.75262832,13008020.29412454,6085223.626964045,-36.46492243432626,-83.95118054843691,-63.709361045387716,-58.523045122283804
有大跌/震荡,9.689211351133498,-72.95169188795187,584554.852560853,125460.2267216388,674230.2067405612,741068.6123207604,-72.88144540172952,-99.1193392017598,-85.88221442471115,-72.88144540172952
有大跌/震荡,8.298571214574624,-73.88770414173246,465272.4743827431,115464.48083874884,1282879.2168956988,476913.9261020991,-64.82830636908983,-98.91867688101452,-80.93136587753997,-80.94090019460121
有大跌/震荡,15.797672739649848,-52.55562708280098,865499.8110126312,1246124.5679717632,1532343.2038674152,2014260.9857983456,-52.09388088356128,-93.1364635315556,-84.36196976901904,-56.92851523338731
强劲平稳,21.246468021791642,-32.76562970219481,1588732.3915973082,9196827.54408983,3748654.4813275523,2179518.3301431388,-24.912550479580098,-67.85570054343974,-59.3305287385709,-59.3305287385709
有大跌/震荡,14.195046711864666,-41.02216082923727,800350.3030558528,762005.4051858616,260608.9829720855,822996.9791978046,-40.87324804837744,-87.67255288861979,-84.7741226531258,-65.84032856860209
有大跌/震荡,9.997765097571776,-71.13833002195715,926537.8998274413,1975511.2142669763,3698286.649861998,696489.4525245536,-47.77928107655519,-95.63177376994277,-78.96370615741073,-78.96370615741073
有大跌/震荡,13.769630303852963,-43.24431064872566,1118302.9762841242,2381597.532279485,1901851.131861495,1322799.817553639,-37.18183405423516,-83.34397871549714,-63.950477784574566,-63.950477784574566
有大跌/震荡,7.822460285252086,-42.626512942241646,501629.89706884406,168552.08959815925,191885.6816298861,508456.1692561925,-37.35613668365792,-90.01951663181433,-80.73746909033277,-57.97277532997448
有大跌/震荡,15.851657736113678,-54.50004725040234,1184883.5280496387,1246451.8890210744,528397.2306750434,2734064.6735904566,-44.08622316699853,-89.0723809672042,-83.16150731132261,-72.05102960099114
有大跌/震荡,12.502593173700415,-49.03856016155631,601830.0761379666,195833.9952798244,380436.3874731782,408539.9118450853,-48.97347353280232,-94.44151287191815,-78.25457115617074,-54.132521058109994
有大跌/震荡,14.730161136174713,-50.42652501106089,881774.1805313756,989576.551990892,2343941.764708982,1472109.9817951198,-42.29588566866954,-88.81966965924386,-68.63348390486495,-59.92091291212349
有大跌/震荡,13.288022387618238,-48.55559834534918,826487.5042845453,1123650.6056757793,753491.5366355074,729789.8998956863,-48.555584406840325,-88.89422351562936,-69.33095204289177,-60.84596431000795
有大跌/震荡,7.326906836321312,-51.78110484230074,510115.0454177252,126955.28353605147,451798.9554815079,558867.3768644873,-51.74860874387473,-92.78565820365489,-72.89104469085675,-60.50266438623506
有大跌/震荡,13.784172001804995,-41.56267396316578,960356.2528935791,1689325.2860162477,1564897.6272435964,1777028.0054745004,-28.559376548380012,-69.97708267434794,-54.93836650125113,-53.460863850635334
有大跌/震荡,2.701664283243521,-66.82095080432593,701456.9981452832,482965.7651334375,105458.42203086261,268124.186523961,-32.377010568650576,-77.66438625430787,-77.66438625430787,-77.66438625430787
有大跌/震荡,11.278031484225014,-60.059251078804245,677459.173385863,458717.0423500846,467412.74493867694,377843.84482689,-52.237580085996726,-93.88105020829389,-82.83627317697521,-82.83627317697521
有大跌/震荡,23.239014047801042,-56.0624127318223,1748328.3924274626,2683251.106563956,4087667.6845584027,4690678.685299789,-55.96898692399955,-96.93189774949282,-89.73622734750646,-56.28633678903518
有大跌/震荡,5.050837559127497,-46.812371322160416,522901.4354985159,308422.26334236824,514071.6943683363,377515.714506599,-34.05858071629046,-86.29539998097725,-65.09402562174714,-65.09402562174714
有大跌/震荡,11.448882118465086,-44.41168527474152,1009464.4560163636,1204576.1223107686,268306.2145979111,577603.8469133883,-30.992552709374465,-77.71200823302571,-88.01726119093797,-64.29811754211751
强劲平稳,14.471993383967519,-29.326347787771244,1003858.122600985,1533453.2766678608,1034151.3034765292,1084015.0243356451,-28.669423398911132,-83.38559522553801,-71.52414776094125,-63.82239552310597
有大跌/震荡,4.9412953838519735,-60.227104917742835,563984.0666009247,168279.73355085248,1293462.9302578035,592422.3877507724,-56.45733446451599,-97.39652105565821,-73.08796687952551,-63.45976071965559
有大跌/震荡,20.694232337374487,-38.59017609152302,1572982.9642992031,2402962.814090906,1533234.6001379616,2592141.731131284,-36.4677000844376,-89.4416551845294,-87.32479926419347,-80.50186659158194
有大跌/震荡,7.979644866348323,-68.09482224984723,753177.4264094661,783099.2300153511,692890.2408180138,491517.34201198304,-34.19177560718315,-89.53416942914073,-75.08782646022645,-75.08782646022645
有大跌/震荡,18.66903434858509,-36.46496815286625,1057150.243398192,1722733.9366109923,2289926.98455159,3643034.748654673,-36.4649224343263,-80.56889734191633,-63.703234167671226,-41.5750809801373
有大跌/震荡,0.34725010974558934,-65.16505080014603,570693.14184921,375985.1698815225,260403.0486598437,242631.5150342066,-46.358754729758544,-89.91661072610971,-68.23960573008873,-66.67268840611187
有大跌/震荡,-0.43595749737146416,-56.17253816936206,293653.31544279563,36655.8762143257,49577.081585140375,210760.53532183357,-39.91696097588059,-94.84080209489612,-92.14671958792357,-77.00740900635475
有大跌/震荡,10.616780055659714,-59.41475371323281,639903.5434184881,252687.76102915057,524567.49255467,728547.6228860129,-59.06956204048108,-97.81325162870023,-83.56461706752208,-74.20671154994443
有大跌/震荡,12.373242960195775,-45.41839695820098,737911.571453918,597994.5463961915,858464.0417383009,976625.7553378915,-44.996671434866606,-92.27157389669136,-79.1248238831306,-53.55614584677988
有大跌/震荡,10.493503988812458,-36.512278231801496,778571.7202243343,542769.5357722808,722268.5842292444,644321.7089147345,-29.326239932678277,-82.24544627714789,-65.6589420119386,-65.6589420119386
温和平稳上行,10.393697500452447,-32.31198651356323,686561.8413911955,638010.0155080337,352266.6535997376,316092.9433543301,-27.38206704507794,-69.04282602801595,-52.887247363483105,-51.08820006664679
强劲平稳,18.163401494590104,-34.32911438841829,1020779.772310031,1246912.2119771873,807010.5342908783,1568398.5415947107,-34.329132254912764,-80.5505364990504,-72.09529906185477,-70.96552419925673
有大跌/震荡,6.509256688382137,-59.236598608069826,494623.06181358226,160256.90334073972,396380.1761770628,437183.8232799757,-57.39037902225233,-96.5688453759133,-80.74496278178171,-57.39037902225226
有大跌/震荡,19.07607331668777,-62.30569149044038,1239651.3404465087,3038048.526765221,2005592.610403856,808302.2350439589,-51.82108026903389,-93.65811877272286,-81.1804250708602,-81.1804250708602
有大跌/震荡,10.003412315649541,-44.33069970704421,831402.2488291949,755045.4300591376,521157.20180461154,543581.682617548,-32.4104128331559,-78.98209688361545,-72.70856333192788,-63.47435204747389
有大跌/震荡,13.454805888699495,-50.849822398106404,886718.3877349868,1385397.9014309528,1868359.9478279322,1821998.242402385,-50.849849275514146,-90.56397322988123,-74.4213150532558,-74.4213150532558
有大跌/震荡,0.43218342029334167,-66.64695827036492,461438.95595291525,79562.60254702314,136850.39147683766,407371.23598503513,-38.24284655337307,-92.83707789200375,-84.19663601090316,-57.439185280657924
有大跌/震荡,17.059155574227635,-50.052820314462075,1644629.940223381,9322378.911245598,3364225.091119698,2552838.100807779,-34.78102384337891,-81.99090133210501,-79.7125047612123,-79.7125047612123
有大跌/震荡,14.338814276468037,-50.7752121006706,933613.9669508155,766938.8656925554,1192064.6838011937,789403.8838573071,-43.919529975911566,-93.04758267659676,-75.07224689647877,-68.84954424954718
有大跌/震荡,16.982818849750082,-64.8026601168999,1011753.9842654933,965036.145332174,4578045.002166672,2845246.7203257056,-60.59562232010776,-97.8843563280646,-78.93715121547397,-76.85659033337686
有大跌/震荡,-6.384513151247784,-77.13012215039294,257711.16079636273,13292.991346687688,235099.07087007863,179367.36904585356,-77.08900733187187,-99.57132743778284,-85.83483937392548,-77.0890073318719
有大跌/震荡,27.28169166108094,-36.46496815286626,2108688.7162448554,10622065.685113944,4377557.986978381,3660505.840061483,-35.68834158425691,-83.32071774866769,-85.780119431333,-79.83969297164664
有大跌/震荡,9.594248889123659,-58.67426365235855,620648.4557521313,312104.66393259336,879983.6543860108,523903.3310371382,-53.05306566316133,-94.19652929188162,-71.09228330918923,-71.09228330918923
有大跌/震荡,2.5708067607118856,-47.02590784260644,513597.53000881156,221895.3687367993,123047.61655073709,422369.5357075337,-30.12991707119864,-84.01922019074368,-80.99597282304649,-59.24173758760902
有大跌/震荡,-10.145374533998275,-85.11981406881381,383139.8350725876,95445.122023501,99263.30822475531,157872.22591513675,-58.363192172588086,-95.37117260571883,-84.54157330102771,-74.75025870443177
强劲平稳,31.033350341402354,-27.34135564168373,3263359.4956501727,47281059.6311679,20768836.57691477,11309028.262048874,-26.645382380511272,-68.78148708396398,-73.76717250073044,-39.290525476888995
有大跌/震荡,19.119352637848518,-49.43620207376147,1298924.3797859338,2957690.5668779295,2208590.592687168,1789499.768927047,-49.36680872403492,-90.8749064260239,-64.74227848805153,-63.492046219709344
有大跌/震荡,9.031797730080626,-58.885581584805365,568094.5258791499,151897.06761674894,308953.04259599175,370096.5564143608,-58.885591560368375,-94.86007544929214,-80.42112620076529,-64.9173517374608
有大跌/震荡,3.055359927393786,-65.96101072824409,320104.9892618244,60473.06938125097,501059.024448669,410299.619422089,-64.47782178551958,-97.32027815053942,-72.25330733842871,-72.26718068475948
有大跌/震荡,13.857954293164365,-59.34339902120491,886720.3499539692,1366093.215720143,2176083.102454999,800434.89909074,-46.386777044607456,-92.21706851287212,-62.730600701232376,-62.33517135600295
有大跌/震荡,0.7804828695900046,-47.12325948592291,402147.05142119934,88964.15933934909,175577.97976044874,263104.09096784727,-41.72080574285098,-89.59510286602513,-73.17311951123952,-73.17311951123952
有大跌/震荡,13.105634719969661,-51.15433140364891,921665.2555653149,786023.3121920356,2055312.7617860066,2254817.211089209,-50.75689928115297,-91.84012300121726,-84.64733615445273,-62.189312683434885
强劲平稳,19.535485899875194,-32.66025253056832,1004619.9217671845,2045185.624210791,1731063.4983960341,1261775.7681063986,-30.085263335637624,-73.09089845155027,-57.885026911814464,-57.885026911814464
有大跌/震荡,-1.4069592577523826,-78.88498034498109,256504.23183902935,47180.02382498171,155538.11719606412,233936.6273822498,-54.7279001813733,-97.36431467888077,-80.11096856648098,-76.06145600716634
有大跌/震荡,6.230328479989078,-55.798588702484984,481302.78121272137,142278.77267396654,248944.73569983846,454812.9004966998,-42.093956396647215,-90.22287185822111,-70.26878665701956,-68.37742356694105
有大跌/震荡,18.047757684398302,-45.263582100011824,1056879.5931747134,1770045.9334501408,2569162.9132979354,1248166.0008845737,-38.72835504959555,-86.5047672946935,-65.36568944130958,-65.36568944130958
有大跌/震荡,12.711062589426936,-41.16874218971872,737487.0876216723,467805.9826411107,392542.8166682241,920564.5141629884,-35.13884299762577,-83.25958369485878,-80.54047496836252,-64.87404513339298
有大跌/震荡,12.528385471641101,-51.96148490655339,730550.7730457386,281444.37061601866,429624.6329162837,518348.42392850964,-51.77572457954314,-94.14329286613513,-78.85639303154193,-61.235953337131434
有大跌/震荡,1.0609452094153093,-72.73441806282759,302607.2415675471,31700.568249171767,167406.34457618586,678475.2164255856,-72.13318159596112,-99.26945837164962,-93.55789313412347,-72.133181595961
有大跌/震荡,12.719199018105588,-41.68533699176072,870810.334398457,661453.8289000014,565167.3016008533,1010805.4607275655,-41.68533105004104,-93.86432785828912,-85.78676345536937,-69.23658621080023
有大跌/震荡,20.74815327384265,-35.80049958547421,1653700.693071581,7774615.04477559,9067984.693887115,4618921.765976606,-33.57397715721224,-75.71998645753759,-56.591755030008194,-56.591755030008194
有大跌/震荡,-1.521569956243496,-70.5412457088268,501321.03471655725,108366.41868290179,722508.9730717097,359937.64323495823,-49.63980708029783,-95.47609074820473,-64.88598272167869,-64.90353973031785
有大跌/震荡,12.294064848188224,-36.464968152866284,777131.308622079,732893.1337106897,800580.926212164,1005343.1371401652,-35.20862378284515,-84.40374294531428,-77.1279440823629,-60.7303074852763
有大跌/震荡,10.939605396565577,-62.91663579615035,667647.082386972,203336.04146439108,1527971.5677147687,2836213.0769916745,-62.63816715531042,-98.40413229955732,-87.60876381652498,-65.91143726259033
有大跌/震荡,9.434187926903025,-77.85024070514261,466283.41723050544,63655.81573644706,890756.9341266188,509657.34706956503,-77.72558857964921,-99.61255477490425,-85.27435277273817,-80.60228336551694
有大跌/震荡,11.752166778390794,-36.65406915217469,664178.257734655,344688.3762725343,252015.09026748367,565213.8265491326,-36.64881011572475,-86.53361377133943,-80.6222854125059,-78.66073767044277
有大跌/震荡,4.819818332425774,-44.20224264685542,438930.84070939705,103547.02918630661,42491.277323265545,258439.9660166101,-35.93252747073108,-87.14673841138224,-90.75877556786915,-63.99720094415153
有大跌/震荡,15.3194949208862,-40.06471631803047,898622.7880255638,1343883.469623453,1554598.1431587308,1308387.782425345,-39.60411375839469,-85.10848837595984,-66.31793196694188,-44.866130197517506
有大跌/震荡,15.870421511055932,-45.00649017785941,1390897.7067183962,3672636.996709545,2059089.906960834,1467553.811345258,-27.616580017396952,-80.02748375628718,-65.80923294452165,-65.80923294452165
有大跌/震荡,11.039664176587571,-46.412425722710616,921219.1904180731,842241.1327766889,1346761.0922025046,1133336.4386971002,-43.051617142310015,-89.60471937439058,-61.41147333979136,-43.59980859783903
有大跌/震荡,9.425230162093733,-70.44118548404067,609097.8966420591,76487.2145499051,375453.6857709516,1740500.4017519534,-70.33931537490152,-99.50654491681604,-95.21162416994467,-73.65772353694598
有大跌/震荡,4.818496433343089,-63.1636796256696,477655.97611580585,75143.17259300232,425201.78184862057,194451.12188593068,-60.124967670330555,-97.5121521676192,-82.457300438716,-71.39762724159321
有大跌/震荡,19.21444772654224,-39.59772182348505,1631532.0129881066,5999355.781654547,3244329.647267472,795382.0829882363,-32.594140805047815,-76.22171070835044,-69.55918671375105,-69.55918671375105
有大跌/震荡,-1.8128739783603631,-69.36563652614082,474795.59834455984,277873.74472633575,119062.62997327755,270624.1762631224,-50.27968471133663,-94.37065481920372,-67.53235259700807,-59.82559423641325
有大跌/震荡,-6.651964736496496,-59.09039409400523,231596.70473309074,13311.709300844705,74516.07698005777,125838.74108567508,-54.14350558636312,-97.34674589955807,-81.79118112596439,-73.12494962700566
有大跌/震荡,15.63416437649099,-37.95392460660019,872158.7580656109,1019709.5889162822,1030050.3272165749,1022194.8292460807,-37.95389850205654,-82.83801249121028,-70.27685521123091,-56.270764221503946
有大跌/震荡,8.500703646034214,-42.75603355938728,671655.6612281804,269086.2030147578,335079.6674142713,818655.5688544583,-42.75598171050504,-87.99135145962279,-75.26881277165468,-53.14179587025647
有大跌/震荡,5.756835724642584,-64.92141201432857,594039.3205795946,96487.1677278397,499236.2212532097,397225.9973661273,-64.8419266734013,-98.46671153216032,-82.50730738132937,-78.36195217995882
有大跌/震荡,5.378258012550852,-44.94129940125302,470024.4953502119,107899.18057029865,47869.419390546864,113076.4844839925,-35.675448758474936,-91.44478632148814,-93.66707996741664,-84.37805021143438
有大跌/震荡,8.714563102976115,-53.71351682546449,818198.0096075789,509555.3056497593,952146.5438788811,804680.0124522405,-46.1016123494496,-88.11358656141974,-69.21769294917593,-64.73581233109125
有大跌/震荡,3.8359567539383965,-45.54140127388534,465712.63481363823,111409.27022744148,153415.72592541832,200256.03323114925,-41.46870931298474,-87.98990597564209,-82.52450989689018,-82.52450989689018
有大跌/震荡,6.3055720427365625,-65.80985785141492,396299.479675098,95887.1183687713,387124.5882098173,665275.5109683694,-62.49312080850105,-98.34765842035664,-87.63112333416798,-80.63747865653485
有大跌/震荡,4.592173805334165,-63.48004058017974,672524.207641248,585842.9204840006,1268330.6402458115,872068.9935096924,-50.205400593421345,-93.83543248567318,-57.92672036902299,-57.92672036902299
有大跌/震荡,30.218885117741934,-36.464968152866284,2488191.5226484207,17800623.480385873,13327954.621265382,6973381.681643563,-35.28604250807174,-80.04789673578712,-78.8098242961204,-78.8098242961204
有大跌/震荡,16.925745967731643,-43.41810850276613,1088718.1216332237,1593701.07794946,921664.5866349727,987944.8177998855,-28.3609011029751,-78.73279923399491,-67.8946659934665,-62.205086353616004
有大跌/震荡,12.825358409741971,-58.2952664257349,811308.7567550405,459780.137405109,681054.7021116134,1041803.1683655259,-50.141718770289344,-96.15077506492722,-89.39001012313616,-80.57411921435246
有大跌/震荡,9.941827964505778,-58.36314550950754,634638.5696579393,240216.01887925185,862285.2093550127,983223.5650114579,-54.178493637090675,-96.22811849141122,-81.4946246432963,-74.47697755064996
有大跌/震荡,10.922204163522586,-52.74400424072883,718690.9100817321,588154.5045582621,1003332.5371060476,543426.6576134276,-43.46355638894457,-90.73431712419925,-70.50401796269261,-70.50401796269261
有大跌/震荡,14.64275124221015,-46.288183445527324,744630.6531777658,439237.267478924,382997.0607409489,810826.1422124642,-46.081381050731494,-89.75635114536963,-77.94953294884364,-74.0951320365818
有大跌/震荡,22.034632589989435,-43.12478398374946,1509348.6231066266,2169368.5904952907,3324204.4257265087,1485944.1524260698,-37.45831967174254,-87.91457050187246,-74.652256102114,-63.78037909080139
有大跌/震荡,-2.537038780476353,-55.98182414047059,306566.002761509,49981.844966164565,94667.00885432564,180766.9076640439,-43.45961002176261,-88.60664369051446,-72.64422859940329,-60.08472672566128
有大跌/震荡,6.546675644257149,-61.62032917596774,592207.7515291334,462447.73619486176,1095465.1243578116,879136.8019137103,-56.34824709691135,-95.64573159447494,-75.9968266651217,-75.9968266651217
有大跌/震荡,22.494591204921875,-38.904125774275876,1682865.9522174408,5152491.916391254,2872137.149713324,2237427.641179635,-38.76266142948359,-81.49033120230946,-72.30216553858142,-65.28906971644707
有大跌/震荡,3.627757078121552,-59.408772302842415,788417.9334969821,928201.5219605981,414655.482201934,372501.8401367037,-47.51352378128784,-89.65672317863043,-67.68429191896624,-67.68429191896624
有大跌/震荡,-9.244123775342283,-64.38252438031189,239681.48483231902,19532.583975696594,57111.688007461984,158285.24976314735,-52.028758274396225,-96.1869872001804,-86.64367284627774,-62.98289101227383
有大跌/震荡,21.8518178325819,-46.750558482459425,1687603.9367684654,9016272.837289002,3687737.247360826,1824912.448682085,-30.555036474392562,-82.2689266357691,-78.69256770799421,-78.69256770799421
有大跌/震荡,2.63221427175262,-57.284213917548364,445744.48002657417,161275.93023486817,192354.5119467687,337547.1650877808,-44.371070449323824,-91.96115477103788,-80.4636898498867,-66.59016268233844
有大跌/震荡,11.630084550938836,-41.336267814978086,880953.9891685785,1317066.3138396412,1382980.4852018186,1740204.8626960292,-27.7822964554843,-80.24158803145737,-63.98236257537773,-59.45167812701795
有大跌/震荡,7.6329525292913925,-56.78982172638498,634558.6827697998,388898.2459536949,268502.94061533315,1020554.4398056914,-36.16474335314458,-91.39926834242651,-81.91579584065722,-59.40850759259092
有大跌/震荡,8.340109877697177,-41.744029612254316,805585.8698235833,496714.46180350875,214465.05069929868,378122.9842509491,-30.085263335637613,-72.55091590235187,-77.01276318318506,-62.69672667150365
有大跌/震荡,11.578310583327012,-46.078071206142766,850160.6613168508,711587.1170305498,507811.43297022994,240879.2278896552,-33.49419841324167,-87.92286954453779,-79.23154642629751,-73.16495283005742
有大跌/震荡,13.012977827141569,-54.21848842075896,949246.8414213998,1182273.5820499284,509077.59134802106,892661.5481212123,-46.18642512311274,-92.38995457866746,-76.22741859335311,-76.22741859335311
有大跌/震荡,10.690361741218513,-40.441143857856176,1021784.5560861788,1817140.0853868516,2694149.5331514617,2138489.297094599,-36.61734364080369,-81.07467611767993,-61.994051368820166,-61.994051368820166
强劲平稳,27.23318980853624,-28.3608599055041,2105906.784594211,16215959.206866043,6307989.627616787,3145592.7027481217,-27.047795466400558,-65.0150959118268,-74.09292205953952,-74.09292205953952
有大跌/震荡,11.64983881725352,-47.02590784260643,628014.0677151142,408539.157696447,265558.6526569486,520513.51674226305,-44.101822597307205,-88.32703100893583,-70.98399336681045,-64.19764111741955
有大跌/震荡,10.611428069547113,-44.65167055095892,899594.7145602143,1052020.7317526313,943737.8947402316,639222.5953799654,-31.295362957360773,-73.4988281668612,-63.36101313684913,-63.36101313684913
有大跌/震荡,6.214111526022137,-52.82519583786538,544554.39412376,225148.63118219428,177408.74116149129,567424.7607238613,-37.46756745606044,-82.63172891485905,-77.83040699480371,-53.475692027585886
有大跌/震荡,2.119713785538857,-41.01505363272558,426987.8339403896,133605.77872452012,223648.04579485385,498934.8753218033,-39.300443972597066,-90.80506990234647,-74.55489762914081,-66.43362826960009
有大跌/震荡,13.689952418128959,-38.046398192788246,1049143.1119197202,1998203.7170067749,1460838.7988359216,1434436.3984515558,-38.04639959888815,-79.24655678140577,-69.02340095246622,-69.02340095246622
强劲平稳,17.561905785402445,-30.63200943194072,927958.7015778832,1267112.0415382083,771103.9002671355,1038210.8091899958,-23.842065143492864,-69.0188878711142,-76.73482139741358,-52.649591339337846
有大跌/震荡,3.864528666706568,-56.03392171392356,420417.84470508026,95495.03637127776,408245.57248072396,588672.6961178241,-55.25571705591776,-95.79296014263889,-78.71268432664753,-60.78586854208376
有大跌/震荡,16.106242623156675,-58.78682509153563,730236.5773304763,487615.3720140808,569381.5237385505,811774.8968832318,-58.39985424182057,-96.39014591646729,-81.64795272686737,-74.70972155591457
有大跌/震荡,3.7129807912461787,-48.26686152789961,450537.0960063707,96729.61990340627,303760.8396115435,474181.1097466457,-44.220258861045146,-90.98268373497521,-72.34168650207377,-64.6297969528592
有大跌/震荡,6.744324459085882,-55.9935389504872,739437.9221279569,557464.458501056,836883.9162458237,835614.8408389528,-43.91076128977598,-89.25530840312466,-78.126944038935,-78.126944038935
温和平稳上行,11.427163636060245,-31.43770143015874,755887.6651252834,686943.7833955835,312231.29482650914,508913.4748424238,-28.622344246454634,-72.79671764287215,-70.99392324520666,-70.99392324520666
有大跌/震荡,13.576990559776458,-53.7608784255123,1561471.4288240096,4301698.490452325,1964674.8412244376,2610596.226178085,-40.313688178227224,-86.47095603179848,-66.14437164106315,-58.8510777248743
有大跌/震荡,22.104335686817556,-37.52262365943005,1360456.905834692,2994995.166170542,1506286.5958335937,893872.1576515244,-27.46686516480087,-81.46006879775422,-65.68833552586293,-65.05315951914147
有大跌/震荡,10.137566929886678,-40.535607746359844,825511.0333002332,825404.48696403,981168.4805633154,683847.2644959624,-35.47137477371376,-85.01131153819334,-71.36382168510681,-71.36382168510681
有大跌/震荡,26.844286950829698,-37.701498842746375,2015327.9942016709,8399413.542174118,5381304.98639066,3962747.9681506483,-37.62119544248231,-79.50023597019869,-72.17628909845982,-72.17628909845982
有大跌/震荡,-19.23066895390553,-91.04926601439264,99880.18211654529,1373.223717093272,63390.89577024847,74596.4688665107,-66.56023647602429,-99.40617417936157,-81.25767250581892,-75.11160611541862
有大跌/震荡,7.872767812764403,-38.739372662046854,618728.7445286034,539747.9524408007,508621.65421213175,847757.9085641092,-33.867002257782595,-81.22189376670926,-66.58210659172994,-62.14777724543402
有大跌/震荡,20.119164952798553,-40.10058921026351,1647394.6757504349,7621710.979711352,2327899.9662897256,4942536.493475619,-26.776482327346052,-73.13243710248032,-65.25077759006679,-48.77592245440796
强劲平稳,15.166558384826502,-32.822589368862566,1057577.0772631164,1835523.691483389,948868.6537348607,1459513.4144371543,-28.368806297660033,-72.57707885704703,-76.62961360689529,-64.07710213881094
有大跌/震荡,8.308743151117714,-69.2064672596505,559254.4623524168,152008.6000631384,650214.5769422181,908877.7110897672,-69.08098898412118,-98.57822628771476,-80.86926669192901,-78.77308128872673
有大跌/震荡,12.411441695961333,-36.46496815286623,788194.5919673484,585040.6589670979,433302.6674446147,627125.3493373209,-36.46492243432628,-82.78881150706027,-81.85451799416047,-56.64528636166146
强劲平稳,37.95421866261992,-26.513761730692988,4384164.141071681,234863052.5529269,193304939.92456338,69175802.06769933,-26.289296613150515,-68.22188426169079,-55.716784831399714,-32.23098370673599
有大跌/震荡,19.91957050737161,-46.93765665976299,1396054.306599331,2771715.8151502917,3370522.1780893696,2641143.0555417673,-44.30564706402053,-89.47116384395396,-68.73288357399117,-65.15982340773212
有大跌/震荡,12.395794410911165,-53.28278702169129,814425.5271030567,517767.8164994916,631743.9133119172,1430521.2098691678,-44.73694908117823,-92.76986544942464,-81.09712272623108,-69.46903212588023
有大跌/震荡,15.818701546193271,-47.864798890652914,1388147.8445820056,2520852.654210763,1565740.4849774872,1933611.8644460237,-36.46492243432628,-86.6312136095782,-74.18297876477763,-64.63032134174222
有大跌/震荡,-5.122790426104961,-77.39721944658294,192410.20850351703,16604.600496856383,50028.16515287419,151008.87765325297,-44.560416386298016,-96.49557623948263,-87.96947534166493,-74.4535566165088
有大跌/震荡,8.739765240684271,-51.23845283276347,603597.1618273684,256080.34532479706,585055.132830493,425884.2676380072,-43.40383272546535,-90.84982369365318,-66.531761597799,-55.78158763802526
有大跌/震荡,-3.594510413697538,-76.49561582250192,373931.9955982213,54438.0927997786,296706.5516590859,157269.81613327772,-69.6306857459281,-99.19854910626046,-90.09271745461191,-87.18582405569548
有大跌/震荡,4.431855385826533,-66.12754021576647,489854.79208319314,187281.29734004926,784785.4593966089,387616.9278859811,-60.90816663556768,-97.22238970346436,-71.63181454317336,-71.6459986359018
有大跌/震荡,4.127200758859884,-64.95789968406626,619524.8762067284,677569.8922476693,703152.8131045144,325227.50248694135,-42.12827175314894,-89.50276030454816,-67.33598620061579,-67.33598620061579
有大跌/震荡,16.103061083931692,-49.689158177633765,1074933.475499962,1902484.4121578466,2529479.6276400625,2506097.6979253828,-47.22679881643187,-92.1221685653181,-73.15145170232275,-73.16487597647159
强劲平稳,28.680824999865173,-28.559369523153478,2252513.861119492,11766194.342653943,6629132.8733612895,28825783.651069775,-28.559376548380033,-79.87419979021195,-76.80371370796108,-47.59814381267397
有大跌/震荡,9.667003456929702,-56.098639852969946,573247.4137941309,304528.82631506136,1019504.8038055389,1018785.6821452113,-55.214422277888595,-95.57732767896108,-71.79904576699545,-55.21442227788853
有大跌/震荡,22.92608931676481,-50.94895998842537,1278330.9590367456,1193038.4507762645,2281286.0063947337,1820819.7914724585,-50.94898589451525,-93.63602020992647,-85.02977648880355,-85.02977648880355
强劲平稳,13.503912973476218,-34.23494672569962,779585.5418493934,847140.2105391095,717329.1846966549,1993585.3042100105,-32.77303395959782,-86.7102369476161,-77.9790295076748,-42.13419863344631
有大跌/震荡,-1.1973545041613964,-73.41691850166853,262239.1582818401,4018.4998194337945,35895.07890509962,96102.11526316323,-72.89635110426906,-99.75854647569751,-96.35737270700452,-91.25274296642809
有大跌/震荡,7.8497186046051715,-55.90546930836647,518753.72559147363,182602.11457021386,861557.4985239023,354886.4677980688,-53.23985033226245,-95.36576871080231,-67.95505605816481,-67.97107853013571
有大跌/震荡,21.11721453075237,-47.025907842606415,1348023.582113937,2491150.6192474654,2769959.9611402485,1656895.452582385,-45.61563482014852,-88.78291035913496,-63.546790327993705,-63.546790327993705
有大跌/震荡,11.106750077321848,-54.489384090097516,1112188.4531526042,1041746.3079430861,960797.2817717758,992359.0507421193,-42.80544515338954,-88.47781003546069,-81.75771137019795,-62.96763516171087
有大跌/震荡,8.407923379256266,-48.64571682483518,527396.5892015927,82624.71824945575,138934.69374165262,655545.7365086988,-48.64564730103827,-97.18522670465987,-94.07824109483283,-64.83418364917202
有大跌/震荡,11.543269571107007,-43.03525795825869,1058347.8691893283,2083097.785279518,1561993.0069908986,700383.8801333484,-31.177764393663654,-77.29997624494413,-74.69895311129096,-63.31037997401643
有大跌/震荡,13.055878450130054,-61.705528514142614,642077.6048794488,282462.3111627696,469669.57526329614,532637.2288180336,-60.25267700090197,-97.56524457455915,-85.35911274743314,-80.59540950854515
强劲平稳,15.922091711897757,-33.37174007480491,926405.1678692291,1317873.7391966905,697044.5410881456,4007973.7564929742,-32.31619444486754,-86.4237414379286,-91.51074304103386,-43.14600950108671
有大跌/震荡,20.83853017300259,-44.24550592437216,1562191.116045619,4888293.366594414,4462043.498167744,5080971.817755732,-43.241620340284825,-88.92286876150975,-75.40926259799656,-59.33954501493845
温和平稳上行,9.869878496387807,-29.774792257955706,769226.1415528305,672524.8646650829,179942.68004178314,564710.452470926,-27.166783339091182,-66.989842997781,-82.76166137394424,-60.617427977142505
有大跌/震荡,-1.932812541509954,-59.00597407024056,421861.14462211047,78367.54828860414,245654.49590357006,179948.41057648667,-47.33827684917651,-91.54119656399354,-78.6270748778256,-74.90114967025858
有大跌/震荡,-7.280808310139031,-82.53868937549996,226703.47939374307,14260.781165732997,79258.20591291906,96189.59045608288,-65.9046974981694,-98.34583324215636,-76.84926820068996,-76.86084356658964
有大跌/震荡,-10.831149792000694,-84.88605090023844,155320.4929981398,8059.416646667613,86734.50024994486,92739.35483057375,-76.1521640200114,-99.55956427032298,-91.23846322730614,-82.66344961200357
有大跌/震荡,8.350882886549593,-70.00380782350739,1399762.7345574365,4329573.113979644,4345478.12958761,2120861.3422172926,-40.05262421893696,-90.7345719633871,-63.66075298356697,-51.80444181061969
有大跌/震荡,6.233266519889624,-49.56558809803672,649474.2327991837,551286.2144365358,659367.2255749222,788269.8560380812,-29.603747854301954,-79.96959943558016,-59.897165905459325,-40.11431479366241
有大跌/震荡,12.423084097399384,-73.96773827977138,1023077.6899707967,2133722.8367131,2009261.6894049211,2853149.2891038237,-57.03070541294339,-97.16156918173932,-74.85812299257869,-74.85812299257869
有大跌/震荡,5.28091624686069,-59.152156534777056,903612.0502837,1886680.3892834543,2670487.9065915435,2122442.9616260715,-32.35082691350477,-76.75777427537251,-61.292483562491725,-52.976266322317024
有大跌/震荡,4.594244926291813,-67.22713047213699,362674.7394076645,31676.31985876576,364929.35675142874,394738.9400344925,-67.12699945069127,-98.52594957936938,-83.66879964848879,-67.87888740637217
有大跌/震荡,12.27378335190561,-49.753286807196794,904667.3840594521,544271.1758161254,1385184.4164288936,2075432.5849241514,-49.75328518220301,-90.10329752304787,-71.20781427514036,-56.953234110125095
强劲平稳,28.35551115104755,-34.426089369078696,2488961.092389933,24950777.895565476,19487810.13985976,16505002.868994508,-34.426091593372696,-79.79481151120446,-75.12292039627565,-49.393343956254384
有大跌/震荡,15.301701475358765,-38.89466808624691,996515.230997078,806946.0839538224,544940.1982590433,382436.11451590137,-35.76662875109318,-83.8554375873571,-74.48839350112173,-74.48839350112173
有大跌/震荡,6.142836971893462,-53.00927540324714,741535.2340234423,300469.3136388186,686246.2881336586,765614.4363484138,-49.36680872403495,-91.9741788772516,-72.77797558643886,-72.6207833787776
有大跌/震荡,13.013416246620046,-44.6843758124607,703763.6533959109,300367.51425657066,1035962.2775285109,1543019.1943827576,-43.88344656944092,-96.28688488123488,-83.02612461276983,-43.88344656944096
强劲平稳,18.98141701542677,-28.156823410835273,1084740.2420398619,2030644.035936961,722214.6831977518,1456088.9134833466,-24.978560061378584,-74.27712650173163,-68.28785511429032,-49.67881389713884
有大跌/震荡,17.92080610052087,-44.891971423238886,1155538.6468845254,1800015.8551580731,2130977.1576294634,2709076.7675132304,-44.89197526722043,-86.63881405534059,-69.05236309331885,-52.898501658261
有大跌/震荡,14.944043453733968,-40.925653381026564,1403760.114504263,4887645.406626088,1785731.5181072832,1481828.5542175837,-28.4643091846002,-73.07267758422796,-55.97268036897174,-55.97268036897174
有大跌/震荡,17.606023349830522,-39.22438465152758,1005694.8091668431,1402747.6863497985,1428338.4429421932,1979963.2426108401,-38.89938710148202,-85.42299637276976,-73.79142912226908,-51.393410365822945
有大跌/震荡,12.523961794516424,-36.44889885200482,928909.8710521768,948687.4550950003,637049.8052578705,486484.3917450153,-30.51003394044519,-76.74239468875668,-57.68188503356928,-57.68188503356928
有大跌/震荡,6.816116145008211,-44.9129558579316,534841.3226039101,221091.39287643714,437826.3538266569,595530.1071577679,-39.055059051783516,-84.70645117773927,-61.89448729632245,-61.89448729632245
有大跌/震荡,15.90759946970226,-50.747024809360965,1048525.6183104654,848864.5973291708,1334671.1802671426,800564.1257255267,-50.63654507449814,-92.57737031572596,-79.45222397841647,-68.29051266565749
有大跌/震荡,1.3150191847301151,-57.89831810836367,297149.958922678,27568.510957867846,25016.99591945055,97190.50779158654,-42.11500018757107,-93.61007576637711,-91.3212416209207,-74.53262130193367
有大跌/震荡,14.48234569094704,-46.95171852236214,872152.0319298387,745941.7957041573,605583.3241027911,469878.75079148274,-46.91594891042229,-90.42473126274353,-68.08598516961534,-57.81749848689886
强劲平稳,13.920364842307809,-34.44513513121805,1172030.4244956789,2526158.7034764388,1009111.7134352584,852709.5652040967,-27.25581628383712,-66.85761215778263,-74.57118714745161,-49.6861108517938
有大跌/震荡,5.303821232269623,-63.17323190353537,357298.74660686706,29508.681107470813,87513.78963043007,350172.3277991456,-62.703452412464245,-98.17806865564326,-92.3842598077454,-69.55831149003322
有大跌/震荡,9.215105270709456,-59.00677292754186,823465.9414214847,965788.6287608106,1388239.3297567246,772668.0711539037,-50.57641508250508,-93.6448206572586,-69.94374028628631,-69.94374028628631
有大跌/震荡,6.6871177629256096,-61.80680614223759,746846.3556998381,728005.9077900363,855911.7874344978,503188.9297553963,-47.17490333548028,-91.86977496668113,-64.79470697001074,-63.29876896838786
有大跌/震荡,7.744362212372069,-43.822674519382666,864136.9815142928,1025817.9694944309,772693.0630261082,768385.4567534429,-31.15559729687485,-76.41938728791064,-71.83491999093667,-53.18259107366109
有大跌/震荡,-14.842865605895739,-90.96411798177057,88573.47205352725,578.1434578465498,59300.09039892982,78558.90305557573,-80.36633416990082,-99.9311446351497,-88.73125733086646,-85.78711564190377
有大跌/震荡,1.4572715951567838,-49.21408741628822,371696.31419496203,54563.01507723292,95082.65875157701,417114.5641011518,-47.586008176774776,-96.70425866333778,-91.27890931127595,-61.74177301228016
有大跌/震荡,14.034606481209288,-61.98781909569486,1252554.0076111928,4474871.470628527,5073698.709305235,1371308.8112158396,-43.196849620799526,-92.85819838900812,-60.65474392445935,-60.65474392445935
有大跌/震荡,8.285080819707913,-63.31901645743012,466565.5103480069,86980.45108579594,128641.53597626435,525718.1775395583,-56.08385380330453,-97.15295975897186,-92.28613698936695,-79.32157238859673
有大跌/震荡,9.54341334283335,-49.9841273889,511739.9227104288,177613.51810566167,189351.60602216542,291120.45829038863,-49.74422149245942,-95.37985655572753,-82.601654532291,-75.98185696721245
有大跌/震荡,3.366397202396443,-55.242574620106886,541277.0959803491,218693.13396768595,567084.0583643597,442601.62047331384,-47.67473905786225,-95.63591250099364,-77.3314513964066,-69.29263921732698
有大跌/震荡,5.705743622841308,-44.6316594507838,522559.65245555085,191858.62810400355,149634.72689412683,271254.5285540067,-44.48326312249608,-90.28014672578524,-86.55691424016842,-64.77110531453094
有大跌/震荡,0.2345814811695046,-77.71564610124048,513531.23079507606,292289.5746471286,202698.82176066065,595682.954923352,-52.896767181075674,-93.1643010150646,-85.03269415456735,-65.1994064097334
强劲平稳,29.04988211271382,-26.299612183903818,2090014.2105793369,20956553.31090442,5550760.938777972,2610543.7699102066,-23.30118226185863,-66.8876437204148,-76.54718860149535,-76.54718860149535
强劲平稳,25.763426664851274,-33.32544619688751,1968433.0432190902,11754989.275221758,3610541.9005820593,2064154.121473432,-28.64536117542531,-69.82114103698305,-75.02179650225233,-75.02179650225233
有大跌/震荡,3.095334469880262,-70.83626823288604,418266.0247001996,103205.60838169887,554370.2434425583,291516.85084933636,-57.32053343475503,-97.83636014714772,-77.20682850751625,-74.96649006605038
强劲平稳,21.011710352779154,-33.728038578487386,1480449.5073930183,5131450.136498337,2549709.6422073217,981290.7907770182,-29.43921286776613,-72.5335839365638,-61.14394961365397,-59.33671380903034
强劲平稳,24.79750168386119,-29.744130957625025,1976403.7572910483,11850823.98266532,4491947.1293521,2445806.1153760646,-28.309468261590354,-67.7850058563084,-65.66940382256156,-60.370132999741855
有大跌/震荡,4.621267898781567,-63.042243833904685,385423.8059199803,88497.57476610197,400755.15335829294,355049.3987232122,-51.716338083481595,-97.88307016224378,-87.71867789912652,-85.28932153428293
温和平稳上行,10.310520200638784,-33.047025457349356,668191.9399160481,413015.3374695801,392280.1959696346,277846.9786624652,-27.88276957828131,-77.04306626298141,-61.3681798844337,-61.3681798844337
有大跌/震荡,11.412777305464328,-39.384416489072926,550578.4637487057,230715.0600866057,96783.54972278379,405291.5349265095,-39.07048808393539,-88.51695271502474,-85.35923663929307,-59.33954501493845
有大跌/震荡,15.229559330680754,-54.21848842075894,912908.7052480138,700931.4174260806,383478.164614581,1875454.6318238256,-49.596357701879526,-93.27851376308944,-92.96806915533604,-73.22334708406797
有大跌/震荡,-8.26369182084341,-86.12678695340237,398091.10399118176,108354.94387868587,159157.66341832795,477343.15834077867,-61.58187713499497,-94.18313069669912,-75.67101619915584,-74.62799206705049
有大跌/震荡,9.191423326458924,-54.82079256115849,649528.709612486,258777.90873621136,1441934.3319457073,718419.6582995533,-50.03494616856787,-95.82269591459055,-71.22494358869422,-63.624420583725374
有大跌/震荡,16.60907577761932,-39.082905314187165,1106596.0580339576,1385484.5599062126,377844.493951462,1434554.9971168155,-35.20081126356379,-83.10194867736548,-90.31846237279181,-78.47463347805478
有大跌/震荡,20.879947238171106,-54.77599868589205,1320139.424377621,2952663.9729403136,3535772.834408464,6923937.421313703,-54.63772755656562,-95.99093669670872,-85.36767478784495,-55.75954407830612
有大跌/震荡,20.49868628369753,-44.70600493507648,1299448.898291959,3249240.183040413,2298913.5596312857,2083202.50693825,-44.70601427448071,-87.20414992545788,-66.28056550438663,-59.73199274546563
有大跌/震荡,19.091948057869402,-56.4934173802534,1843767.144736189,8842886.675580967,21101658.153135415,1975381.331094203,-50.66024088758623,-93.22120330409075,-73.7968571100232,-73.7968571100232
有大跌/震荡,17.184115704624613,-47.12830194880132,1313910.1201683334,4358962.944856855,2340574.4860898005,2196651.530755469,-30.185002545486263,-85.35656207627356,-57.02325020810519,-57.02325020810519
有大跌/震荡,8.610629374166345,-50.68132392699374,607211.4428007568,268866.7602537675,450561.3216576675,381991.2275719741,-47.98845251894929,-88.00834645300827,-61.30624022957759,-59.57334330617482
有大跌/震荡,2.942907329403033,-69.90480930779368,313038.6888441592,13719.263193926245,157049.95620820927,171229.43442072143,-69.90476301556822,-99.05142546704822,-82.67350579201538,-76.85683557739561
强劲平稳,17.651609301870728,-34.70757767827952,998840.296528284,876030.5174190165,463052.91404745285,905764.5048628204,-33.48758602957549,-76.33127394529274,-66.14427828730871,-59.169319738094714
有大跌/震荡,4.702782322125421,-74.88113283095845,624589.2582791357,895651.2062425526,368935.73213524267,504730.83986577665,-66.77576193583286,-97.99440904455446,-84.21872106515633,-79.6468008119854
有大跌/震荡,5.035388530551277,-43.11816069230375,558049.6991725704,287662.981528882,164523.62699132154,205722.1021346848,-30.83092062275279,-76.76359865510992,-72.85930983365657,-62.631267642931896
有大跌/震荡,18.844763099935435,-56.04266911925067,1819223.8367779362,9657900.082074583,5206734.806269401,3214224.550630827,-28.447513375548873,-80.63571794360085,-66.86053375366303,-66.86053375366303
有大跌/震荡,17.313250164283666,-41.08960348983639,701138.950935893,468738.53136392386,627646.4762284255,747076.9985352741,-41.089658842316304,-85.45864764163946,-60.22305476170822,-59.04776139326179
有大跌/震荡,7.896719843550337,-63.46343039349709,505369.6637016571,113302.59136480957,405281.9638763716,722712.7864492348,-63.46341739767942,-98.06555378170457,-90.29912904323322,-63.46341739767942
有大跌/震荡,17.00200733504662,-47.49511518711248,917022.2712690299,806183.8051426082,936371.6372683742,699382.9695266021,-35.01894692984483,-89.77229190857756,-73.59978850445795,-73.59978850445795
有大跌/震荡,11.412358711446412,-36.41768647229736,758753.5438856024,647996.4399812793,605995.093588318,641520.0476128464,-28.060072624333387,-79.1499677596346,-71.13829522795336,-60.334386950319306
有大跌/震荡,16.404234568406363,-65.29936383484272,1026428.6114591968,502340.1998886177,2806101.122263791,1315314.386263182,-65.05339077519008,-98.31076490057202,-76.04887186987372,-74.36237445857131
有大跌/震荡,16.329548693897777,-40.40119354370669,1537372.7800653763,5096515.852808457,2733983.608561717,1292869.6033008874,-25.983869868699948,-69.25651324688234,-57.42789356703123,-57.42789356703123
有大跌/震荡,20.38478963151309,-37.91539719080025,1887873.5259119458,11618544.139336895,7869353.110717813,6887042.346458364,-21.84260334174777,-59.016091983016935,-58.81500005942115,-56.50274305647465
有大跌/震荡,10.116842213130672,-45.353582885490205,664904.785374017,332379.0612760575,158981.3576471942,515701.81183751236,-38.97026390062256,-84.3479216168595,-82.80515127194035,-66.86053375366303
有大跌/震荡,11.87148947453922,-58.09098411223354,601614.496931634,319837.61497083324,727027.9366689919,636910.838003994,-52.27893687152402,-94.50475777851524,-78.91760292936003,-75.94278384801977
有大跌/震荡,24.91344278905252,-39.37441133748417,2069181.2691131518,19470695.361940227,13174899.309761632,6464086.5828124285,-33.067462247953,-77.21920968128285,-63.921257340125834,-63.921257340125834
有大跌/震荡,15.415528505441255,-46.06612699844208,980436.2739628919,1206855.459937772,924063.2322822247,579979.7853579364,-32.683971523585484,-82.25329095239758,-70.32553589471861,-68.17449870701371
有大跌/震荡,10.234856302818462,-47.795339234815195,1057381.2034352124,1574613.690179619,903455.9537117896,667816.7768985925,-36.05494476481748,-81.15134364338908,-63.731930627166,-63.731930627166
有大跌/震荡,14.389401125616219,-43.62518328835028,833258.9353358708,1014688.3845154571,1365012.2625055057,898853.4771861909,-39.35494664243636,-90.18258042790384,-69.42522497716092,-59.62836758314922
有大跌/震荡,4.938837389867823,-42.125645803396516,503890.0409921398,156571.43100278542,431976.4992722519,357393.3355417536,-37.36728866068487,-86.26367118675937,-62.690604516854975,-62.690604516854975
有大跌/震荡,1.2723234980078102,-59.489118876157654,478437.7341712223,178425.69066609108,128849.28467071147,249596.84164993145,-38.98262419316981,-89.74671166629392,-76.79623706796205,-63.92410063161673
有大跌/震荡,8.147657604855896,-46.06088921206859,633565.7754037284,267056.9601489559,153072.3262145401,318926.58836587245,-46.060898001076865,-86.648200696884,-74.93749225042305,-63.65329537662212
有大跌/震荡,9.159188019382247,-58.17239682012343,1071997.4954985932,2407068.314880012,3974376.670640739,4927113.746319696,-41.91444206042807,-83.84621824450991,-64.69561719811591,-47.17752074699037
有大跌/震荡,4.298650001037618,-57.35658730643627,442716.3864594437,140595.77434100982,120604.12340980746,184201.7513655358,-48.70519335840468,-91.12389465415606,-76.06226646403447,-72.2388323052259
有大跌/震荡,6.684544475335175,-48.14728483075987,568932.8980436008,209522.3829603088,157119.73377263287,426024.49095844576,-40.45811119780078,-86.63267417149481,-78.04892447601439,-57.444209013040336
强劲平稳,27.956421156755784,-28.5593695231535,1963897.3461171754,12413726.721548794,6137146.945756761,2673908.930714498,-28.559376548380023,-70.1766219581122,-50.70988505185569,-48.23991743332877
有大跌/震荡,16.08560040275353,-49.76096434025736,1236981.4832636223,2241134.516187982,2212881.7164311595,846251.3968819322,-38.58302041927407,-85.78397241921851,-61.906518549561376,-61.906518549561376
有大跌/震荡,-6.362262311824384,-82.40556871485825,237830.9218888368,28113.205063417918,46809.663791852356,137976.46399448262,-49.25769180786912,-96.32997823935425,-87.13363865212865,-68.33617588947678
有大跌/震荡,29.712862308704935,-37.413952811629784,2192961.435689455,29884148.252528194,25108446.544901084,7230966.609574493,-33.232545536233445,-80.20046466784748,-67.59445461775184,-67.59445461775184
有大跌/震荡,10.287020247470679,-46.34511187379743,898001.4080817035,1040269.6419631874,964078.9342149704,776784.9182692065,-39.71091462445027,-82.06885448675042,-74.09949016447217,-60.76468260766854
有大跌/震荡,11.778571823423857,-49.06664727288469,734421.4731665424,589180.1949615785,675447.3364382352,1013991.0948305007,-48.42877237694114,-92.14408429177767,-75.77831144165702,-64.14716788539235
有大跌/震荡,11.776591365532507,-46.549294407368855,723252.0838969691,551075.8027911423,619617.1954340686,627348.7703043943,-46.426505396118365,-88.07201999760682,-61.651416557559926,-60.41811995609944
有大跌/震荡,17.916116559214434,-43.149112736555765,1434666.0779909086,4984289.277786431,14891679.820576936,5248440.730411817,-43.1107798324652,-85.63657525858875,-65.33765064622713,-64.58501435432622
强劲平稳,21.507174734844693,-29.92806799946791,1145487.3357936528,2091506.3355929086,906737.5543092011,2154884.3858522996,-29.561747609914978,-80.8822071441869,-81.31314595692255,-56.62089843037737
有大跌/震荡,2.3591144784940843,-62.21904145487744,331918.4082079087,46583.917218992756,143884.95000734983,414193.4847951193,-52.02740293879972,-96.84289125296546,-87.35492803274573,-74.03799949375924
强劲平稳,27.87969918172808,-28.55936952315351,2386197.8503816766,18773605.69330731,7276960.967611827,6255371.431088293,-28.559376548380033,-69.65465358272722,-67.3550492830244,-67.3550492830244
有大跌/震荡,-8.197075755498929,-79.05202616334873,152388.48591471766,3130.1019834425883,62282.09032826841,143469.91662610017,-70.00549852981612,-99.73405202818022,-90.6778955502821,-78.52606517970717
强劲平稳,21.21311569749267,-29.21230614792548,1418283.8178606355,3288364.332455503,1296200.9259362177,1037645.1422902478,-29.163963988005538,-71.11029538083412,-75.85677357619956,-75.85677357619956
有大跌/震荡,2.653886534539285,-50.87000684273075,468677.4566076714,68505.71801125201,427522.2505577505,1025428.7735855939,-50.46536877073835,-93.86021400307398,-78.791082803829,-58.48079434073098
有大跌/震荡,7.501864643852452,-50.31484809169808,491672.86601489066,122181.4032133045,252523.6062154325,775230.9475572703,-49.75328518220302,-96.68434702940351,-85.52903335571877,-54.625024100261264
有大跌/震荡,1.4117300484074669,-70.83019030825847,373259.2160486322,45320.27751482832,339885.66934382456,731866.308853882,-70.45984369483867,-99.2530371272457,-89.18769632479902,-76.03767197703213
有大跌/震荡,20.446450608468613,-36.54889829983513,1256334.1584092793,2121634.951553249,800240.2057623181,1154670.3801555303,-36.470850450590454,-80.32500763004207,-77.0618265988251,-70.13581421722068
有大跌/震荡,12.559006331885092,-55.46492299582968,1384710.2982952998,6070210.414627404,3696621.7903868635,1263419.5231278557,-37.78555091031516,-83.41770554354531,-51.27085545076131,-51.27085545076131
有大跌/震荡,-3.399151222694663,-59.96396692261039,256443.60894698082,22521.748694540085,124636.43163052143,294800.32728504005,-59.73155896672735,-97.06912433421466,-82.44084814988291,-59.731558966727405
有大跌/震荡,5.3736142699873035,-60.55032673475969,513639.44081859704,106557.06647075244,374060.5265823424,585932.5580299572,-60.550346047573875,-96.84182612864444,-82.36756248788588,-61.15627876472971
有大跌/震荡,21.05487015789731,-50.27294045535251,1550698.6645996333,3362589.7897619014,2640049.880929303,1084025.0795281243,-37.5164695070625,-90.89625394264043,-77.74325142736205,-77.75437980164838
强劲平稳,14.118673388093628,-31.25286367105118,891918.3279041407,1082866.3388734118,1000274.1377846517,1092157.9784804706,-30.814390969365835,-72.57239317046404,-72.8335833059626,-56.52548377343256
有大跌/震荡,14.09582259820532,-56.53484730823144,1010602.8533209,1300887.3638457183,1302284.8977300357,1601349.1829496159,-49.75543894081199,-94.61956709204189,-83.82624476297646,-83.82624476297646
有大跌/震荡,15.973800980116405,-44.712178353775464,1352824.3068912474,5350087.5637711715,4705719.999455925,2512237.5286375973,-33.56951790893679,-78.61696277637216,-60.52306879644564,-60.52306879644564
有大跌/震荡,14.179844254721207,-45.54494568190389,890400.3506265775,893217.0713041663,346225.7878997237,1456217.4982300927,-45.45984879741339,-89.22253921936314,-89.23914932095398,-62.055722302956426
有大跌/震荡,12.69165513507402,-45.74400523288031,989586.3912299811,891527.3457971102,2737272.0233021644,3120897.9792098594,-45.70742850696598,-89.56441415556597,-69.30274594643345,-68.30589426685272
有大跌/震荡,19.197255674102685,-44.72402584333608,1414841.8966553123,4877072.949951418,2403437.9569194405,1630423.7453168582,-44.72400285423157,-86.46197032131857,-69.985239764744,-61.79438052432157
有大跌/震荡,2.837025076598021,-42.053054909294865,461880.0776453153,180851.1694279234,138638.5042094891,378093.9837861923,-39.91140704134183,-87.73940746769779,-86.71501534214944,-69.15401677897195
有大跌/震荡,3.2151830757109368,-61.12405084946211,841979.2024302387,1280040.4414067103,903916.384779287,878039.5890190139,-34.85331714615308,-84.88690764393102,-72.41074802170941,-72.41074802170941
有大跌/震荡,8.342380500986346,-35.072927694420684,656329.7409115487,373131.953857266,132011.6811340454,497887.53347740887,-30.41788529735857,-74.62572773074676,-83.93833894126675,-63.815671185678454
有大跌/震荡,20.14618654597353,-49.41840641217754,1119030.9955065069,1492358.9695529547,3258885.515372197,2654277.1740915193,-49.26581134807374,-92.04019736000843,-71.18123404755224,-56.766802922477
有大跌/震荡,4.944881246469457,-56.77288787628325,507505.16855357826,260363.63897912443,764434.053010976,749609.8127491209,-56.72784681312677,-94.70825036571956,-70.82731861697111,-56.72784681312676
强劲平稳,24.099740523059854,-32.52182081323998,2507869.3529796842,23760221.317965988,9049140.603091782,3868972.116242543,-31.740978194663448,-71.27236179917276,-71.27236179917276,-71.27236179917276
有大跌/震荡,10.126609360241412,-59.83739321535593,1218245.4877792178,2553011.7535935314,1352982.9647073783,969915.3927017169,-28.559376548380033,-69.66263770582424,-73.36185118756451,-73.36185118756451
有大跌/震荡,-6.091086455466521,-68.1993543355671,239556.12574682152,23692.803013771725,13712.804739307012,132894.44443794954,-49.90504872470598,-96.09241700523083,-97.23563453967029,-72.01357302839257
有大跌/震荡,12.582341313481393,-45.43801949018677,1134988.2417310346,2355611.772881401,3276626.6866164343,1165410.6070827092,-42.109253217999644,-87.77408257926668,-70.55981757995494,-56.95541098932782
有大跌/震荡,4.008394041075025,-52.09970118137588,516443.09440873953,220903.23573960687,556104.940722832,465720.19300510455,-35.195726368011236,-85.81577661870558,-62.16448030139006,-62.16448030139006
有大跌/震荡,24.901791532930062,-35.36128477250353,1639474.7182531168,7109114.067755571,4881389.730063095,3916031.2432843735,-35.31771027081846,-77.71288778170549,-59.13867591434994,-59.13867591434994
有大跌/震荡,6.575152265235085,-45.885904052224504,635801.7681478951,354587.58192632353,1207992.6260592632,850150.125167116,-34.892168059504314,-81.8827287274163,-63.12094597242861,-50.06016723907882
有大跌/震荡,0.10901475456333021,-69.33210260384872,312760.3482134272,69847.28488509447,103297.82568048789,279289.90012597386,-53.34740356619876,-97.11162615837901,-91.06812439196182,-77.39176743570894
有大跌/震荡,26.265085053511793,-35.80049958547424,1564331.301573711,6196992.980719315,1999015.058634491,5286650.870259128,-35.800489062116704,-76.22628169920269,-65.99353468713478,-53.898484693840864
有大跌/震荡,10.41324910622745,-59.2984141926239,847406.1613315792,782049.8870456167,590654.0849973707,753627.0073101681,-37.414341720669285,-85.5942911586838,-70.81450413882621,-61.762894443761375
有大跌/震荡,7.886416124206486,-39.46905083053819,643566.5124822165,291293.9817917939,256453.92779463646,204821.5706286167,-37.297168181983444,-87.94549166018085,-68.48063362223313,-64.91660224727116
有大跌/震荡,17.92540495663353,-39.06515765765759,1089402.6860789785,1592047.2799588314,2672728.439525231,4448624.857869093,-39.06519783748777,-85.6356336445796,-66.2684943327413,-46.246002602516754
有大跌/震荡,-3.961307017608273,-67.51482866870862,224858.6795060732,10666.04272319953,127206.26899066035,165077.21116951742,-59.82207691749761,-98.53488289707167,-83.41531893040597,-74.39429667440747
有大跌/震荡,11.471645413304387,-48.865480925985864,652137.6521210251,410524.75637453457,228413.6161681385,540911.8468470462,-37.4332677301636,-85.95201577780844,-74.89172648523238,-62.1183133052437
有大跌/震荡,6.867962722134924,-54.68182218045234,561219.5857239428,216053.6128958721,317620.77769489645,587593.625391032,-45.306763296250665,-89.59079052045462,-72.96279033273072,-64.37361447517395
有大跌/震荡,14.527767206205166,-44.26085460611889,973691.0780387468,1260466.9481426205,918900.6615163932,930437.314962283,-40.02914450810341,-84.25382872564711,-75.22745096806182,-63.84508893217983
有大跌/震荡,10.553354869468624,-35.788787551759185,852997.7962237202,1047062.0206734613,905369.4699243172,816694.5573481125,-24.63619052279695,-75.67765588055273,-61.211004618206324,-52.49135196959187
有大跌/震荡,8.736388131675167,-49.81964953935925,602126.015998735,254260.99216420314,1165186.5542400156,705799.7900075242,-48.55652925539147,-91.71442546383723,-66.32098151318012,-66.32098151318012
有大跌/震荡,1.925749746426919,-62.07947446726334,560216.9754004171,336084.7575990535,282490.223469992,503405.1002627651,-32.858838710875574,-74.08772867364588,-63.95047778457455,-47.67284921535323
有大跌/震荡,7.099182218818423,-45.39233636941707,564996.5356540352,174347.5428154236,157085.01509327622,479936.27784308826,-42.84593305978538,-88.23419833231793,-74.08002935846059,-66.17918748310741
有大跌/震荡,10.400902589249172,-48.558852249719166,1188896.766180951,3095860.006724896,4527970.015080008,2306926.857946309,-35.68515371483082,-80.13518594693309,-69.69716611651921,-48.1440884216854
有大跌/震荡,3.903190783532695,-62.09433522360711,432339.8053412943,150709.5087564471,370268.89290892077,566782.6160880084,-39.824364543626324,-91.90968706182883,-67.32991672692857,-59.512763714858266
强劲平稳,22.14824329769476,-28.56736340723994,1952821.6943115583,16854667.150634628,9045126.275529638,1124896.46558866,-19.494112111136687,-57.936309128545595,-51.22793454531255,-51.22793454531255
有大跌/震荡,11.8516617102697,-44.98662442340188,884248.2569923471,729226.1721802492,242288.104338512,241665.27347542817,-44.44105185219427,-90.95544094812864,-88.5944216664314,-81.81624083948836
有大跌/震荡,4.53266050444292,-49.11803117594326,503475.62106896617,149798.2350445061,123952.64292186346,646136.6968872168,-44.69783166204333,-93.10857008887005,-91.2846229383,-63.51224031987619
有大跌/震荡,18.58138905702642,-44.779625944455184,1196796.2247990794,2476259.6260578735,540074.6907500462,946225.5636236698,-31.005488673146186,-76.62513572809145,-79.60696557948945,-61.53674225681406
有大跌/震荡,10.595606719435157,-52.22449926810888,779467.7230670702,514500.98809035885,183868.26013784198,530637.5783198288,-38.58051414852529,-86.18274571247926,-83.97577430144452,-69.8739281392855
有大跌/震荡,7.2606025764993865,-49.4389284352125,483258.3349100752,69574.74382126683,99026.23064708465,265636.260708394,-47.92936683327803,-95.65266537580594,-93.11072653746383,-83.39396137952697
强劲平稳,21.168793540714216,-27.97484137592039,964192.4358059734,2115176.117881133,1282088.4338142811,1564413.4631970895,-26.36508373885925,-66.03529106189401,-63.03998110937818,-55.26668652488649
有大跌/震荡,3.4379012045638646,-61.9467698003976,517428.59233140835,144712.36842319433,319667.4585817373,480075.17570654955,-61.628336249543715,-97.16263307828497,-85.39981568990287,-61.628336249543715
有大跌/震荡,5.529328029309188,-72.5215846428227,1335030.5906408268,5254475.835686853,2235982.40046826,2483408.7275981433,-37.99463233085875,-84.72642932397392,-71.20945388324105,-44.29245971018329
有大跌/震荡,15.866983971987159,-56.32815397938538,1502115.7224715597,4600889.609992604,4918712.358685412,1561124.5738776117,-52.53508144607943,-94.87076788076479,-77.86345365643567,-77.86345365643567
有大跌/震荡,17.057068889003048,-55.29161419642092,871102.4138668284,1113518.87094516,5958922.623650907,2253978.431114432,-48.94423378433941,-93.80967497628112,-66.48890583336417,-66.48890583336417
有大跌/震荡,6.736530220335402,-44.779625944455184,561615.3543060416,196401.39276854316,80661.60735287209,304060.3063847996,-44.77961252779611,-86.60774916548979,-88.37851492070887,-64.50463710726706
有大跌/震荡,11.925121575844756,-69.33881565652773,958554.7322235185,2043499.5948915626,3618425.9731793306,723895.3568928561,-59.492084232557296,-97.16991967898298,-72.67038962716326,-72.67038962716326
有大跌/震荡,24.17125520771892,-66.82095080432592,1449711.3191295424,3219238.8691159594,9417668.90925406,9148477.889722431,-66.82094875774703,-98.36662084648864,-84.03672539924692,-66.82094875774696
有大跌/震荡,14.285719832315035,-39.08290531418718,1219547.6426442252,2680934.3452140074,1114717.253100256,1071533.0335964847,-35.35922128527712,-82.02450841992098,-62.42832375359117,-62.42832375359117
有大跌/震荡,9.162063749327732,-54.94194032792237,498334.4999779515,108072.01531664474,320027.9653935948,388690.73406331684,-48.89076895538275,-95.07958917218085,-77.03977547760644,-77.05125558986765
有大跌/震荡,8.767356236939005,-57.97835012864354,485834.5055748426,114225.64439063,448321.8536447892,301259.1692066501,-48.31576063795365,-96.12661900592163,-65.17174468851523,-65.17174468851523
有大跌/震荡,4.193482351215527,-60.46385444555773,424664.05476631504,81681.20218142151,392473.259005602,287647.00624431786,-41.34522603514497,-91.56160011768229,-70.89618238127096,-70.89618238127096
有大跌/震荡,10.98325659050683,-45.73147843687505,904075.1398462326,1341011.5895082722,1768556.7490669028,1028693.1898815141,-34.305651631550084,-89.5678378554805,-69.25179016732184,-67.75712061400627
有大跌/震荡,21.70270603121247,-39.559801999711475,1223369.2053319465,2313521.307328621,1267428.0708704153,1147661.0688749372,-34.84363124075502,-83.953016038678,-62.19639887622977,-62.19639887622977
有大跌/震荡,9.026955682209348,-48.280313531414656,535090.4628199256,92794.9864803953,103966.43942606554,169218.51545648306,-42.29746703979161,-90.78988142632394,-86.04881169044128,-83.40992006410912
强劲平稳,14.197229128906908,-31.613501483628248,841696.1246866757,919031.152741081,415430.65591801493,615172.4105655557,-29.37410344010949,-74.12695123113471,-78.34892245240128,-69.95086949848059
强劲平稳,21.595958491281063,-32.0362086141744,1564716.929530747,5426956.741851244,2060447.0881461322,3939336.8644346995,-29.77752714220906,-75.13012037854791,-67.48954149384765,-67.48954149384765
有大跌/震荡,18.446416918548625,-41.2848708629162,1541582.0577667574,5811067.252674953,6707915.25883203,3833192.2588400813,-35.800489062116704,-80.40912836863944,-70.22549582184796,-70.22549582184796
有大跌/震荡,12.451441439352262,-50.18362863384066,840966.2310998004,702739.3385732822,883461.5074891174,1046255.5070661672,-50.18363775116621,-90.56439465339679,-68.70127891215174,-56.62883468337405
有大跌/震荡,19.135162462769273,-41.904893809447685,840104.7517187371,1002577.2977279187,577524.5330294949,925488.9908410966,-36.28872109702829,-86.44038834085602,-80.21846740489995,-80.21846740489995
有大跌/震荡,0.9637895769242233,-79.82091460068612,1166239.2390070225,3479324.0196104245,1243318.4811071998,965751.3309610991,-27.877656646915984,-83.5167678489569,-64.56763178443283,-64.56763178443283
有大跌/震荡,24.790528690012927,-36.54658790786238,1571519.8580484397,5565603.12612693,5719592.152368984,5851272.783745949,-36.27701489995937,-87.31021281932887,-75.79300835628366,-53.35989139189841
有大跌/震荡,8.924429272028679,-50.09126583707395,530184.1791894815,134882.53743773018,312385.25649094523,779322.276536506,-49.89068217320203,-95.87537872176767,-81.4387710592775,-71.29341189592576
有大跌/震荡,14.430760578369672,-39.4879732957367,991845.5703262242,827199.3224430876,417167.2498735049,1555516.210911396,-37.217232901763396,-82.98873637775455,-83.61222594697763,-62.63327410233679
有大跌/震荡,21.694217835876906,-42.43287771920009,1731341.6336608664,7603566.507436785,9102246.169566551,5089464.151405441,-42.43287657229967,-87.25185749336632,-71.85986564442628,-58.57141853850516
有大跌/震荡,-0.18370653236653434,-59.25956651662266,622550.1641254927,483179.56671514973,513901.3339016556,419205.6224997459,-41.55119178960509,-85.55925877783811,-65.14687703942799,-59.9014256741047
有大跌/震荡,13.56626839423809,-57.0726652692246,859520.070692587,1305623.9074592032,1165727.9018343296,743181.7374520607,-45.7024716075734,-92.26332784329028,-68.7189845638471,-68.7189845638471
有大跌/震荡,8.759404992369092,-43.065854607557476,623227.1674597266,292264.4363853127,342780.5898588994,679427.6521243182,-35.43955739329158,-86.80363490809839,-80.42952179655988,-67.58427993522122
有大跌/震荡,9.494427288055851,-48.10168325227567,501892.2768948904,113872.34123650972,308981.1479934762,600488.3675659884,-47.20877640378834,-96.49391062030331,-83.48688338107496,-50.94246859564291
有大跌/震荡,12.281299277173495,-54.65348881179997,684143.8555561418,276060.4348844785,386252.09842211223,634512.0976067842,-54.47601274997346,-96.05007762932848,-91.05386735253235,-82.50001185681717
有大跌/震荡,15.516587790151215,-36.400867294316605,949635.7951518595,1736485.097399833,1109789.9354997044,1950065.4075148765,-29.956432226800533,-75.80050751062613,-70.0668236083001,-68.87425348529723
有大跌/震荡,1.8210700612601993,-64.98734727833968,304998.0222421857,17840.981012169592,76432.1099965662,235747.99841796368,-64.33963529706304,-98.96745280831266,-91.26205433280754,-81.30587682440238
强劲平稳,21.685362360110382,-32.48157409235974,1839180.2657066174,7014829.375632298,6057275.930041973,5380683.721945556,-32.09788394723613,-74.42524125667234,-70.51893771748301,-70.51893771748301
有大跌/震荡,18.834247922022396,-47.92935444579782,1114134.5972439756,920935.758707957,900970.8845196654,1858788.2874356164,-47.92936683327802,-91.38041828099783,-75.52928881980316,-75.52928881980316
有大跌/震荡,4.934826497530698,-58.53578438092612,561394.1783488147,290848.0554667939,513811.4871558256,438625.35612603655,-42.673133967644226,-91.38876384559676,-68.8842797066609,-66.16475287796877
有大跌/震荡,7.449003579888469,-62.12500165670729,548884.1448265056,239844.33490620306,382931.07570919587,684766.831853411,-62.12497011680582,-96.05741112973152,-82.37087921524812,-62.1249701168058
有大跌/震荡,26.656468817660418,-57.48585801361696,2666469.9356282316,45029536.89546498,60744003.64408066,8802177.961210007,-44.5713870652216,-91.81743066320252,-62.71062677490535,-62.71062677490535
有大跌/震荡,13.243718715977781,-36.46496815286627,1021059.3859461551,1772356.7389625951,1674848.3869118115,1161367.3834632016,-35.93399585531236,-81.18757535425968,-70.36659386326592,-70.36659386326592
有大跌/震荡,26.60218507752734,-55.309381816008354,2995680.194530594,49427507.126494154,81375772.57010332,7147840.116540975,-46.94756158257487,-92.37755939291328,-65.06028069984929,-65.06028069984929
强劲平稳,21.84422456499138,-32.78273540877172,1354859.219925266,4539947.968086646,1764689.8912043956,3473186.940684665,-32.424728777238684,-77.61288399601366,-78.81673109911812,-67.63923339287577
有大跌/震荡,14.706638953884354,-43.33779997997301,930294.5068400657,1135881.100036738,773423.1756038618,672562.5488461623,-27.491289164276477,-81.32934394822307,-56.18470452858211,-56.18470452858211
有大跌/震荡,1.4028282934516634,-70.66531121780642,477217.81564463495,69022.6020034721,237798.1211472602,375842.4631142101,-60.210356131203866,-98.66648364009242,-84.48941650749465,-79.79240356125355
强劲平稳,21.905710755199117,-32.16173307511709,2056647.197354562,7261898.996342324,4572335.82613515,3993916.6460276325,-32.161661513834275,-75.94161240480236,-61.631317749294524,-55.579268400629815
有大跌/震荡,-2.272840498168782,-72.96485782617277,272951.81866948586,11582.409754687147,58984.23844149965,214890.6905377424,-71.57898369077985,-99.55776255744526,-94.62965060430074,-83.11496278008356
有大跌/震荡,22.77506194950365,-35.966054154066576,1556698.5657428007,3380100.492843853,2977607.953743296,1608704.492206736,-29.20747888298608,-78.79632988828115,-71.94481505911513,-71.94481505911513
强劲平稳,17.148530319768042,-23.9738256283178,1112641.3911374148,2417893.2010113117,1238386.0610642012,983147.9780677859,-23.654592699573605,-68.6035829109343,-70.07987375021673,-58.3141285367302
有大跌/震荡,8.340436677563122,-66.93043531040341,1004338.8865593477,921307.8870787744,709780.2643687367,2864741.110952934,-42.20870945066743,-89.69485876219039,-84.04731762685569,-55.57394332153187
有大跌/震荡,21.842863008112047,-40.42346609734406,1571584.6877330209,4605721.8418159485,2972283.6450868836,1153876.5942828099,-31.33460888837335,-84.93766036484476,-68.96168281464494,-68.96168281464494
强劲平稳,17.873604562330094,-23.159160816033676,1295593.7930073086,5067946.772078115,1980653.3178007908,2528574.3378809458,-22.45170617207888,-61.27757649973682,-63.433739311100155,-40.78690325719454
有大跌/震荡,25.687488191752283,-55.993538950487185,3126974.542023787,23340084.229487754,22986188.580882277,4586919.560821529,-53.2909677321048,-94.86923825992612,-86.44293849927871,-86.44293849927871
强劲平稳,16.163864318041,-24.825728754575003,1101675.1897918624,3136515.0867315303,1189733.3568694533,926441.731613607,-19.718143890820038,-57.44379231756294,-56.50168925223136,-53.84833364029138
有大跌/震荡,15.600146529358728,-43.484104372163955,716611.0970810528,550190.6407353854,546771.0500184965,908927.732981883,-43.382586602965404,-89.54892690186618,-83.00872647539647,-65.37562207028301
有大跌/震荡,10.956509225956701,-44.77962594445516,816452.3308213805,582719.7083221662,972906.4732424656,832168.1739523138,-44.77961252779611,-86.60927601250977,-67.4817481127056,-67.4817481127056
温和平稳上行,10.565332582779297,-30.075382217482982,633445.9985461211,429926.7329894878,262553.17002117424,465651.85477908497,-28.74528626495203,-76.96117572684938,-70.14011059429095,-57.80023952612843
有大跌/震荡,3.2823571891628545,-59.781388927075184,548821.7253732592,231984.9858486032,1200081.7642665987,456047.56821451534,-59.659234058709856,-96.35940092832139,-70.47887476730001,-69.3196123822059
有大跌/震荡,25.277558802688493,-55.9935389504872,1913454.5832690685,11464882.080297872,18691353.479917694,13484573.137061814,-55.697671592802145,-95.20396963847621,-82.86362489987059,-77.97026862572555
有大跌/震荡,-1.0144268668367262,-71.88023770755211,175538.68865056557,4295.797555870913,65713.88011087493,121490.80926143445,-69.38722498530242,-99.53487500250688,-87.81951771844332,-77.48091199174239
有大跌/震荡,11.919881144624366,-73.35723752723908,2024217.4707229917,16689598.049692698,11828552.756686084,3364359.4318527817,-52.35228600494957,-95.68730428999774,-74.12175396687287,-74.12175396687287
强劲平稳,16.014217240181907,-33.76185671875079,1281438.1756430026,3298973.322583526,2421519.603458516,805510.8524464252,-33.56458924461852,-78.17837904717277,-62.5956051630421,-62.5956051630421
有大跌/震荡,11.229803078483137,-42.68149368702839,724987.056477284,520399.99281162344,998525.2903823211,755026.9804322487,-42.520644493924756,-90.47101258093441,-67.85552842814629,-49.084091147447516
有大跌/震荡,15.680719756605232,-60.06766643744168,1129647.5755688804,2194967.3535732375,4636376.928567932,1791656.8431022265,-42.93175828091413,-94.43685706942841,-63.06768915806409,-63.06768915806409
有大跌/震荡,9.57516495563806,-45.69123020706453,871949.6900837626,677170.5197726397,760894.1467688661,513563.24963298783,-41.16861484977134,-86.85956000705487,-59.690376225114285,-59.690376225114285
有大跌/震荡,-8.784102100741652,-74.50265443427875,253050.56089581925,20173.033709384443,92306.84942810179,181471.75240430413,-54.87025523756095,-97.42827001886005,-88.879575794098,-76.94552029409158
有大跌/震荡,23.184766612241226,-44.74618389848223,1125057.4664963786,2342339.0803104048,1446485.3610269867,3066759.7039706134,-41.7315112968882,-88.70292887780106,-82.64006519742442,-65.91181891398497
有大跌/震荡,0.4354773626174202,-69.32366220374362,603111.0076847274,457738.75796723575,285798.473015618,408042.3326504887,-36.76372521994532,-87.41453390966333,-73.53178154301835,-73.53178154301835
有大跌/震荡,21.848577107507673,-37.10844080415152,1635679.489211505,5932431.357980377,2541243.6980580464,1858961.7712277605,-25.296567980023642,-77.72969311028193,-69.06454969591161,-52.57908777982503
有大跌/震荡,2.6816753909341573,-48.52257368911701,408063.4386379464,96937.18855727778,186789.7149585286,448119.69398077077,-44.77397433475816,-91.8438389231484,-79.99064870303407,-53.56288152292434
强劲平稳,18.614771612993962,-27.8649824889194,1042050.5944776342,2050721.698278433,482831.92066241225,693525.0033488249,-27.480680330862896,-66.31870538044483,-76.34114852135757,-70.76015640276499
强劲平稳,34.991648321433885,-24.02264021352317,3241542.587134131,72641548.22453983,30912410.088307545,8791195.384361317,-24.022611859508412,-58.46173848847352,-59.48201480446884,-48.85613722371404
有大跌/震荡,20.742383926100306,-62.812287522664256,1345672.9125835067,2588715.0563932317,3962421.613782536,2483894.4509091233,-61.18796995846261,-97.50016804292588,-91.915075822033,-89.67803000073327
有大跌/震荡,9.042136741874396,-56.164061773791964,680353.7710440072,588143.7199862944,389309.1749516043,360869.04855338385,-44.16382975010733,-91.78704217571506,-71.3859957335661,-71.3859957335661
强劲平稳,13.08455496728682,-31.661411971219245,943690.9607372672,1489117.010295459,708259.4089887507,706253.4172003958,-27.30568764157326,-72.28463304074735,-72.94151253825886,-63.8632044056956
有大跌/震荡,17.357037625380435,-50.978922799480465,984532.7352037539,1388458.1277814242,1997262.1031895843,6707405.319218092,-50.17856678983779,-94.69170736897465,-87.00512329919295,-50.178566789837696
有大跌/震荡,13.242459430347232,-47.54331755836956,779381.1433802849,402521.056034636,928738.0510371494,756603.8649249724,-45.947826115006926,-90.1545931557071,-71.32652409738662,-66.75978656859733
有大跌/震荡,8.324449827676862,-50.40144987330151,562605.5033030406,219816.35946803231,191514.94905093452,174779.1919987884,-48.47592897201215,-89.42655182997868,-84.42203877416081,-84.42203877416081
有大跌/震荡,16.918721634515023,-57.994193398094126,1125380.6318736393,1615793.8438520376,1415847.3679651327,1574194.0920251738,-48.489471497098826,-95.29842182542112,-76.72001396983725,-76.72001396983725
有大跌/震荡,20.502205104020057,-49.753286807196794,1600593.074910001,1736475.3773195911,2321833.7018972505,1116139.5649198557,-49.75328518220303,-90.10329752304787,-71.20781427514036,-55.45088288854265
有大跌/震荡,8.119937317512704,-53.47637917800594,683714.9093284452,279497.8394175635,251568.1545793992,1005119.8782746216,-47.92936683327801,-94.95534010904339,-90.12912859896313,-62.15411704933942
有大跌/震荡,10.175245688892097,-68.96015647854306,571912.3542770279,163584.2946944254,537172.8669729041,1799439.067650779,-68.52895927560833,-98.81282552192286,-91.4002419226195,-68.52895927560834
有大跌/震荡,14.380363239179328,-58.35304562370545,769922.7993203092,876481.7893547326,3103054.723834059,1458377.4123588947,-54.93846716320434,-95.39946932580187,-74.7365616867232,-74.7365616867232
有大跌/震荡,16.75564990452756,-53.11138501276069,1164427.9848010254,1864009.055989328,3360596.2018400864,1421792.8638242153,-52.7695877266379,-93.95955881319276,-72.90791412642716,-53.9409288713611
有大跌/震荡,28.04506274933265,-39.71098923653421,4120218.1209664135,90360802.58349176,54437513.74408713,9195922.831952523,-31.740978194663462,-71.28856541870636,-51.58857186728119,-46.6880032392059
有大跌/震荡,9.935978155400814,-45.18253926426776,921596.6330811863,1366350.5784183738,2688570.7303669294,1579545.3935159617,-38.93348882405403,-82.5085354974314,-59.15799051148767,-59.15799051148767
有大跌/震荡,-3.917618892954877,-66.82956287315227,186789.79241906645,7500.903778590536,90757.46098518933,140738.93112570248,-66.36855030591099,-98.88250687901242,-87.07477158936238,-66.36855030591089
有大跌/震荡,4.496671934134477,-65.83420578952828,350157.0849009007,77308.32616880501,280195.2176103796,151987.39324348423,-61.858857057414,-97.44328799541363,-79.85612453332747,-79.14833915306589
有大跌/震荡,12.270925238527752,-54.21848842075892,892165.6402814974,630437.9742887568,1190850.0157678463,2064945.6268342796,-54.218487288682546,-94.2451964939958,-82.61534403616544,-54.218487288682546
有大跌/震荡,-8.313877234926137,-77.5525268078214,213170.06520788104,18457.70817735786,78604.8397434384,147803.63912120886,-49.84909630398532,-97.0564953622339,-85.18329136076079,-76.40829644860985
有大跌/震荡,16.45436106781264,-54.96323950127029,1196490.2562052098,1705582.0749274907,4753154.987629435,1530874.1545699097,-52.644400394003085,-95.16960206743322,-73.20269892162385,-73.21609757216304
有大跌/震荡,15.906897128438402,-51.78812503028563,1250540.867711972,1735221.915045977,4148599.5137822777,1794483.9609621482,-51.68369118288339,-92.4180560721993,-72.27291657048873,-65.73312654644434
有大跌/震荡,12.59136731692523,-39.77109401767483,978808.3174450296,1458481.892671751,2124364.94053703,909839.9703434093,-34.12424417973672,-83.27251882006148,-63.25770364893148,-63.276074797107015
有大跌/震荡,12.820669230414916,-61.68698133448749,681062.9900944185,334265.4139838733,1407589.4484401804,1366138.670643681,-61.11105020201195,-97.59921120036371,-81.94220164056597,-61.11105020201193
有大跌/震荡,-0.6295600375422539,-68.15822370922851,380679.6993450858,72970.69074583003,93660.37584503065,216339.2755444082,-51.97306449185297,-92.1262188773393,-85.55460080215627,-68.32147637351376
有大跌/震荡,20.723033167444772,-49.692752350768274,1039318.2426285195,2176314.3641804634,898197.8425653705,2056133.7640049635,-49.194516714863525,-92.37067122297844,-84.4743376348907,-50.247719301315705
有大跌/震荡,2.062750976701433,-45.612210866308054,526285.4881516895,280204.555284122,575270.8682639519,547379.7124439463,-38.80087264022312,-81.21570256434094,-61.396288767595884,-54.26855296569126
有大跌/震荡,14.097447492929893,-46.3535471194392,856285.2797608535,775674.9865261884,720174.7808731016,586363.6907428186,-42.947153978170974,-86.1586137287689,-68.9039591768844,-63.82213620596345
有大跌/震荡,11.833153239471784,-50.6547191222815,990593.2097511669,1386628.3578535137,2909162.45947066,1268079.9745179089,-46.990190742197434,-91.71223088003954,-68.68977232408157,-55.89761109426195
有大跌/震荡,12.262219318998246,-48.476878454407746,1008556.6497597018,1199824.9557439196,1092026.216289346,726796.6908353313,-36.58551510388962,-83.90387744422311,-78.28036299917247,-57.41058359282347
有大跌/震荡,10.8320589364435,-62.33744230502736,552601.6901928554,212560.81603795377,727014.4742752038,882203.7456078633,-60.92593327289687,-98.12409903647472,-84.26635455078262,-80.25831399271455
有大跌/震荡,3.3468069725798744,-73.78562838186258,451368.41521928145,256226.67962151003,299219.53791858593,354266.3653442156,-46.3559746557454,-94.90726852222285,-69.24945432496375,-64.75001138916969
有大跌/震荡,3.9792347786145266,-66.50146314808876,407175.41325454804,37365.81479900352,61093.10114993758,405169.13799565507,-66.06961060103713,-99.19515196292924,-96.18313290519664,-66.06961060103704
有大跌/震荡,18.080816387949007,-35.80049958547421,1258909.0687866597,2687878.4598283847,1560796.723717225,2134019.1778673152,-34.40184588656785,-82.85478516587158,-77.57568083320197,-60.24624490244954
有大跌/震荡,13.572129720834392,-50.9994268938818,1132222.6492790887,1122777.9860610964,3595603.9031166076,1252828.0455173324,-50.966416362833236,-91.6668919204731,-68.59356030740975,-68.59356030740975
有大跌/震荡,14.486333801414709,-45.077816270284245,792557.9786683447,333858.7547280404,355658.9292971295,1855485.1643929859,-43.434033516957726,-94.16418236822416,-91.36807442906102,-64.84558419695254
有大跌/震荡,-3.15082274963272,-63.40849980890431,193305.1025340089,9618.824084160362,68710.65190683489,115132.8129377005,-51.56433151038029,-97.6385261520876,-80.90833910712983,-68.00966718771326
有大跌/震荡,21.194406871424064,-36.09022132137631,1266837.893254913,3357424.692002538,1585351.8606175813,1500139.4971541255,-36.019362468646754,-80.76231194425823,-76.32492830479481,-53.43087125154254
有大跌/震荡,7.298435842904727,-54.41936573539144,539912.6343970168,207632.9440283594,189192.26246876418,465948.3704462646,-52.349095471921245,-93.40763799404361,-78.65269221495338,-63.862252287883734
有大跌/震荡,8.458817415534492,-38.59604644419476,755783.579564005,728017.3037052293,227787.1510375491,513800.67051087157,-31.100772770712226,-71.74286447102767,-70.9796271837547,-52.73794240102843
有大跌/震荡,7.44241240723178,-36.77544011883036,653814.960238873,307044.426888824,135594.38616785346,551194.3145503835,-32.117888372092594,-84.893455601195,-90.4790700551899,-68.88217765297081
有大跌/震荡,3.352802415568079,-71.56376521407675,319920.20864494046,19877.32473811045,72703.35275268569,209878.407779194,-64.37299220967499,-99.40523313065319,-93.91323871680724,-83.54716704101038
强劲平稳,30.647286599244914,-27.537839923170505,2450982.2797724605,27519323.86849381,14310833.78192374,2991064.805073964,-26.731673818799774,-66.86010453538475,-72.49432478549775,-72.49432478549775
强劲平稳,24.76575494035331,-34.65869875202955,2178361.111798056,17633040.59719681,11238844.744287992,5332647.3848758945,-32.1412655838337,-76.86320270311816,-57.83489590752391,-57.83489590752391
有大跌/震荡,14.305581003422674,-52.356604955992005,1401334.2847711279,4216549.318975532,4408161.17317406,987465.2720566844,-36.1366469557409,-83.3963338128338,-63.82801354642429,-58.13161280102237
有大跌/震荡,10.495465121395874,-36.46496815286625,754270.9233984944,411831.1578972203,537593.0473481679,346566.2500512956,-35.69590274478263,-90.73879127264453,-75.39054726804953,-73.46115350764073
强劲平稳,26.5302237759808,-23.15519129335508,1813575.7990907046,14312759.756461574,4296199.536270374,1986918.0623127478,-22.768304800555907,-57.716985519682986,-62.112022736363095,-62.112022736363095
有大跌/震荡,10.028265496142375,-50.012273948101424,598948.1222815354,227607.84104757366,556933.4467323653,667899.939034229,-45.99221287668706,-92.22273809373658,-69.24263413280889,-66.43768644225352
有大跌/震荡,15.015278243925811,-39.241485803619405,849432.9672848764,498396.56927633454,449403.5210416243,1688209.5569414399,-39.164849490350974,-88.19629340618977,-84.61140171446489,-42.51813832949934
有大跌/震荡,10.68831066817053,-37.86601589464866,895675.7362474228,1497746.9560654706,865992.0866056299,642593.6897891283,-32.79388043723963,-76.58391992305442,-58.56155404937826,-58.56155404937826
有大跌/震荡,20.45390182595441,-42.84258742517496,1139471.5174097484,889271.6026305085,701758.382517491,1017210.2222109695,-39.90655396494601,-86.2930134046914,-79.7114928533581,-69.73369670403142
有大跌/震荡,-5.700074740772987,-77.58530743128198,175973.6061708325,3390.113738687054,92458.71037944577,155471.34225277143,-77.14172039786837,-99.75169825104405,-90.57186843795414,-79.1270381727346
有大跌/震荡,5.246077562547979,-41.569743688257866,515038.6466706601,196635.6940985,214907.2420402721,302074.86801251204,-40.936616633057184,-87.30018219624142,-69.47924925851814,-57.09985543368408
有大跌/震荡,22.85806528237433,-40.061468546933355,2504763.2101575537,21862105.1032826,10958853.607941294,3695562.816712695,-33.238395936880515,-78.10577189335021,-65.45214723902531,-47.54967174889765
有大跌/震荡,8.91824605003353,-61.75617655967993,637247.5687948469,290094.53080844576,598276.4025246124,340602.98129793006,-61.575609294199815,-96.83077651774529,-90.5065939416796,-61.57560929419989
有大跌/震荡,-1.1718218141799186,-60.79954323907539,370353.5846372324,60250.30351465899,155208.84221837882,236507.91724006986,-47.460237484247514,-93.77072669170929,-85.03511476084921,-77.19644197417304
有大跌/震荡,9.311298203923712,-44.570900708845215,693704.0504182645,659327.2966253984,906085.8854324102,447734.7700358088,-41.44647690761474,-87.30149839236365,-64.7735348399936,-64.7911480725736
有大跌/震荡,22.07776749928407,-38.67235079171741,1874596.8418404644,9549984.565739919,11461323.036295053,4939977.712194433,-32.073015698986026,-75.32167380345497,-55.368714866588384,-51.167154234891086
有大跌/震荡,4.223618396127682,-67.71171438118003,417455.75629123347,78172.09766855562,309153.0196094712,523547.0525344397,-67.40755833845753,-98.54086242680586,-84.86330657540137,-67.40755833845755
强劲平稳,13.786471557670321,-34.876825501666,805439.144694698,1027071.3671577986,744846.6384582806,880500.1016666917,-27.7937527121875,-75.43309451302638,-62.85840538232868,-59.88480055309344
有大跌/震荡,-11.757148682188356,-76.75474771348661,182318.92746534248,6398.675456483985,41950.60208456767,141417.515074948,-67.28198443020904,-99.41684433823147,-96.41639489789546,-89.15433197607624
有大跌/震荡,11.79402737323314,-62.66072145506587,529106.3076115336,183213.85446767986,737401.7244478045,569374.3266417701,-57.886450591528906,-98.10781456298483,-82.17418122510894,-77.01119713973931
强劲平稳,15.457452364481838,-26.886496709652775,1012132.8503195838,2315794.400262616,707389.0406763739,1356264.5214882195,-24.53218399526963,-64.64304786643247,-80.33527521630532,-58.594156179008486
有大跌/震荡,19.114543140442386,-47.92935444579782,983350.145246506,727534.1781549348,1135363.1818119888,1375057.5260360118,-47.92936683327804,-94.45300952689337,-85.6390442118643,-68.9805144413784
有大跌/震荡,5.914089535070177,-58.67378800594304,517173.1308459771,155076.32961787615,304274.76715321734,448544.8242106996,-51.6337096646685,-95.39825026593914,-82.20748874812304,-59.339545014938466
有大跌/震荡,-6.357975660966209,-73.35837158992939,278521.3116458226,24317.062836615336,185668.80684585086,176061.0232422215,-61.445373675052906,-98.16268639056803,-82.6632652662793,-76.55614728210405
有大跌/震荡,25.255852450772952,-36.30623329079173,2345790.3969339607,23772375.09392986,28434371.024534144,11635976.18958785,-36.1240088259705,-78.7356581946294,-69.65480265989963,-69.65480265989963
有大跌/震荡,-19.61042895170044,-90.92498495906732,66903.95406936177,159.42349094048612,46720.15876770808,75784.06509799686,-86.78546382117518,-99.98385508261475,-95.26881684370092,-92.32561913819231
有大跌/震荡,14.553410000000543,-42.15898606918888,975068.2307641053,1056806.6456669462,2181368.2585364217,4715755.181505561,-38.1341241182316,-85.87652377429205,-65.02587236022596,-62.1140521179246
有大跌/震荡,28.99963522939728,-35.800499585474235,2500531.593962086,29387563.367255274,9091992.713477226,2651912.6934782923,-33.810299498462314,-75.63929330983721,-63.368289903834985,-63.368289903834985
有大跌/震荡,5.803382918003752,-75.15860674028785,697553.8415880401,554481.1067301226,533511.441547308,394182.60629417055,-58.670384564626175,-95.91808866287133,-78.6443526811879,-78.6443526811879
强劲平稳,21.433661291851514,-19.033141459831025,1516335.8837103297,8697443.51722003,3587829.025395554,1443219.9715833175,-18.948712355604624,-53.94843645113887,-70.85044153823564,-68.35517749974393
有大跌/震荡,2.5816728446328874,-71.678398426122,599586.0576395553,425860.2655573198,237664.20302418884,387267.4668488898,-56.03710612976227,-95.98721608498167,-76.11207924974804,-68.23107749495499
有大跌/震荡,8.912958604635545,-48.88069868060232,475855.0331542988,112146.2755239725,155948.89335223532,373406.477734225,-37.86738927716753,-95.26323056798323,-91.48697641509817,-75.14737468538809
强劲平稳,29.04176736436157,-31.936506241086924,1975043.5330707862,19916795.40637519,13302020.159189723,12649732.101289952,-31.93652288831035,-79.9791776354617,-74.07441997266699,-61.62670741222137
有大跌/震荡,11.298062562746857,-49.04791666628072,1170741.9208842968,3829600.270517611,3274818.462178857,781493.0254385493,-29.976602033302836,-82.31046661844795,-58.13038005562417,-58.13038005562417
有大跌/震荡,14.736104096854863,-50.0898140417422,1329055.4401399333,3324731.057933929,2694219.796253121,926227.0669799756,-40.68573046136188,-88.29851930177047,-71.96145756022696,-71.96145756022696
有大跌/震荡,7.794809749782283,-53.076112232096676,480563.6106164302,131060.26274161665,673356.8676136526,639082.6422374257,-52.93389105283728,-94.87706458207076,-67.40441525647523,-68.2501417375653
有大跌/震荡,12.421352073668901,-49.75688421440082,659067.3321158303,335752.96807330014,366755.4628287974,895473.2104900604,-45.00254048434657,-92.45454108228235,-73.77664740026107,-73.77664740026107
有大跌/震荡,5.651922005103138,-56.64646699184659,543762.8995966911,143013.87195312834,189101.26854470916,229288.16469740713,-44.11814927113813,-91.86889229521347,-77.84131345524227,-67.24746371043462
有大跌/震荡,17.507411025614594,-47.92935444579778,1263288.4870326929,2279202.6062299088,4134669.4628980113,1365089.0895824644,-44.252856452199055,-90.5477036325344,-69.32705909469362,-69.32705909469362
有大跌/震荡,2.357222294300376,-67.52622050524795,395666.5027487894,87114.03525214018,191869.2797701796,278390.44225296465,-58.22000897725362,-95.42481419596662,-77.03705506019638,-71.36308933448296
有大跌/震荡,9.503896523572042,-50.36562890399189,1088659.9546566883,2248613.442559272,1849379.8352055503,944737.9580681608,-31.381174726866455,-76.63799935990676,-73.74185454284043,-73.74185454284043
有大跌/震荡,11.124855119640387,-49.01054733351739,665183.3293142326,438125.7650610924,315380.5216590058,459888.587366971,-32.55166717297515,-84.50473159969746,-73.7293306306549,-56.76888990048864
有大跌/震荡,4.110987625211537,-76.35861032532159,276099.71766895085,8769.997293913295,88479.01298343486,191117.08792298357,-76.14393144011068,-99.8252080129798,-96.5679231732315,-92.47132205644925
有大跌/震荡,15.867333648298953,-37.36590495969018,1246168.3750275606,1888084.917793453,772455.6913021213,1129638.4041706459,-37.054048762035876,-85.43350853483412,-79.8233167341533,-62.78671366876397
有大跌/震荡,13.601685030976585,-61.93343537709923,618180.3358128426,96700.66298066248,315624.31937688286,310466.0029731199,-61.933428907575646,-96.80451026897505,-85.4878298246879,-79.89100112341039
有大跌/震荡,13.642154821748932,-43.289674677449774,1233002.1934276535,2766134.9322611275,1954010.0517221678,1902157.9750017826,-28.02143840855267,-73.92256003063251,-63.328111095816,-55.76805779158271
强劲平稳,26.9640317302525,-25.099020096295042,1666235.8828948734,9443394.902178286,1979211.7511109384,1757694.3735725828,-23.707830530326245,-66.21839398864853,-62.214292986512184,-57.133741242315075
有大跌/震荡,4.5005574706103335,-55.99846963544701,685528.5754775673,419323.78690424864,252171.2397977862,241446.2199838739,-46.026715253620544,-88.86884252190328,-86.34712542781139,-75.91244463448389
有大跌/震荡,10.44029819811727,-47.75404263323214,1208185.4357243727,1816994.4649091654,473810.51480963913,1152417.0661783635,-36.464922434326276,-80.5651602238921,-79.76105841629466,-63.00504774778042
有大跌/震荡,14.4976588213384,-45.82236637616587,939667.5007768581,1170186.4196839845,2252860.858248989,1974067.5284290616,-45.71820701499425,-89.85040557288535,-71.72499866032042,-57.29180886433149
有大跌/震荡,10.903729437686781,-46.93975027472038,883604.3839515882,1120364.0891833527,1291202.77045828,749287.2425810469,-37.670768295344246,-85.10702848034187,-66.00571573335303,-58.72400465298553
有大跌/震荡,1.4090180797449836,-73.46163156767038,453756.99261898495,274906.1893876054,537184.4457999525,351703.8724460187,-56.931845168743436,-96.38893710264436,-81.68681536394459,-81.68681536394459
有大跌/震荡,8.495784488208692,-51.841032204268345,711313.2943506839,567581.639882732,650020.4804563748,557522.8784683333,-38.89468999298281,-85.78129809299361,-73.47487397862102,-73.47487397862102
有大跌/震荡,10.606522775195426,-37.91204567372238,829154.3980071859,632181.8152076263,486883.33310651506,797941.072781494,-32.58956325808982,-76.87599218241029,-67.70488921673243,-60.29888307048805
有大跌/震荡,21.945022473652863,-46.0421701603692,1420493.436839578,3845251.1779943598,963541.9841995005,1020301.2972180436,-38.39088066879795,-89.08709990940568,-87.27463800741482,-73.648076313797
有大跌/震荡,-7.504518329804444,-79.41811298168994,260946.85695262556,61063.271854728264,136135.00608921738,142895.39047626767,-53.872565872724486,-94.88423358794505,-75.49660757645353,-75.49660757645353
有大跌/震荡,20.198541451473616,-51.02615357586908,1054699.702079549,1280990.0047306262,2721718.889567417,2196203.3983675432,-50.938153000009436,-91.20590068136309,-66.54719831181262,-66.54719831181262
有大跌/震荡,10.769897427043972,-35.07686293021164,741900.6445255604,373252.92168369604,348511.7568078474,1145508.6266616639,-33.8446349452894,-81.41286409578028,-76.60456070126168,-63.49598099231986
有大跌/震荡,9.871712293899648,-46.51504266917611,499741.7519249079,113775.40264769981,99929.81442052877,471412.7677830956,-43.504813863292256,-95.5672355423545,-92.7078098186209,-72.50683710903407
有大跌/震荡,11.03869733935554,-54.41100139710537,761720.6863980355,1121969.4961923624,1164597.8584348722,491103.9123404214,-46.90884360220448,-92.0539606084661,-67.3953514595556,-67.3953514595556
有大跌/震荡,-2.3821411725912234,-60.509633003757244,346466.16918876854,43993.29438908207,140191.80806154935,239594.3250985142,-60.132001824115456,-97.56677095055964,-85.63002121425023,-61.00450608797724
强劲平稳,13.145271428768046,-32.03754869350585,911458.4918119737,1736293.8912127651,921523.337878478,504195.98291441955,-21.41606364987515,-72.31942202558861,-68.88401182585014,-68.88401182585014
有大跌/震荡,5.1648577649729965,-40.63969741914204,576987.159027047,181729.504842651,125068.82165067752,487350.2806945285,-38.98782431125356,-82.45627205916273,-86.7374526575286,-64.63274135397117
强劲平稳,18.356679433424095,-33.59862288260086,1237031.9927601214,2808808.184845629,1952998.8188990818,1604212.7623712749,-31.73516940860791,-80.76416968283469,-73.47335453142269,-62.12768249024525
强劲平稳,27.154776662421433,-28.851143346352604,2036377.8121956342,14067977.160634011,9030378.452001264,3476806.941222458,-28.85114770202133,-70.1196261934593,-63.38709009899185,-63.38709009899185
强劲平稳,17.860712668896774,-31.90232488276086,1116994.5007243457,1591143.3135744603,934069.6005071248,1144604.3616836076,-30.92806202428424,-77.9943627855754,-68.55180214051467,-68.55180214051467
有大跌/震荡,23.600834172566067,-41.56481403266681,1378205.4326307874,5431195.694972915,8131742.358321511,4862841.538714489,-41.52545334146445,-84.88334351199138,-58.92322199427902,-54.949119623681206
有大跌/震荡,6.928494512431849,-47.12252101508272,651746.4154871376,357134.25824213907,500643.99001751794,399424.3621463023,-41.14853677814298,-88.54316472681126,-69.04559117465685,-65.40467045462233
有大跌/震荡,8.302665866367253,-56.422599442899646,524870.744584598,187537.98823372973,898718.7406674227,836286.8713701549,-44.21343074436831,-94.24977697227821,-70.83166157164489,-70.83166157164489
有大跌/震荡,9.583982405327141,-48.46820287241774,780827.4421022019,587642.4798880833,244286.3888300493,393582.4403771099,-26.93517799162034,-67.79956668294854,-72.77167589891897,-63.22156237700038
有大跌/震荡,15.302685903639436,-35.50181245741557,947539.7153129337,1889647.0863957896,891367.5327566573,1590864.3726731031,-26.386955137250958,-74.50748925942233,-71.56801760397715,-53.38388979454073
有大跌/震荡,6.966646837654289,-49.4559087897902,666774.3366608769,507071.5610735146,222627.5353506804,309576.62130705675,-34.98819652871384,-85.22488219618519,-62.5275322226577,-60.29884196230895
有大跌/震荡,19.04322697942815,-44.5564997433193,1067777.791406661,2114062.0340332873,1420650.8072720305,1358987.7642394837,-44.556512229231835,-87.95421990623686,-66.3361698310684,-49.08213465496261
有大跌/震荡,18.48716768376608,-46.72439138246345,1307794.185103901,1704052.1403327817,997022.4965432042,1430447.7805424833,-46.59478032240658,-89.61795057209206,-78.90465279050231,-58.95321148273784
有大跌/震荡,1.4577743020902867,-59.9431058352651,384267.00429479644,25412.11809173222,99336.38298876972,121949.8590347759,-59.78814504181129,-98.12951064321209,-89.40969799739065,-84.6258670577105
有大跌/震荡,2.7433819379991897,-67.48521921036117,551570.9622694029,236789.074820814,399377.03805831727,232523.2544959762,-55.52539585358212,-95.08388566331705,-71.31591161012483,-70.44809673326947
有大跌/震荡,15.552283525388466,-62.62711811687017,664320.2785301807,298977.5055617708,770920.486174461,847483.6526757993,-62.40575536722079,-97.40381512276555,-80.71609404635365,-65.37060471722715
有大跌/震荡,28.89178576869218,-38.40333633725158,1762270.1141484168,10715167.07668751,8942124.07911413,11008172.731353164,-38.403338579712894,-80.52031402454844,-69.40616836136739,-57.226308690802554
有大跌/震荡,14.275692375664416,-68.80156567374668,601144.2033842806,219761.70461162107,1002483.5321570841,1500792.458473148,-68.78053247848366,-98.56373854410275,-79.70732272311574,-68.78053247848368
有大跌/震荡,1.8521438803006829,-71.54493461007215,280628.6507881981,27947.018865327034,289029.0970699512,271425.53976360476,-63.12248940361245,-98.42283907755825,-88.65076624239535,-84.71302674368746
强劲平稳,20.649778668437246,-28.55936952315349,1398285.5927593517,6821709.228726822,2834364.060511511,3253572.7756009325,-24.04094762772948,-67.68512929677964,-68.7948318247692,-63.1328332666353
有大跌/震荡,6.165860990475025,-39.57138185962411,518931.58389412524,167679.73725723868,160932.95264652473,184344.78883675367,-38.10842767924978,-88.54007818775015,-72.1265156661698,-63.55532597850739
强劲平稳,31.259750221105943,-31.13400622740935,2161373.599320459,19949972.42036065,12004152.53657669,8895044.393964702,-24.056547686123885,-71.35442374292309,-55.96725218162578,-55.96725218162578
温和平稳上行,11.74910203063828,-29.281053705044524,815057.2577347964,1032933.1263037295,491605.3665637383,616417.1758273939,-29.193634826457348,-73.0879880370776,-62.13463830746369,-48.93244892810742
有大跌/震荡,0.4182632154649424,-52.75466001530067,344085.00761786825,19026.688007431134,27390.95865433106,248637.00924991223,-51.69481518820389,-97.59480477087138,-95.38184392210887,-63.11015304469966
有大跌/震荡,10.399017961769141,-44.362281640746815,1101596.883737238,1946406.553086422,959148.0652745317,855515.8409894375,-28.152073239976094,-70.32177809023182,-63.38253563568767,-57.29574566871223
有大跌/震荡,5.460318199725989,-43.746341135785094,591006.1412271291,212022.66114453247,282446.8153212221,461074.15644204145,-43.146706808663104,-88.86471142299706,-75.07014438990815,-73.48426379307983
有大跌/震荡,2.4499212159589057,-68.04690538273425,374111.53669077915,26274.530834401976,424913.35141538514,294579.8646721975,-67.48982557218935,-99.3216335859048,-78.84332339378062,-78.99845847308133
有大跌/震荡,8.821543210553973,-40.87199224296734,764967.9174702442,964537.9269835888,384621.52529934025,1063552.610082908,-23.54194516216713,-65.1093034298496,-74.60187111808926,-50.81238000994897
有大跌/震荡,-3.621992237281313,-58.35073240862576,367408.98848136043,46423.875685357,219127.730833544,202638.6590667174,-55.491680107586006,-95.025341823915,-75.6130290609625,-63.30444263431614
有大跌/震荡,5.235862287318405,-65.6226309468438,558172.9464552023,278161.28474696237,312980.3734472114,287102.28521198296,-49.75328518220299,-90.10101285615639,-75.52755991239928,-62.921932632834
有大跌/震荡,4.886251013027576,-53.4189570745625,617879.6316517262,384226.72727995005,252436.38360821898,637180.7842444419,-34.73722454800786,-87.77914832497234,-70.7705216138344,-57.616004712440684
有大跌/震荡,17.10536218240728,-35.53350723465949,1155829.4968513579,2613519.1760751903,2032057.8210479785,2566440.24817986,-35.437386219440015,-78.1557094716413,-64.06904220365949,-47.77088501414987
有大跌/震荡,8.23557242004136,-60.922727836044096,497478.12784854096,99685.74961338018,209635.87663941397,330562.1999599268,-53.74562588119972,-97.44531595444693,-84.66143175280706,-78.85959532243962
有大跌/震荡,-1.2174195006587007,-64.97531617523157,239432.2336178912,16809.260570159604,152907.19846480474,210306.481232136,-64.57323305000196,-98.84525953327632,-79.81486288121268,-70.82551524947294
有大跌/震荡,6.425734561287388,-71.27984248914187,497650.1938507415,75968.70876127132,812620.0184308157,1088664.9947495332,-71.12557014871817,-99.40257720500605,-89.05352912164709,-71.1255701487181
有大跌/震荡,-0.21203571988883674,-72.53105916291585,267173.3216750474,7244.079474909499,143147.74205569926,322028.5394648466,-72.53105985001802,-99.49618982665507,-88.00739002661267,-72.88896018394148
有大跌/震荡,17.009960215489063,-48.350233497343964,1044457.5801348705,1014381.8042490791,569892.7412846549,563754.2600223025,-36.775664832272035,-84.94775797486268,-72.54314701681035,-72.55687544330193
强劲平稳,15.948129501808928,-31.740976645435246,1181004.3761425929,3656077.038302632,2073015.8540577537,1314161.024113947,-31.740978194663473,-71.28845716084453,-60.964482385069665,-38.06572860633429
有大跌/震荡,24.599283874678424,-36.686187206058094,1822074.107397927,11336469.941411063,7620765.991948091,3063476.8943163096,-33.228409735586254,-78.226547753266,-74.57668898899674,-74.57668898899674
有大跌/震荡,0.7571607361362531,-59.001335563857474,323183.0349807063,31993.273290264584,150185.2057655694,393149.2646904823,-58.465442377705536,-97.80809528250005,-87.57283798365896,-65.94151686220577
有大跌/震荡,1.6973561151829353,-75.03903608627644,345888.26587898226,39170.98323308924,684970.1517721212,1114163.524243149,-74.84227729862835,-99.56512377282849,-86.70073132113791,-78.36758284611052
有大跌/震荡,19.445418931453794,-66.5973863439047,1597556.597229925,9281090.557675349,14542001.763289293,5200327.886644741,-51.738125994794416,-96.08626996439074,-72.09726496754242,-72.09726496754242
有大跌/震荡,19.280664317590347,-54.512155658812574,774563.891155479,829286.5781421022,1141517.9776522305,1325754.3509790606,-53.91765130610453,-95.19363957823754,-77.30760737160264,-73.08620094569353
有大跌/震荡,9.717330180838047,-49.77649238934107,740572.8749265907,564121.0204256243,763087.3913731689,1966084.7579591707,-49.360909527929195,-93.67953641040585,-87.27705198001824,-49.386229073165175
有大跌/震荡,19.948773479731273,-35.80049958547422,1431340.0075802,4529992.426367906,2875883.7482292927,2347178.0286788475,-28.3609011029751,-70.77766619324694,-68.82375386025488,-68.82375386025488
有大跌/震荡,7.430435214228237,-48.58805136682642,641885.1850205979,430143.8256296474,587517.3029009788,1083413.4207600704,-42.242518994080136,-92.62030032397773,-77.86500143671815,-68.43784290638916
有大跌/震荡,18.966192042933617,-49.75328680719677,1122862.751093667,2045409.5872184988,1330488.4739653722,2439288.633035436,-48.35331789898593,-89.8251898191378,-62.6853058669833,-62.6853058669833
强劲平稳,12.15696733429057,-30.943442521527064,1044599.3976624026,1867915.9026766117,934258.5079285672,749245.9493297918,-28.667465425248928,-70.06748670214343,-63.11955376201806,-59.75300183470746
强劲平稳,18.683785042860258,-28.049934708092174,1269191.8142909,4342187.930350515,2597140.7155741467,2696049.00749606,-27.3000118597973,-72.29865986192121,-72.04258113953207,-47.199573409952635
有大跌/震荡,5.499332841922833,-51.5322978612733,435386.9722033385,62140.211010709536,299813.44079512096,266288.72677312104,-51.53227201857624,-95.48406901777103,-75.42240425047973,-75.42240425047973
有大跌/震荡,7.033405391174141,-41.410171753873335,580708.240882955,170883.29219997776,147588.58005362027,247344.33308770394,-41.17143689435553,-86.0670295299886,-82.73816714778344,-75.13242461121114
有大跌/震荡,13.241851986282427,-50.40353010840812,575792.4315291144,315474.56163370376,562597.1883986917,1025157.6929170702,-49.30003573097829,-95.40229123667037,-85.76438439571528,-73.82717520823196
有大跌/震荡,23.380075753484576,-35.80049958547422,1712660.22634528,5672181.521263722,4318033.687261035,3075529.5643544975,-31.973551489503173,-74.57381187990899,-66.19736429738062,-66.19736429738062
有大跌/震荡,26.58596639183999,-41.09014501206043,1721401.171001375,6009129.724918677,3928462.2570287483,4614129.730370355,-40.02986816112808,-89.50171748014337,-85.94511210039738,-58.71188288206965
有大跌/震荡,15.889018307303381,-40.33056024962517,938641.7732171705,1271517.8197018348,826193.74561425,914653.1820276632,-39.64908559803225,-87.1769372158742,-73.86642593538083,-60.53990115878993
有大跌/震荡,14.681649197350733,-40.21331343900583,1046411.0306290826,1603902.2708362523,805607.5272302143,1088804.8222027076,-27.993752245604085,-77.78861721481542,-66.60777488958958,-53.29549552326227
有大跌/震荡,6.99916696065519,-49.52388991058275,469349.85806250724,103818.5544246596,198315.97753883348,286697.4288420877,-49.386341019220346,-92.58643026477864,-77.37916547642263,-62.427392281587714
有大跌/震荡,15.31199885176151,-44.77962594445521,907088.6305073039,981327.0725123542,1473326.5438781118,1022121.6073503431,-42.74794714454878,-93.04645524310764,-86.38241155902602,-84.93427753486138
有大跌/震荡,13.345254058177147,-42.851959679212804,745468.8037188287,362992.70173840167,136883.4512032387,497030.8109345713,-42.851942334365646,-86.63668863326336,-80.07262989441531,-61.067412777570325
有大跌/震荡,-1.0423843396256238,-67.81403195620689,345505.36262092064,51210.284285306916,280080.3290123097,385517.43415005546,-66.05189655112474,-98.06139182624307,-82.31821787990866,-67.99877351348059
有大跌/震荡,0.22499051775104473,-71.74573573882803,283103.7132132387,14842.297898287836,167874.2041980611,408215.948462736,-71.4620257089832,-99.3014914275706,-91.60888738487637,-76.4823178988519
有大跌/震荡,19.405997741319013,-43.85879288962329,1230726.9361832917,2646732.209611305,3902633.315155369,2000821.8574692968,-38.315088941102914,-85.64067260595681,-64.46298922313456,-64.46298922313456
强劲平稳,19.944309404992655,-34.71475885930286,1131367.5450080116,1905402.8329631593,1156150.3186778512,1031550.6383768001,-30.98359766559713,-76.0315400249895,-73.5220512958661,-73.5220512958661
有大跌/震荡,5.970334825531798,-72.85965206031929,1178674.009242372,4549502.35719267,3724330.4623063514,822139.4698022832,-45.395086212933776,-88.20136380107006,-55.98761264230352,-55.98761264230352
强劲平稳,35.46881969499209,-23.318044407684457,4196472.45263772,152965614.86181766,87193594.09203137,23927908.490716748,-22.39757552650563,-57.45941922234903,-59.10347927464803,-59.10347927464803
有大跌/震荡,-0.2091259459644057,-61.39852824692059,411064.3203652357,132963.87095523486,288722.8214977703,578872.8721958331,-48.07852514450875,-93.30884814177625,-73.04411444140763,-52.676007700046036
有大跌/震荡,12.106150155724627,-59.229008798427785,1095641.533166508,2047333.8919444147,559395.4487964478,973368.3763326642,-40.68793716246493,-92.9913812970511,-67.70579581546545,-67.70579581546545
有大跌/震荡,18.192397563718423,-49.634973068956064,1710270.7677555932,5235025.341755772,2983803.0455247327,8348953.796572121,-29.598746087454774,-79.1361851941491,-71.6928871855651,-59.473999991633654
有大跌/震荡,8.643326859853095,-51.947227998379354,749455.7403447896,659486.5803528964,188321.17029743202,378778.4655872559,-37.69756966268295,-91.94409546461301,-63.56807424852744,-63.391661589583
有大跌/震荡,18.325919650164725,-45.72155601956847,1829918.5426734718,14861655.673975565,12882802.249518406,2342522.3327870904,-25.513240860668816,-72.2460809396277,-41.34818047585641,-41.34818047585641
有大跌/震荡,16.130205991340873,-53.16292501021853,970315.1453798794,634939.5232984412,1112142.8026308652,1821468.5863184412,-53.162909720412266,-94.82306067180981,-86.52649322008423,-67.44547677733227
有大跌/震荡,-4.931398740426074,-83.22943800128378,334790.5557109529,118104.73119123041,682852.8978832411,190776.05615907666,-59.34394827568581,-96.13944854835353,-68.7614539514609,-68.67403918955377
有大跌/震荡,14.183526627500044,-46.80112475762013,812701.019677244,514818.0558418344,773708.5264772307,1122675.1776471608,-45.95580316611142,-91.14853783786991,-80.0226069465349,-72.92252987260481
有大跌/震荡,23.33841011617701,-60.55032673475967,2207648.8088288717,15807028.60183611,14757202.744464736,12402700.557809904,-54.06664272459485,-96.0797796244805,-84.67160153861401,-84.67160153861401
有大跌/震荡,11.129064484830199,-46.16449788552589,771288.4543517216,756659.5826795518,779576.6080834623,397537.3517537322,-32.780482603852214,-86.62474080915136,-73.67722913951958,-72.07520584014355
有大跌/震荡,0.7630654663606462,-60.29759433689643,337666.3587011463,41992.02318508394,164294.0023108614,274307.343365713,-49.34625043055389,-97.61049769767627,-90.23978707734308,-77.182967318424
强劲平稳,33.228648981219756,-33.96675300077076,2931447.319192527,49410574.13929205,45167666.57838859,13536940.152434623,-33.87395278263736,-79.61845071190487,-68.81050527677691,-48.39933646533363
强劲平稳,23.64842667406377,-30.675022950672847,1659956.5420589424,7845358.081099414,4614315.946201173,5368224.417082078,-25.19169422266575,-61.392627799691255,-61.19758770897741,-61.19758770897741
有大跌/震荡,22.370134790538533,-47.7996342580548,1793724.2097845154,10429229.260902887,10691620.36638792,3480374.1062340965,-35.315943279067206,-82.52176746064801,-60.91551988058255,-60.91551988058255
有大跌/震荡,9.789642393841213,-49.59790640290856,686101.8373462753,407503.82447502896,645393.2025974649,568975.8016574733,-49.34904530183757,-90.2925006443002,-73.29532474854183,-65.549596199371
有大跌/震荡,8.532886999820777,-56.16547086441377,599233.7454574769,308823.1713992067,693028.4122771354,998133.7238396875,-50.35861846235738,-95.71607119139856,-82.17816212191866,-69.36658234457158
有大跌/震荡,12.482627844025075,-61.33147373305559,729097.7414910839,402005.03707443515,1264810.9825856497,1631854.0520409462,-60.755331747461526,-97.96506699828697,-84.55602433494349,-76.98929273379558
有大跌/震荡,13.160732646610928,-56.317713810061164,821387.9744244064,469757.5092736441,712004.7178276762,359776.2711528472,-51.11581858011569,-94.00421386911376,-80.14213300610578,-80.14213300610578
有大跌/震荡,8.722433446951893,-53.796806097407426,751398.960252923,454654.8637830588,1366960.38126172,866146.2973867081,-52.13243093327888,-95.55214244891029,-81.01620343909632,-65.89226363419381
强劲平稳,21.826370801204042,-33.47336544269024,1736389.2375174162,7661011.291417019,3373348.351563376,1572369.1815342123,-30.25857196452788,-72.81088798228654,-67.64344990603229,-67.64344990603229
强劲平稳,20.547216959757407,-33.83181145789236,2123056.10094053,18500382.53916343,11425215.68382066,6485661.680486862,-23.375570650013778,-63.83987676598315,-62.102247983708516,-52.60917429517136
强劲平稳,23.077441838444624,-32.1375862196185,1180449.1581558306,4747859.42147604,2613966.587127467,3689467.0891001797,-32.13762645674305,-72.57090858061079,-63.68125267038614,-58.76418052139192
有大跌/震荡,13.9222614816928,-48.06500309734213,1340382.3490153374,2284331.4717813544,4409954.683910978,3053687.613044171,-47.94309921525738,-92.34788266996432,-81.18285073431797,-64.10472000355536
有大跌/震荡,-1.7638614037951417,-53.43377781043315,290147.4617673791,29958.857708390573,133035.96003597978,166909.30828033027,-52.61644019311022,-96.31610625003073,-75.6957505124247,-69.50745145036987
有大跌/震荡,7.917995677073764,-65.7632209517547,692734.8552796799,1108332.9583160812,2689968.7509552618,533231.9450139222,-39.65810888522589,-93.53237323195572,-46.667503114755995,-46.667503114755995
有大跌/震荡,-11.864334994385239,-81.95559303507054,121557.5950535408,3078.7998656952254,17906.391779658647,62561.12587922726,-59.744201255673936,-98.97511439593372,-94.22760168992224,-81.58478412350088
有大跌/震荡,9.379248716317878,-41.96157904325559,674870.1242098237,545216.1711303183,999566.9003990038,1523850.2939104026,-41.12177889939888,-84.8611637887517,-67.36363845190178,-59.44276723442962
有大跌/震荡,6.233222672887262,-53.52677168472824,460171.43316958554,168587.4490729585,529729.5769680659,659221.5403526275,-51.72751033595624,-95.55006583079705,-71.46508131634302,-60.12601323999829
有大跌/震荡,10.065385938355643,-51.27738384607562,707202.8724280947,352645.3748031946,271588.3056427326,726152.7217690962,-49.753285182203,-90.26982339664636,-73.1526678977215,-70.64432076981669
有大跌/震荡,12.77278932668131,-57.326615971889325,793388.5487063377,422541.47841942316,787762.1115610971,542379.4548767346,-57.023482243545274,-94.86306020712657,-73.34226338314278,-73.34226338314278
有大跌/震荡,8.822659346340455,-43.04546652298142,634458.4500349959,351003.4454511459,1274533.3804399236,434192.2970358197,-42.736203055055675,-85.5002620292924,-62.250200853087215,-62.250200853087215
强劲平稳,22.269948883538415,-27.54931816829741,1247163.375532723,3997398.483029201,1403325.591242601,1217353.8712079294,-23.391805544279688,-66.02683470285436,-55.1928234309729,-52.45560151765798
有大跌/震荡,4.2813483784367,-56.86137114813769,340006.6087675985,25094.917581030015,75694.46244120003,450150.25351285,-56.14995801991638,-98.33860668381178,-94.23073070919887,-70.65929538065873
有大跌/震荡,10.297150980514068,-38.31509832945482,587983.5413342951,327165.0604274832,406653.61691849696,802494.6946579635,-36.06121127765453,-80.04650628514139,-69.96466273671058,-60.186084006964904
有大跌/震荡,24.779467716355043,-47.79680778251046,1609251.6191082625,4356915.652113528,4703458.991266232,4531200.017764158,-47.76159233334455,-90.65267589926775,-70.0814943154807,-59.67923175432384
强劲平稳,19.656190859121804,-27.667483533019343,1331556.9257923812,3519652.927489483,1875794.0199094363,899140.1419409914,-19.802835623410576,-62.06156486709145,-58.22467986919293,-58.22467986919293
有大跌/震荡,19.156806576311713,-44.436407013737465,1856953.7085204164,8885275.59992323,8741052.440089766,3474648.509202914,-31.599180823883756,-80.94443756224432,-77.92533939149439,-60.55213238947794
有大跌/震荡,7.020729840099427,-48.002669465010385,707822.1149790623,663038.9290662732,506196.82410868246,715813.9369350532,-29.527769163133332,-72.06757119749422,-69.91645597532334,-69.91645597532334
有大跌/震荡,10.480320641628737,-48.16479634702595,834184.9382775415,476583.71236076823,261104.1624905168,514547.67964058206,-42.10135815824202,-88.33785482565631,-80.56332135566923,-68.30222242794146
有大跌/震荡,11.673230439377559,-62.04718244566878,640787.1499975615,209335.63149634123,417923.914343004,1666929.5359892072,-59.62307753360234,-97.68726291175717,-89.55178433139012,-76.11286935216704
有大跌/震荡,4.897660857453667,-57.990060299288174,422850.1779018262,133349.22682759128,292215.11007698084,785416.0565956557,-57.649345749946576,-96.03806865785376,-83.88673074752245,-58.3059293208962
有大跌/震荡,11.139690375008836,-51.525081385571525,926300.678857427,1247132.166714326,3066854.4667001334,1209175.3689707434,-48.189498842082415,-91.75779449439756,-79.27059649903,-79.28096120078048
有大跌/震荡,13.195866795006106,-48.087215727980706,579569.1099572817,239601.6909097434,439712.6297748301,461313.75368510635,-48.087208040799354,-88.82790260237053,-74.09556113725358,-63.783127763895195
